path	line	kind	name
cli/node/src/agent-detect.ts	14	const	AGENT_CALLER_ENV
cli/node/src/agent-detect.ts	25	function	detectAgentCaller
cli/node/src/backend/base.ts	8	interface	AddOptions
cli/node/src/backend/base.ts	20	interface	SearchOptions
cli/node/src/backend/base.ts	33	interface	ListOptions
cli/node/src/backend/base.ts	45	interface	DeleteOptions
cli/node/src/backend/base.ts	53	interface	EntityIds
cli/node/src/backend/base.ts	60	interface	Backend
cli/node/src/backend/base.ts	102	class	AuthError
cli/node/src/backend/base.ts	111	class	NotFoundError
cli/node/src/backend/base.ts	118	class	APIError
cli/node/src/backend/base.ts	125	function	getBackend
cli/node/src/backend/platform.ts	10	type	AddOptions
cli/node/src/backend/platform.ts	12	type	Backend
cli/node/src/backend/platform.ts	13	type	DeleteOptions
cli/node/src/backend/platform.ts	14	type	EntityIds
cli/node/src/backend/platform.ts	15	type	ListOptions
cli/node/src/backend/platform.ts	17	type	SearchOptions
cli/node/src/backend/platform.ts	20	function	encodePathSegment
cli/node/src/backend/platform.ts	24	class	PlatformBackend
cli/node/src/backend/platform.ts	46	const	qs
cli/node/src/backend/platform.ts	50	const	headers
cli/node/src/backend/platform.ts	55	const	fetchOpts
cli/node/src/backend/platform.ts	64	const	resp
cli/node/src/backend/platform.ts	75	const	body
cli/node/src/backend/platform.ts	87	const	body
cli/node/src/backend/platform.ts	98	const	data
cli/node/src/backend/platform.ts	137	const	payload
cli/node/src/backend/platform.ts	176	const	andConditions
cli/node/src/backend/platform.ts	197	const	payload
cli/node/src/backend/platform.ts	203	const	apiFilters
cli/node/src/backend/platform.ts	216	const	result
cli/node/src/backend/platform.ts	220	const	obj
cli/node/src/backend/platform.ts	237	const	payload
cli/node/src/backend/platform.ts	238	const	params
cli/node/src/backend/platform.ts	243	const	extra
cli/node/src/backend/platform.ts	260	const	apiFilters
cli/node/src/backend/platform.ts	270	const	result
cli/node/src/backend/platform.ts	275	const	obj
cli/node/src/backend/platform.ts	284	const	payload
cli/node/src/backend/platform.ts	302	const	params
cli/node/src/backend/platform.ts	325	const	typeMap
cli/node/src/backend/platform.ts	331	const	entities
cli/node/src/backend/platform.ts	338	const	results
cli/node/src/backend/platform.ts	369	const	result
cli/node/src/backend/platform.ts	380	const	typeMap
cli/node/src/backend/platform.ts	386	const	targetType
cli/node/src/backend/platform.ts	396	const	result
cli/node/src/branding.ts	10	const	LOGO
cli/node/src/branding.ts	19	const	LOGO_MINI
cli/node/src/branding.ts	20	const	TAGLINE
cli/node/src/branding.ts	22	const	BRAND_COLOR
cli/node/src/branding.ts	23	const	ACCENT_COLOR
cli/node/src/branding.ts	24	const	SUCCESS_COLOR
cli/node/src/branding.ts	25	const	ERROR_COLOR
cli/node/src/branding.ts	26	const	WARNING_COLOR
cli/node/src/branding.ts	27	const	DIM_COLOR
cli/node/src/branding.ts	29	const	brand
cli/node/src/branding.ts	30	const	accent
cli/node/src/branding.ts	31	const	success
cli/node/src/branding.ts	32	const	error
cli/node/src/branding.ts	33	const	warning
cli/node/src/branding.ts	34	const	dim
cli/node/src/branding.ts	40	function	sym
cli/node/src/branding.ts	45	function	printBanner
cli/node/src/branding.ts	47	const	pad
cli/node/src/branding.ts	48	const	logoLines
cli/node/src/branding.ts	49	const	tagline
cli/node/src/branding.ts	50	const	subtitle
cli/node/src/branding.ts	51	const	contentLines
cli/node/src/branding.ts	54	const	maxContent
cli/node/src/branding.ts	55	const	innerWidth
cli/node/src/branding.ts	56	const	totalWidth
cli/node/src/branding.ts	58	const	topBorder
cli/node/src/branding.ts	59	const	subtitleFill
cli/node/src/branding.ts	60	const	bottomBorder
cli/node/src/branding.ts	64	const	body
cli/node/src/branding.ts	65	const	rightPad
cli/node/src/branding.ts	69	const	taglineIdx
cli/node/src/branding.ts	70	const	taglineRightPad
cli/node/src/branding.ts	79	function	printSuccess
cli/node/src/branding.ts	84	function	printError
cli/node/src/branding.ts	86	const	envelope
cli/node/src/branding.ts	96	const	resolvedHint
cli/node/src/branding.ts	106	function	printWarning
cli/node/src/branding.ts	110	function	printInfo
cli/node/src/branding.ts	115	function	printScope
cli/node/src/branding.ts	117	const	parts
cli/node/src/branding.ts	128	interface	TimedStatusContext
cli/node/src/branding.ts	137	function	timedStatus
cli/node/src/branding.ts	142	const	ctx
cli/node/src/branding.ts	145	const	ctx
cli/node/src/branding.ts	146	const	spinner
cli/node/src/branding.ts	151	const	start
cli/node/src/branding.ts	154	const	result
cli/node/src/branding.ts	155	const	elapsed
cli/node/src/branding.ts	162	const	elapsed
cli/node/src/branding.ts	172	const	colors
cli/node/src/commands/agent-mode.ts	11	const	SOURCE_HEADERS
cli/node/src/commands/agent-mode.ts	16	interface	BootstrapEnvelope
cli/node/src/commands/agent-mode.ts	27	function	isValidEnvelope
cli/node/src/commands/agent-mode.ts	49	function	bootstrapViaBackend
cli/node/src/commands/agent-mode.ts	56	const	baseUrl
cli/node/src/commands/agent-mode.ts	60	const	body
cli/node/src/commands/agent-mode.ts	93	const	errBody
cli/node/src/commands/agent-mode.ts	115	const	envelope
cli/node/src/commands/agent-mode.ts	144	const	claimCmd
cli/node/src/commands/agent-mode.ts	163	function	claimViaOtp
cli/node/src/commands/agent-mode.ts	167	const	baseUrl
cli/node/src/commands/agent-mode.ts	178	const	rawKey
cli/node/src/commands/agent-mode.ts	182	const	sendResp
cli/node/src/commands/agent-mode.ts	195	const	errBody
cli/node/src/commands/agent-mode.ts	223	const	verifyResp
cli/node/src/commands/agent-mode.ts	238	const	errBody
cli/node/src/commands/agent-mode.ts	256	const	claimBody
cli/node/src/commands/agent-mode.ts	274	function	promptLine
cli/node/src/commands/agent-mode.ts	275	const	rl
cli/node/src/commands/agent-rush.ts	11	const	PII_WARNING
cli/node/src/commands/agent-rush.ts	18	const	ERROR_HINTS
cli/node/src/commands/agent-rush.ts	33	function	callEndpoint
cli/node/src/commands/agent-rush.ts	37	const	config
cli/node/src/commands/agent-rush.ts	38	const	baseUrl
cli/node/src/commands/agent-rush.ts	48	const	resp
cli/node/src/commands/agent-rush.ts	62	const	json
cli/node/src/commands/agent-rush.ts	65	const	code
cli/node/src/commands/agent-rush.ts	77	function	promptLine
cli/node/src/commands/agent-rush.ts	78	const	rl
cli/node/src/commands/agent-rush.ts	100	function	ensureWarningAcknowledged
cli/node/src/commands/agent-rush.ts	101	const	config
cli/node/src/commands/agent-rush.ts	111	const	answer
cli/node/src/commands/agent-rush.ts	121	function	cmdAgentRushAdd
cli/node/src/commands/agent-rush.ts	123	const	result
cli/node/src/commands/agent-rush.ts	129	function	cmdAgentRushSearch
cli/node/src/commands/agent-rush.ts	130	const	result
cli/node/src/commands/agent-rush.ts	137	const	memories
cli/node/src/commands/config.ts	19	function	cmdConfigShow
cli/node/src/commands/config.ts	21	const	config
cli/node/src/commands/config.ts	45	const	table
cli/node/src/commands/config.ts	68	function	cmdConfigGet
cli/node/src/commands/config.ts	70	const	config
cli/node/src/commands/config.ts	71	const	value
cli/node/src/commands/config.ts	77	const	displayValue
cli/node/src/commands/config.ts	92	function	cmdConfigSet
cli/node/src/commands/config.ts	94	const	config
cli/node/src/commands/config.ts	97	const	display
cli/node/src/commands/entities.ts	20	const	VALID_TYPES
cli/node/src/commands/entities.ts	22	function	cmdEntitiesList
cli/node/src/commands/entities.ts	35	const	start
cli/node/src/commands/entities.ts	48	const	elapsed
cli/node/src/commands/entities.ts	65	const	table
cli/node/src/commands/entities.ts	71	const	name
cli/node/src/commands/entities.ts	72	const	created
cli/node/src/commands/entities.ts	84	function	cmdEntitiesDelete
cli/node/src/commands/entities.ts	109	const	scopeParts
cli/node/src/commands/entities.ts	114	const	scope
cli/node/src/commands/entities.ts	123	const	rl
cli/node/src/commands/entities.ts	127	const	answer
cli/node/src/commands/entities.ts	140	const	start
cli/node/src/commands/entities.ts	155	const	elapsed
cli/node/src/commands/events.ts	14	function	statusStyled
cli/node/src/commands/events.ts	29	function	cmdEventList
cli/node/src/commands/events.ts	34	const	start
cli/node/src/commands/events.ts	44	const	elapsed
cli/node/src/commands/events.ts	63	const	table
cli/node/src/commands/events.ts	77	const	evId
cli/node/src/commands/events.ts	78	const	evType
cli/node/src/commands/events.ts	79	const	status
cli/node/src/commands/events.ts	80	const	latency
cli/node/src/commands/events.ts	81	const	latencyStr
cli/node/src/commands/events.ts	82	const	created
cli/node/src/commands/events.ts	96	function	cmdEventStatus
cli/node/src/commands/events.ts	102	const	start
cli/node/src/commands/events.ts	112	const	elapsed
cli/node/src/commands/events.ts	123	const	status
cli/node/src/commands/events.ts	124	const	evType
cli/node/src/commands/events.ts	125	const	latency
cli/node/src/commands/events.ts	126	const	latencyStr
cli/node/src/commands/events.ts	127	const	created
cli/node/src/commands/events.ts	130	const	updated
cli/node/src/commands/events.ts	133	const	results
cli/node/src/commands/events.ts	135	const	lines
cli/node/src/commands/events.ts	147	const	memId
cli/node/src/commands/events.ts	148	const	data
cli/node/src/commands/events.ts	149	const	memory
cli/node/src/commands/events.ts	150	const	evName
cli/node/src/commands/events.ts	151	const	user
cli/node/src/commands/events.ts	158	const	content
cli/node/src/commands/identify.ts	12	const	SOURCE_HEADERS
cli/node/src/commands/identify.ts	17	function	runIdentify
cli/node/src/commands/identify.ts	18	const	config
cli/node/src/commands/identify.ts	28	const	clean
cli/node/src/commands/identify.ts	34	const	baseUrl
cli/node/src/commands/identify.ts	61	const	body
cli/node/src/commands/identify.ts	70	const	body
cli/node/src/commands/identify.ts	71	const	canonical
cli/node/src/commands/init.ts	18	type	Mem0Config
cli/node/src/commands/init.ts	29	const	EMAIL_RE
cli/node/src/commands/init.ts	31	function	validateEmail
cli/node/src/commands/init.ts	39	function	pingKey
cli/node/src/commands/init.ts	49	const	resp
cli/node/src/commands/init.ts	59	function	maybeIdentify
cli/node/src/commands/init.ts	68	const	resp
cli/node/src/commands/init.ts	82	const	body
cli/node/src/commands/init.ts	84	const	cfg
cli/node/src/commands/init.ts	97	function	emailLogin
cli/node/src/commands/init.ts	102	const	url
cli/node/src/commands/init.ts	105	const	sourceHeaders
cli/node/src/commands/init.ts	112	const	resp
cli/node/src/commands/init.ts	125	const	body
cli/node/src/commands/init.ts	145	const	entered
cli/node/src/commands/init.ts	153	const	verifyResp
cli/node/src/commands/init.ts	166	const	body
cli/node/src/commands/init.ts	178	function	promptSecret
cli/node/src/commands/init.ts	188	const	chars
cli/node/src/commands/init.ts	190	const	onData
cli/node/src/commands/init.ts	220	const	cleanup
cli/node/src/commands/init.ts	232	function	promptLine
cli/node/src/commands/init.ts	233	const	rl
cli/node/src/commands/init.ts	237	const	prompt
cli/node/src/commands/init.ts	246	function	setupPlatform
cli/node/src/commands/init.ts	254	const	apiKey
cli/node/src/commands/init.ts	263	function	setupDefaults
cli/node/src/commands/init.ts	267	const	_systemUser
cli/node/src/commands/init.ts	268	const	userId
cli/node/src/commands/init.ts	275	function	validatePlatform
cli/node/src/commands/init.ts	279	const	backend
cli/node/src/commands/init.ts	280	const	status
cli/node/src/commands/init.ts	288	const	pingData
cli/node/src/commands/init.ts	289	const	userEmail
cli/node/src/commands/init.ts	307	function	runInit
cli/node/src/commands/init.ts	324	const	fireInit
cli/node/src/commands/init.ts	328	const	props
cli/node/src/commands/init.ts	336	const	config
cli/node/src/commands/init.ts	337	const	savedConfig
cli/node/src/commands/init.ts	338	const	baseUrl
cli/node/src/commands/init.ts	361	const	email
cli/node/src/commands/init.ts	374	const	agentCtx
cli/node/src/commands/init.ts	377	const	emitReuseEnvelope
cli/node/src/commands/init.ts	398	const	envKey
cli/node/src/commands/init.ts	442	const	rl
cli/node/src/commands/init.ts	446	const	answer
cli/node/src/commands/init.ts	468	const	email
cli/node/src/commands/init.ts	475	const	result
cli/node/src/commands/init.ts	477	const	apiKeyVal
cli/node/src/commands/init.ts	544	const	choice
cli/node/src/commands/init.ts	548	const	emailAddr
cli/node/src/commands/init.ts	554	const	email
cli/node/src/commands/init.ts	558	const	result
cli/node/src/commands/init.ts	560	const	apiKeyVal
cli/node/src/commands/memory.ts	27	function	_stdinIsPiped
cli/node/src/commands/memory.ts	30	const	stat
cli/node/src/commands/memory.ts	37	function	cmdAdd
cli/node/src/commands/memory.ts	62	const	raw
cli/node/src/commands/memory.ts	152	const	rawResults
cli/node/src/commands/memory.ts	155	const	seenEvents
cli/node/src/commands/memory.ts	156	const	deduped
cli/node/src/commands/memory.ts	159	const	eid
cli/node/src/commands/memory.ts	166	const	dedupedResult
cli/node/src/commands/memory.ts	171	const	scope
cli/node/src/commands/memory.ts	198	const	count
cli/node/src/commands/memory.ts	199	const	allPending
cli/node/src/commands/memory.ts	212	function	cmdSearch
cli/node/src/commands/memory.ts	245	const	fieldList
cli/node/src/commands/memory.ts	258	const	start
cli/node/src/commands/memory.ts	280	const	elapsed
cli/node/src/commands/memory.ts	285	const	scope
cli/node/src/commands/memory.ts	332	function	cmdGet
cli/node/src/commands/memory.ts	355	function	cmdList
cli/node/src/commands/memory.ts	380	const	start
cli/node/src/commands/memory.ts	400	const	elapsed
cli/node/src/commands/memory.ts	405	const	scope
cli/node/src/commands/memory.ts	449	function	cmdUpdate
cli/node/src/commands/memory.ts	466	const	start
cli/node/src/commands/memory.ts	476	const	elapsed
cli/node/src/commands/memory.ts	493	function	cmdDelete
cli/node/src/commands/memory.ts	507	const	text
cli/node/src/commands/memory.ts	513	const	start
cli/node/src/commands/memory.ts	523	const	elapsed
cli/node/src/commands/memory.ts	540	function	cmdDeleteAll
cli/node/src/commands/memory.ts	564	const	readline
cli/node/src/commands/memory.ts	565	const	rl
cli/node/src/commands/memory.ts	569	const	answer
cli/node/src/commands/memory.ts	582	const	start
cli/node/src/commands/memory.ts	601	const	elapsed
cli/node/src/commands/memory.ts	642	const	scopeParts
cli/node/src/commands/memory.ts	647	const	scope
cli/node/src/commands/memory.ts	650	const	readline
cli/node/src/commands/memory.ts	651	const	rl
cli/node/src/commands/memory.ts	655	const	answer
cli/node/src/commands/memory.ts	668	const	start
cli/node/src/commands/memory.ts	684	const	elapsed
cli/node/src/commands/utils.ts	15	function	cmdStatus
cli/node/src/commands/utils.ts	20	const	start
cli/node/src/commands/utils.ts	32	const	elapsed
cli/node/src/commands/utils.ts	47	const	lines
cli/node/src/commands/utils.ts	72	const	content
cli/node/src/commands/utils.ts	85	function	cmdVersion
cli/node/src/commands/utils.ts	89	function	cmdImport
cli/node/src/commands/utils.ts	97	const	raw
cli/node/src/commands/utils.ts	98	const	parsed
cli/node/src/commands/utils.ts	107	const	start
cli/node/src/commands/utils.ts	110	const	item
cli/node/src/commands/utils.ts	111	const	content
cli/node/src/commands/utils.ts	136	const	elapsed
cli/node/src/commands/whoami.ts	9	function	cmdWhoami
cli/node/src/commands/whoami.ts	10	const	config
cli/node/src/commands/whoami.ts	11	const	sessionId
cli/node/src/config.ts	15	const	CONFIG_DIR
cli/node/src/config.ts	16	const	CONFIG_FILE
cli/node/src/config.ts	17	const	DEFAULT_BASE_URL
cli/node/src/config.ts	18	const	CONFIG_VERSION
cli/node/src/config.ts	20	interface	PlatformConfig
cli/node/src/config.ts	32	interface	DefaultsConfig
cli/node/src/config.ts	39	interface	TelemetryConfig
cli/node/src/config.ts	43	interface	AgentRushConfig
cli/node/src/config.ts	49	interface	Mem0Config
cli/node/src/config.ts	57	function	createDefaultConfig
cli/node/src/config.ts	85	function	ensureConfigDir
cli/node/src/config.ts	90	function	loadConfig
cli/node/src/config.ts	91	const	config
cli/node/src/config.ts	94	const	raw
cli/node/src/config.ts	95	const	data
cli/node/src/config.ts	99	const	plat
cli/node/src/config.ts	109	const	defaults
cli/node/src/config.ts	114	const	telemetry
cli/node/src/config.ts	116	const	agentRush
cli/node/src/config.ts	134	function	saveConfig
cli/node/src/config.ts	137	const	data
cli/node/src/config.ts	181	function	redactKey
cli/node/src/config.ts	188	const	KEY_MAP
cli/node/src/config.ts	206	function	getNestedValue
cli/node/src/config.ts	207	const	mapping
cli/node/src/config.ts	213	function	setNestedValue
cli/node/src/config.ts	218	const	mapping
cli/node/src/config.ts	221	const	obj
cli/node/src/config.ts	223	const	current
cli/node/src/help.ts	12	const	cyanBold
cli/node/src/help.ts	13	const	greenBold
cli/node/src/help.ts	14	const	yellowBold
cli/node/src/help.ts	15	const	yellow
cli/node/src/help.ts	16	const	bold
cli/node/src/help.ts	17	const	dim
cli/node/src/help.ts	18	const	dimBorder
cli/node/src/help.ts	23	const	ANSI_RE
cli/node/src/help.ts	25	function	stripAnsi
cli/node/src/help.ts	32	const	COMMAND_GROUPS
cli/node/src/help.ts	44	const	COMMAND_ORDER
cli/node/src/help.ts	48	const	OPTION_PANELS
cli/node/src/help.ts	124	const	PANEL_ORDER
cli/node/src/help.ts	144	function	renderPanel
cli/node/src/help.ts	148	const	inner
cli/node/src/help.ts	151	const	titleStr
cli/node/src/help.ts	152	const	fillLen
cli/node/src/help.ts	153	const	topLine
cli/node/src/help.ts	160	const	bottomLine
cli/node/src/help.ts	164	const	contentLines
cli/node/src/help.ts	165	const	visLen
cli/node/src/help.ts	166	const	pad
cli/node/src/help.ts	175	function	formatOptionTerm
cli/node/src/help.ts	176	const	parts
cli/node/src/help.ts	183	const	match
cli/node/src/help.ts	193	function	getLongFlag
cli/node/src/help.ts	200	function	formatDefault
cli/node/src/help.ts	209	function	richFormatHelp
cli/node/src/help.ts	210	const	width
cli/node/src/help.ts	211	const	lines
cli/node/src/help.ts	213	const	isRoot
cli/node/src/help.ts	216	const	usage
cli/node/src/help.ts	225	const	usageParts
cli/node/src/help.ts	226	const	cmdPath
cli/node/src/help.ts	227	const	argParts
cli/node/src/help.ts	244	const	desc
cli/node/src/help.ts	247	const	descLines
cli/node/src/help.ts	249	const	dLine
cli/node/src/help.ts	262	const	visibleArgs
cli/node/src/help.ts	264	const	maxLen
cli/node/src/help.ts	267	const	argRows
cli/node/src/help.ts	268	const	name
cli/node/src/help.ts	269	const	description
cli/node/src/help.ts	272	const	panel
cli/node/src/help.ts	278	const	visibleOpts
cli/node/src/help.ts	279	const	cmdName
cli/node/src/help.ts	280	const	panelMap
cli/node/src/help.ts	283	const	grouped
cli/node/src/help.ts	289	const	flag
cli/node/src/help.ts	290	const	panel
cli/node/src/help.ts	299	const	visibleCmds
cli/node/src/help.ts	304	const	optRows
cli/node/src/help.ts	305	const	panel
cli/node/src/help.ts	309	const	cmdMap
cli/node/src/help.ts	311	const	groupCmds
cli/node/src/help.ts	315	const	maxLen
cli/node/src/help.ts	316	const	cmdRows
cli/node/src/help.ts	317	const	name
cli/node/src/help.ts	318	const	description
cli/node/src/help.ts	321	const	panel
cli/node/src/help.ts	327	const	panelSequence
cli/node/src/help.ts	329	const	opts
cli/node/src/help.ts	331	const	optRows
cli/node/src/help.ts	332	const	panel
cli/node/src/help.ts	338	const	maxLen
cli/node/src/help.ts	339	const	cmdRows
cli/node/src/help.ts	340	const	name
cli/node/src/help.ts	341	const	description
cli/node/src/help.ts	344	const	panel
cli/node/src/help.ts	355	function	formatOptionRows
cli/node/src/help.ts	356	const	terms
cli/node/src/help.ts	357	const	maxTermLen
cli/node/src/help.ts	360	const	term
cli/node/src/help.ts	361	const	desc
cli/node/src/help.ts	362	const	def
cli/node/src/help.ts	369	function	sortCommands
cli/node/src/help.ts	371	const	ai
cli/node/src/help.ts	372	const	bi
cli/node/src/help.ts	374	const	aIdx
cli/node/src/help.ts	375	const	bIdx
cli/node/src/index.ts	25	const	program
cli/node/src/index.ts	33	function	getBackendAndConfig
cli/node/src/index.ts	37	const	config
cli/node/src/index.ts	50	const	backend
cli/node/src/index.ts	54	const	pingData
cli/node/src/index.ts	61	const	email
cli/node/src/index.ts	90	function	getBackendOnly
cli/node/src/index.ts	97	function	checkAgentMode
cli/node/src/index.ts	98	const	rootOpts
cli/node/src/index.ts	99	const	isAgent
cli/node/src/index.ts	111	function	resolveIds
cli/node/src/index.ts	120	const	hasExplicit
cli/node/src/index.ts	173	const	commandName
cli/node/src/index.ts	174	const	parentName
cli/node/src/index.ts	175	const	fullCommand
cli/node/src/index.ts	187	const	isAgent
cli/node/src/index.ts	277	const	agentRush
cli/node/src/index.ts	332	const	isAgent
cli/node/src/index.ts	337	const	ids
cli/node/src/index.ts	338	const	output
cli/node/src/index.ts	386	const	isAgent
cli/node/src/index.ts	391	const	ids
cli/node/src/index.ts	392	const	output
cli/node/src/index.ts	419	const	isAgent
cli/node/src/index.ts	420	const	backend
cli/node/src/index.ts	421	const	output
cli/node/src/index.ts	453	const	isAgent
cli/node/src/index.ts	458	const	ids
cli/node/src/index.ts	459	const	output
cli/node/src/index.ts	490	const	isAgent
cli/node/src/index.ts	491	const	backend
cli/node/src/index.ts	492	const	output
cli/node/src/index.ts	531	const	isAgent
cli/node/src/index.ts	532	const	output
cli/node/src/index.ts	561	const	backend
cli/node/src/index.ts	577	const	ids
cli/node/src/index.ts	598	const	backend
cli/node/src/index.ts	606	const	configCmd
cli/node/src/index.ts	621	const	isAgent
cli/node/src/index.ts	622	const	output
cli/node/src/index.ts	654	const	entityCmd
cli/node/src/index.ts	672	const	isAgent
cli/node/src/index.ts	673	const	backend
cli/node/src/index.ts	674	const	output
cli/node/src/index.ts	696	const	isAgent
cli/node/src/index.ts	697	const	backend
cli/node/src/index.ts	698	const	output
cli/node/src/index.ts	704	const	eventCmd
cli/node/src/index.ts	722	const	isAgent
cli/node/src/index.ts	723	const	backend
cli/node/src/index.ts	724	const	output
cli/node/src/index.ts	740	const	isAgent
cli/node/src/index.ts	741	const	backend
cli/node/src/index.ts	742	const	output
cli/node/src/index.ts	757	const	isAgent
cli/node/src/index.ts	762	const	output
cli/node/src/index.ts	784	const	isAgent
cli/node/src/index.ts	789	const	ids
cli/node/src/index.ts	790	const	output
cli/node/src/index.ts	812	const	__dirname
cli/node/src/index.ts	813	const	specPath
cli/node/src/index.ts	815	const	spec
cli/node/src/index.ts	871	function	surfaceNotice
cli/node/src/index.ts	872	const	notice
cli/node/src/output.ts	12	function	formatDate
cli/node/src/output.ts	15	const	dt
cli/node/src/output.ts	22	function	formatMemoriesText
cli/node/src/output.ts	26	const	count
cli/node/src/output.ts	30	const	mem
cli/node/src/output.ts	31	const	memoryText
cli/node/src/output.ts	32	const	memId
cli/node/src/output.ts	33	const	score
cli/node/src/output.ts	34	const	created
cli/node/src/output.ts	36	const	cats
cli/node/src/output.ts	43	const	details
cli/node/src/output.ts	56	function	formatMemoriesTable
cli/node/src/output.ts	60	const	head
cli/node/src/output.ts	69	const	colWidths
cli/node/src/output.ts	70	const	table
cli/node/src/output.ts	78	const	memId
cli/node/src/output.ts	83	const	categories
cli/node/src/output.ts	84	const	cat
cli/node/src/output.ts	90	const	created
cli/node/src/output.ts	92	const	score
cli/node/src/output.ts	93	const	scoreStr
cli/node/src/output.ts	105	function	formatJson
cli/node/src/output.ts	109	function	formatSingleMemory
cli/node/src/output.ts	118	const	memoryText
cli/node/src/output.ts	119	const	memId
cli/node/src/output.ts	121	const	lines
cli/node/src/output.ts	126	const	created
cli/node/src/output.ts	128	const	updated
cli/node/src/output.ts	130	const	meta
cli/node/src/output.ts	132	const	categories
cli/node/src/output.ts	134	const	catStr
cli/node/src/output.ts	140	const	content
cli/node/src/output.ts	153	function	formatAddResult
cli/node/src/output.ts	163	const	results
cli/node/src/output.ts	173	const	seenPendingEvents
cli/node/src/output.ts	177	const	eventId
cli/node/src/output.ts	181	const	icon
cli/node/src/output.ts	182	const	parts
cli/node/src/output.ts	196	const	event
cli/node/src/output.ts	197	const	memory
cli/node/src/output.ts	198	const	memId
cli/node/src/output.ts	222	const	parts
cli/node/src/output.ts	230	function	formatJsonEnvelope
cli/node/src/output.ts	239	const	envelope
cli/node/src/output.ts	254	const	notice
cli/node/src/output.ts	260	function	pick
cli/node/src/output.ts	264	const	result
cli/node/src/output.ts	271	function	sanitizeAgentData
cli/node/src/output.ts	276	const	items
cli/node/src/output.ts	278	const	r
cli/node/src/output.ts	292	const	r
cli/node/src/output.ts	303	const	r
cli/node/src/output.ts	320	const	ev
cli/node/src/output.ts	321	const	rawResults
cli/node/src/output.ts	323	const	sanitizedResults
cli/node/src/output.ts	324	const	nested
cli/node/src/output.ts	349	function	formatAgentEnvelope
cli/node/src/output.ts	356	const	envelope
cli/node/src/output.ts	362	const	filtered
cli/node/src/output.ts	372	const	notice
cli/node/src/output.ts	378	function	printResultSummary
cli/node/src/output.ts	384	const	parts
cli/node/src/output.ts	387	const	scopeParts
cli/node/src/plugin-sync.ts	28	const	CLAUDE_SETTINGS
cli/node/src/plugin-sync.ts	29	const	SHELL_RCS
cli/node/src/plugin-sync.ts	37	const	RC_LINE_RE
cli/node/src/plugin-sync.ts	40	function	syncApiKey
cli/node/src/plugin-sync.ts	42	const	updated
cli/node/src/plugin-sync.ts	53	function	updateClaudeSettings
cli/node/src/plugin-sync.ts	66	const	env
cli/node/src/plugin-sync.ts	70	const	envObj
cli/node/src/plugin-sync.ts	78	function	updateShellRc
cli/node/src/plugin-sync.ts	86	const	match
cli/node/src/plugin-sync.ts	89	const	newText
cli/node/src/plugin-sync.ts	97	function	atomicWriteText
cli/node/src/plugin-sync.ts	98	const	dir
cli/node/src/plugin-sync.ts	99	const	tmp
cli/node/src/plugin-sync.ts	105	const	mode
cli/node/src/state.ts	10	function	isAgentMode
cli/node/src/state.ts	14	function	setAgentMode
cli/node/src/state.ts	18	function	getCurrentCommand
cli/node/src/state.ts	22	function	setCurrentCommand
cli/node/src/state.ts	32	function	captureNotice
cli/node/src/state.ts	36	function	takeNotice
cli/node/src/state.ts	37	const	msg
cli/node/src/telemetry.ts	18	const	POSTHOG_API_KEY
cli/node/src/telemetry.ts	19	const	POSTHOG_HOST
cli/node/src/telemetry.ts	21	const	__dirname
cli/node/src/telemetry.ts	22	const	SENDER_SCRIPT
cli/node/src/telemetry.ts	24	function	isTelemetryEnabled
cli/node/src/telemetry.ts	39	function	getOrCreateAnonymousId
cli/node/src/telemetry.ts	40	const	config
cli/node/src/telemetry.ts	45	const	newId
cli/node/src/telemetry.ts	61	function	getDistinctId
cli/node/src/telemetry.ts	63	const	config
cli/node/src/telemetry.ts	88	function	captureEvent
cli/node/src/telemetry.ts	96	const	config
cli/node/src/telemetry.ts	97	const	distinctId
cli/node/src/telemetry.ts	121	const	payload
cli/node/src/telemetry.ts	138	const	context
cli/node/src/telemetry.ts	148	const	child
cli/node/src/version.ts	6	const	CLI_VERSION
cli/node/tests/agent-mode.test.ts	20	function	run
cli/node/tests/agent-mode.test.ts	24	const	env
cli/node/tests/agent-mode.test.ts	32	const	stdout
cli/node/tests/agent-mode.test.ts	48	function	cleanHome
cli/node/tests/agent-mode.test.ts	54	const	result
cli/node/tests/agent-mode.test.ts	60	const	result
cli/node/tests/agent-mode.test.ts	71	const	result
cli/node/tests/agent-mode.test.ts	77	const	result
cli/node/tests/agent-mode.test.ts	90	const	home
cli/node/tests/agent-mode.test.ts	91	const	result
cli/node/tests/agent-mode.test.ts	98	const	combined
cli/node/tests/agent-mode.test.ts	115	const	home
cli/node/tests/agent-mode.test.ts	116	const	result
cli/node/tests/agent-mode.test.ts	123	const	combined
cli/node/tests/agent-mode.test.ts	137	const	result
cli/node/tests/branding.test.ts	21	const	originalLog
cli/node/tests/branding.test.ts	22	const	originalError
cli/node/tests/cli-integration.test.ts	11	function	run
cli/node/tests/cli-integration.test.ts	15	const	env
cli/node/tests/cli-integration.test.ts	24	const	stdout
cli/node/tests/cli-integration.test.ts	40	const	result
cli/node/tests/cli-integration.test.ts	48	const	result
cli/node/tests/cli-integration.test.ts	50	const	parsed
cli/node/tests/cli-integration.test.ts	52	const	name
cli/node/tests/cli-integration.test.ts	57	const	result
cli/node/tests/cli-integration.test.ts	64	const	result
cli/node/tests/cli-integration.test.ts	70	const	result
cli/node/tests/cli-integration.test.ts	76	const	result
cli/node/tests/cli-integration.test.ts	86	const	result
cli/node/tests/cli-integration.test.ts	88	const	combined
cli/node/tests/cli-integration.test.ts	93	const	result
cli/node/tests/cli-integration.test.ts	99	const	result
cli/node/tests/cli-integration.test.ts	106	const	result
cli/node/tests/cli-integration.test.ts	111	const	result
cli/node/tests/cli-integration.test.ts	117	const	result
cli/node/tests/cli-integration.test.ts	123	const	result
cli/node/tests/cli-integration.test.ts	130	function	cleanHome
cli/node/tests/cli-integration.test.ts	135	const	home
cli/node/tests/cli-integration.test.ts	136	const	result
cli/node/tests/cli-integration.test.ts	138	const	combined
cli/node/tests/cli-integration.test.ts	144	const	home
cli/node/tests/cli-integration.test.ts	145	const	result
cli/node/tests/commands.test.ts	16	const	originalLog
cli/node/tests/commands.test.ts	17	const	originalError
cli/node/tests/commands.test.ts	116	const	withFlag
cli/node/tests/commands.test.ts	122	const	withoutFlag
cli/node/tests/commands.test.ts	130	const	DUPLICATE_PENDING
cli/node/tests/commands.test.ts	156	const	data
cli/node/tests/commands.test.ts	157	const	pending
cli/node/tests/commands.test.ts	170	const	data
cli/node/tests/commands.test.ts	354	const	parsed
cli/node/tests/commands.test.ts	374	const	parsed
cli/node/tests/commands.test.ts	379	const	keys
cli/node/tests/commands.test.ts	399	const	parsed
cli/node/tests/commands.test.ts	411	const	parsed
cli/node/tests/commands.test.ts	423	const	parsed
cli/node/tests/commands.test.ts	433	const	parsed
cli/node/tests/commands.test.ts	443	const	parsed
cli/node/tests/commands.test.ts	458	const	parsed
cli/node/tests/config.test.ts	51	const	result
cli/node/tests/config.test.ts	63	const	config
cli/node/tests/config.test.ts	72	const	config
cli/node/tests/config.test.ts	78	const	config
cli/node/tests/config.test.ts	83	const	config
cli/node/tests/config.test.ts	91	const	config
cli/node/tests/config.test.ts	97	const	config
cli/node/tests/config.test.ts	102	const	config
cli/node/tests/init-internals.test.ts	24	const	origFetch
cli/node/tests/init-internals.test.ts	74	const	rc
cli/node/tests/init-internals.test.ts	81	const	rc
cli/node/tests/init-internals.test.ts	88	const	rc
cli/node/tests/init-internals.test.ts	89	const	original
cli/node/tests/init-internals.test.ts	96	const	after
cli/node/tests/init-internals.test.ts	104	const	rc
cli/node/tests/init-internals.test.ts	110	const	rc
cli/node/tests/init-internals.test.ts	128	const	settings
cli/node/tests/init-internals.test.ts	137	const	settings
cli/node/tests/init-internals.test.ts	143	const	settings
cli/node/tests/init-internals.test.ts	149	const	data
cli/node/tests/init-internals.test.ts	155	const	settings
cli/node/tests/init-internals.test.ts	164	const	settings
cli/node/tests/output.test.ts	17	const	originalLog
cli/node/tests/output.test.ts	30	const	sampleMemories
cli/node/tests/output.test.ts	132	const	raw
cli/node/tests/output.test.ts	133	const	result
cli/node/tests/output.test.ts	138	const	raw
cli/node/tests/output.test.ts	139	const	result
cli/node/tests/output.test.ts	144	const	raw
cli/node/tests/output.test.ts	145	const	result
cli/node/tests/output.test.ts	151	const	raw
cli/node/tests/output.test.ts	152	const	result
cli/node/tests/output.test.ts	157	const	raw
cli/node/tests/output.test.ts	158	const	result
cli/node/tests/output.test.ts	164	const	raw
cli/node/tests/output.test.ts	165	const	result
cli/node/tests/output.test.ts	170	const	raw
cli/node/tests/output.test.ts	171	const	result
cli/node/tests/output.test.ts	177	const	raw
cli/node/tests/output.test.ts	182	const	result
cli/node/tests/output.test.ts	183	const	firstResult
cli/node/tests/output.test.ts	189	const	data
cli/node/tests/platform-backend.test.ts	9	function	makeBackend
cli/node/tests/platform-backend.test.ts	15	function	mockFetch
cli/node/tests/platform-backend.test.ts	16	const	fetchMock
cli/node/tests/platform-backend.test.ts	33	const	backend
cli/node/tests/platform-backend.test.ts	34	const	responses
cli/node/tests/platform-backend.test.ts	38	const	spy
cli/node/tests/platform-backend.test.ts	43	const	result
cli/node/tests/platform-backend.test.ts	54	const	backend
cli/node/tests/platform-backend.test.ts	58	const	result
cli/node/tests/platform-backend.test.ts	63	const	backend
cli/node/tests/platform-backend.test.ts	72	const	fetchMock
cli/node/tests/platform-backend.test.ts	73	const	backend
cli/node/tests/platform-backend.test.ts	79	const	urls
cli/node/tests/platform-backend.test.ts	88	const	fetchMock
cli/node/tests/platform-backend.test.ts	89	const	backend
cli/node/tests/platform-backend.test.ts	94	const	urls
cli/node/tests/setup.ts	9	function	createMockBackend
cli/node/tests/telemetry.test.ts	3	const	mockLoadConfig
cli/node/tests/telemetry.test.ts	4	const	mockSaveConfig
cli/node/tests/telemetry.test.ts	5	const	mockSpawn
cli/node/tests/telemetry.test.ts	38	const	stdin
cli/node/tests/telemetry.test.ts	39	const	child
cli/node/tests/telemetry.test.ts	54	const	payload
cli/node/tsup.config.ts	4	const	_require
cli/node/tsup.config.ts	5	const	pkg
cli/node/vitest.config.ts	4	const	_require
cli/node/vitest.config.ts	5	const	pkg
cli/python/src/mem0_cli/agent_detect.py	31	def	detect_agent_caller
cli/python/src/mem0_cli/app.py	66	def	_fire_telemetry
cli/python/src/mem0_cli/app.py	80	def	_config_callback
cli/python/src/mem0_cli/app.py	86	def	_entity_callback
cli/python/src/mem0_cli/app.py	92	def	_event_callback
cli/python/src/mem0_cli/app.py	100	def	_get_backend_and_config
cli/python/src/mem0_cli/app.py	155	def	_get_backend
cli/python/src/mem0_cli/app.py	164	def	_resolve_ids
cli/python/src/mem0_cli/app.py	194	def	_stdin_is_piped
cli/python/src/mem0_cli/app.py	207	def	_read_stdin
cli/python/src/mem0_cli/app.py	218	def	main_callback
cli/python/src/mem0_cli/app.py	255	def	add
cli/python/src/mem0_cli/app.py	323	def	search
cli/python/src/mem0_cli/app.py	409	def	get
cli/python/src/mem0_cli/app.py	441	def	list_cmd
cli/python/src/mem0_cli/app.py	508	def	update
cli/python/src/mem0_cli/app.py	547	def	delete
cli/python/src/mem0_cli/app.py	650	def	config_show
cli/python/src/mem0_cli/app.py	667	def	config_get
cli/python/src/mem0_cli/app.py	682	def	config_set
cli/python/src/mem0_cli/app.py	701	def	entity_list
cli/python/src/mem0_cli/app.py	730	def	entity_delete
cli/python/src/mem0_cli/app.py	786	def	event_list
cli/python/src/mem0_cli/app.py	814	def	event_status
cli/python/src/mem0_cli/app.py	850	def	init
cli/python/src/mem0_cli/app.py	901	def	identify
cli/python/src/mem0_cli/app.py	918	def	whoami_cmd
cli/python/src/mem0_cli/app.py	940	def	_agent_rush_callback
cli/python/src/mem0_cli/app.py	946	def	agent_rush_add
cli/python/src/mem0_cli/app.py	960	def	agent_rush_search
cli/python/src/mem0_cli/app.py	980	def	status
cli/python/src/mem0_cli/app.py	1013	def	import_cmd
cli/python/src/mem0_cli/app.py	1051	def	_build_help_json
cli/python/src/mem0_cli/app.py	1263	def	help
cli/python/src/mem0_cli/app.py	1305	def	main
cli/python/src/mem0_cli/backend/base.py	11	class	Backend
cli/python/src/mem0_cli/backend/base.py	15	def	add
cli/python/src/mem0_cli/backend/base.py	32	def	search
cli/python/src/mem0_cli/backend/base.py	49	def	get
cli/python/src/mem0_cli/backend/base.py	52	def	list_memories
cli/python/src/mem0_cli/backend/base.py	67	def	update
cli/python/src/mem0_cli/backend/base.py	72	def	delete
cli/python/src/mem0_cli/backend/base.py	84	def	delete_entities
cli/python/src/mem0_cli/backend/base.py	94	def	status
cli/python/src/mem0_cli/backend/base.py	102	def	entities
cli/python/src/mem0_cli/backend/base.py	105	def	list_events
cli/python/src/mem0_cli/backend/base.py	108	def	get_event
cli/python/src/mem0_cli/backend/base.py	111	def	get_backend
cli/python/src/mem0_cli/backend/platform.py	15	def	_encode_path_segment
cli/python/src/mem0_cli/backend/platform.py	19	class	PlatformBackend
cli/python/src/mem0_cli/backend/platform.py	22	def	__init__
cli/python/src/mem0_cli/backend/platform.py	37	def	_request
cli/python/src/mem0_cli/backend/platform.py	77	def	add
cli/python/src/mem0_cli/backend/platform.py	121	def	_build_filters
cli/python/src/mem0_cli/backend/platform.py	162	def	search
cli/python/src/mem0_cli/backend/platform.py	203	def	get
cli/python/src/mem0_cli/backend/platform.py	210	def	list_memories
cli/python/src/mem0_cli/backend/platform.py	253	def	update
cli/python/src/mem0_cli/backend/platform.py	268	def	delete
cli/python/src/mem0_cli/backend/platform.py	298	def	delete_entities
cli/python/src/mem0_cli/backend/platform.py	328	def	ping
cli/python/src/mem0_cli/backend/platform.py	342	def	status
cli/python/src/mem0_cli/backend/platform.py	355	def	entities
cli/python/src/mem0_cli/backend/platform.py	365	def	list_events
cli/python/src/mem0_cli/backend/platform.py	369	def	get_event
cli/python/src/mem0_cli/backend/platform.py	373	class	AuthError
cli/python/src/mem0_cli/backend/platform.py	377	class	NotFoundError
cli/python/src/mem0_cli/backend/platform.py	381	class	APIError
cli/python/src/mem0_cli/branding.py	37	def	_sym
cli/python/src/mem0_cli/branding.py	44	def	print_banner
cli/python/src/mem0_cli/branding.py	67	def	print_success
cli/python/src/mem0_cli/branding.py	76	def	print_error
cli/python/src/mem0_cli/branding.py	98	def	print_warning
cli/python/src/mem0_cli/branding.py	107	def	print_info
cli/python/src/mem0_cli/branding.py	117	def	timed_status
cli/python/src/mem0_cli/branding.py	127	class	_Ctx
cli/python/src/mem0_cli/branding.py	128	def	__init__
cli/python/src/mem0_cli/branding.py	160	def	print_scope
cli/python/src/mem0_cli/branding.py	175	def	_get_version
cli/python/src/mem0_cli/commands/agent_mode_cmd.py	32	def	_validate_envelope
cli/python/src/mem0_cli/commands/agent_mode_cmd.py	52	def	bootstrap_via_backend
cli/python/src/mem0_cli/commands/agent_mode_cmd.py	143	def	claim_via_otp
cli/python/src/mem0_cli/commands/agent_mode_cmd.py	238	def	_utcnow_iso
cli/python/src/mem0_cli/commands/agent_rush_cmd.py	48	def	_call
cli/python/src/mem0_cli/commands/agent_rush_cmd.py	86	def	_ensure_warning_acknowledged
cli/python/src/mem0_cli/commands/agent_rush_cmd.py	117	def	run_agent_rush_add
cli/python/src/mem0_cli/commands/agent_rush_cmd.py	124	def	run_agent_rush_search
cli/python/src/mem0_cli/commands/config_cmd.py	21	def	cmd_config_show
cli/python/src/mem0_cli/commands/config_cmd.py	85	def	cmd_config_get
cli/python/src/mem0_cli/commands/config_cmd.py	110	def	cmd_config_set
cli/python/src/mem0_cli/commands/entities.py	27	def	cmd_entities_list
cli/python/src/mem0_cli/commands/entities.py	83	def	cmd_entities_delete
cli/python/src/mem0_cli/commands/events_cmd.py	34	def	_status_styled
cli/python/src/mem0_cli/commands/events_cmd.py	38	def	cmd_event_list
cli/python/src/mem0_cli/commands/events_cmd.py	104	def	cmd_event_status
cli/python/src/mem0_cli/commands/identify_cmd.py	27	def	run_identify
cli/python/src/mem0_cli/commands/init_cmd.py	34	def	_prompt_secret
cli/python/src/mem0_cli/commands/init_cmd.py	99	def	_validate_email
cli/python/src/mem0_cli/commands/init_cmd.py	106	def	_ping_key
cli/python/src/mem0_cli/commands/init_cmd.py	125	def	_email_login
cli/python/src/mem0_cli/commands/init_cmd.py	197	def	run_init
cli/python/src/mem0_cli/commands/init_cmd.py	230	def	_fire_init
cli/python/src/mem0_cli/commands/init_cmd.py	271	def	_emit_reuse
cli/python/src/mem0_cli/commands/init_cmd.py	291	def	_maybe_identify
cli/python/src/mem0_cli/commands/init_cmd.py	505	def	_setup_platform
cli/python/src/mem0_cli/commands/init_cmd.py	523	def	_setup_defaults
cli/python/src/mem0_cli/commands/init_cmd.py	537	def	_validate_platform
cli/python/src/mem0_cli/commands/memory.py	37	def	_stdin_is_piped
cli/python/src/mem0_cli/commands/memory.py	50	def	cmd_add
cli/python/src/mem0_cli/commands/memory.py	213	def	cmd_search
cli/python/src/mem0_cli/commands/memory.py	323	def	cmd_get
cli/python/src/mem0_cli/commands/memory.py	343	def	cmd_list
cli/python/src/mem0_cli/commands/memory.py	443	def	cmd_update
cli/python/src/mem0_cli/commands/memory.py	487	def	cmd_delete
cli/python/src/mem0_cli/commands/memory.py	534	def	cmd_delete_all
cli/python/src/mem0_cli/commands/utils.py	30	def	cmd_status
cli/python/src/mem0_cli/commands/utils.py	97	def	cmd_version
cli/python/src/mem0_cli/commands/utils.py	102	def	cmd_import
cli/python/src/mem0_cli/commands/whoami_cmd.py	15	def	run_whoami
cli/python/src/mem0_cli/config.py	27	class	PlatformConfig
cli/python/src/mem0_cli/config.py	42	class	DefaultsConfig
cli/python/src/mem0_cli/config.py	50	class	TelemetryConfig
cli/python/src/mem0_cli/config.py	55	class	AgentRushConfig
cli/python/src/mem0_cli/config.py	62	class	Mem0Config
cli/python/src/mem0_cli/config.py	81	def	ensure_config_dir
cli/python/src/mem0_cli/config.py	88	def	load_config
cli/python/src/mem0_cli/config.py	147	def	save_config
cli/python/src/mem0_cli/config.py	196	def	redact_key
cli/python/src/mem0_cli/config.py	205	def	get_nested_value
cli/python/src/mem0_cli/config.py	218	def	set_nested_value
cli/python/src/mem0_cli/output.py	17	def	format_memories_text
cli/python/src/mem0_cli/output.py	52	def	format_memories_table
cli/python/src/mem0_cli/output.py	96	def	format_json
cli/python/src/mem0_cli/output.py	101	def	format_single_memory
cli/python/src/mem0_cli/output.py	143	def	format_add_result
cli/python/src/mem0_cli/output.py	207	def	format_json_envelope
cli/python/src/mem0_cli/output.py	245	def	sanitize_agent_data
cli/python/src/mem0_cli/output.py	248	def	pick
cli/python/src/mem0_cli/output.py	313	def	format_agent_envelope
cli/python/src/mem0_cli/output.py	348	def	print_result_summary
cli/python/src/mem0_cli/output.py	371	def	_format_date
cli/python/src/mem0_cli/plugin_sync.py	41	def	sync_api_key
cli/python/src/mem0_cli/plugin_sync.py	58	def	_update_claude_settings
cli/python/src/mem0_cli/plugin_sync.py	87	def	_update_shell_rc
cli/python/src/mem0_cli/plugin_sync.py	105	def	_atomic_write_text
cli/python/src/mem0_cli/state.py	10	def	is_agent_mode
cli/python/src/mem0_cli/state.py	14	def	set_agent_mode
cli/python/src/mem0_cli/state.py	19	def	get_current_command
cli/python/src/mem0_cli/state.py	23	def	set_current_command
cli/python/src/mem0_cli/state.py	28	def	capture_notice
cli/python/src/mem0_cli/state.py	40	def	take_notice
cli/python/src/mem0_cli/telemetry.py	26	def	_is_telemetry_enabled
cli/python/src/mem0_cli/telemetry.py	31	def	_get_or_create_anonymous_id
cli/python/src/mem0_cli/telemetry.py	51	def	_get_distinct_id
cli/python/src/mem0_cli/telemetry.py	73	def	capture_event
cli/python/src/mem0_cli/telemetry_sender.py	24	def	_load_context
cli/python/src/mem0_cli/telemetry_sender.py	34	def	main
cli/python/src/mem0_cli/telemetry_sender.py	52	def	_send_identify_event
cli/python/src/mem0_cli/telemetry_sender.py	66	def	_resolve_and_cache_email
cli/python/src/mem0_cli/telemetry_sender.py	87	def	_cache_email
cli/python/src/mem0_cli/telemetry_sender.py	101	def	_send_posthog_event
cli/python/tests/conftest.py	15	def	isolate_config
cli/python/tests/conftest.py	31	def	mock_backend
cli/python/tests/conftest.py	141	def	sample_config
cli/python/tests/test_agent_mode.py	25	def	_strip_ansi
cli/python/tests/test_agent_mode.py	29	def	_run
cli/python/tests/test_agent_mode.py	54	def	clean_home
cli/python/tests/test_agent_mode.py	58	class	TestInitFlagSurface
cli/python/tests/test_agent_mode.py	61	def	test_init_help_lists_agent_flag
cli/python/tests/test_agent_mode.py	66	def	test_init_help_describes_agent_mode
cli/python/tests/test_agent_mode.py	73	def	test_init_help_lists_source_flag
cli/python/tests/test_agent_mode.py	78	def	test_init_help_lists_email_and_code
cli/python/tests/test_agent_mode.py	86	class	TestArgvPreprocessing
cli/python/tests/test_agent_mode.py	95	def	test_init_with_agent_reaches_subcommand
cli/python/tests/test_agent_mode.py	125	class	TestJsonEnvelopeParity
cli/python/tests/test_agent_mode.py	134	def	test_init_agent_json_no_traceback_on_network_failure
cli/python/tests/test_agent_mode.py	153	class	TestInitInCommandList
cli/python/tests/test_agent_mode.py	157	def	test_top_level_help_lists_init
cli/python/tests/test_branding.py	12	def	_make_console
cli/python/tests/test_branding.py	17	class	TestBranding
cli/python/tests/test_branding.py	18	def	test_print_banner
cli/python/tests/test_branding.py	25	def	test_print_success
cli/python/tests/test_branding.py	31	def	test_print_error
cli/python/tests/test_branding.py	38	def	test_print_error_no_hint
cli/python/tests/test_branding.py	44	def	test_print_warning
cli/python/tests/test_branding.py	50	def	test_print_info
cli/python/tests/test_cli_integration.py	20	def	_strip_ansi
cli/python/tests/test_cli_integration.py	25	def	_run
cli/python/tests/test_cli_integration.py	72	def	clean_home
cli/python/tests/test_cli_integration.py	77	class	TestCLIIntegration
cli/python/tests/test_cli_integration.py	80	def	test_help
cli/python/tests/test_cli_integration.py	87	def	test_add_help
cli/python/tests/test_cli_integration.py	93	def	test_add_help_has_scope_panel
cli/python/tests/test_cli_integration.py	99	def	test_search_help
cli/python/tests/test_cli_integration.py	104	def	test_list_help
cli/python/tests/test_cli_integration.py	109	def	test_delete_help
cli/python/tests/test_cli_integration.py	118	def	test_entity_list_help
cli/python/tests/test_cli_integration.py	123	def	test_entity_delete_help
cli/python/tests/test_cli_integration.py	129	def	test_import_help
cli/python/tests/test_cli_integration.py	133	def	test_no_args_shows_help
cli/python/tests/test_cli_integration.py	142	class	TestCLIIsolated
cli/python/tests/test_cli_integration.py	145	def	test_add_no_key_errors
cli/python/tests/test_cli_integration.py	155	def	test_search_no_key_errors
cli/python/tests/test_cli_integration.py	165	def	test_list_no_key_errors
cli/python/tests/test_cli_integration.py	172	def	test_delete_no_id_no_all_errors
cli/python/tests/test_cli_integration.py	187	def	test_config_show_clean
cli/python/tests/test_cli_integration.py	193	def	test_config_set_and_get_roundtrip
cli/python/tests/test_cli_integration.py	206	def	test_import_nonexistent_file
cli/python/tests/test_cli_integration.py	216	def	test_add_no_content_errors
cli/python/tests/test_cli_integration.py	227	class	TestCLINewFeatures
cli/python/tests/test_cli_integration.py	230	def	test_search_help_has_limit
cli/python/tests/test_cli_integration.py	235	def	test_delete_entity_via_delete_flag
cli/python/tests/test_cli_integration.py	241	def	test_entity_delete_has_scope_options
cli/python/tests/test_commands.py	36	def	_make_console
cli/python/tests/test_commands.py	41	def	_make_err_console
cli/python/tests/test_commands.py	46	class	TestAddCommand
cli/python/tests/test_commands.py	47	def	test_add_text
cli/python/tests/test_commands.py	72	def	test_add_with_messages
cli/python/tests/test_commands.py	98	def	test_add_with_metadata
cli/python/tests/test_commands.py	124	def	test_add_json_output
cli/python/tests/test_commands.py	150	def	test_add_quiet_output
cli/python/tests/test_commands.py	177	def	test_add_no_content_exits
cli/python/tests/test_commands.py	203	def	test_add_invalid_metadata_json
cli/python/tests/test_commands.py	228	def	test_add_from_file
cli/python/tests/test_commands.py	255	def	test_add_categories_csv
cli/python/tests/test_commands.py	281	class	TestAddDeduplicatesPending
cli/python/tests/test_commands.py	291	def	_run_add
cli/python/tests/test_commands.py	317	def	test_text_shows_one_pending
cli/python/tests/test_commands.py	321	def	test_json_shows_one_pending
cli/python/tests/test_commands.py	328	def	test_agent_shows_one_pending
cli/python/tests/test_commands.py	341	class	TestSearchCommand
cli/python/tests/test_commands.py	342	def	test_search_text
cli/python/tests/test_commands.py	367	def	test_search_json
cli/python/tests/test_commands.py	392	def	test_search_table
cli/python/tests/test_commands.py	417	def	test_search_no_results
cli/python/tests/test_commands.py	443	def	test_search_with_filter
cli/python/tests/test_commands.py	468	class	TestGetCommand
cli/python/tests/test_commands.py	469	def	test_get_text
cli/python/tests/test_commands.py	481	def	test_get_json
cli/python/tests/test_commands.py	493	class	TestListCommand
cli/python/tests/test_commands.py	494	def	test_list_table
cli/python/tests/test_commands.py	517	def	test_list_json
cli/python/tests/test_commands.py	540	def	test_list_empty
cli/python/tests/test_commands.py	565	class	TestUpdateCommand
cli/python/tests/test_commands.py	566	def	test_update
cli/python/tests/test_commands.py	577	def	test_update_json
cli/python/tests/test_commands.py	589	class	TestDeleteCommand
cli/python/tests/test_commands.py	590	def	test_delete_single
cli/python/tests/test_commands.py	601	def	test_delete_dry_run
cli/python/tests/test_commands.py	614	class	TestDeleteAllCommand
cli/python/tests/test_commands.py	615	def	test_delete_all_force
cli/python/tests/test_commands.py	634	def	test_delete_all_dry_run
cli/python/tests/test_commands.py	655	def	test_delete_all_project_wide
cli/python/tests/test_commands.py	680	def	test_delete_all_project_wide_async_response
cli/python/tests/test_commands.py	702	class	TestStatusCommand
cli/python/tests/test_commands.py	703	def	test_status_connected
cli/python/tests/test_commands.py	714	def	test_status_disconnected
cli/python/tests/test_commands.py	731	def	test_status_json
cli/python/tests/test_commands.py	744	class	TestImportCommand
cli/python/tests/test_commands.py	745	def	test_import_json
cli/python/tests/test_commands.py	761	def	test_import_invalid_file
cli/python/tests/test_commands.py	771	def	test_import_json_output
cli/python/tests/test_commands.py	786	class	TestEntitiesListCommand
cli/python/tests/test_commands.py	787	def	test_list_users
cli/python/tests/test_commands.py	798	def	test_list_invalid_type
cli/python/tests/test_commands.py	808	def	test_list_json
cli/python/tests/test_commands.py	820	class	TestConfigCommands
cli/python/tests/test_commands.py	821	def	test_config_show
cli/python/tests/test_commands.py	839	def	test_config_show_json
cli/python/tests/test_commands.py	858	def	test_config_set_and_get
cli/python/tests/test_commands.py	877	def	test_config_show_displays_defaults
cli/python/tests/test_commands.py	896	class	TestEntitiesDeleteCommand
cli/python/tests/test_commands.py	897	def	test_delete_entity_with_force
cli/python/tests/test_commands.py	919	def	test_delete_entity_agent_id
cli/python/tests/test_commands.py	941	def	test_delete_entity_no_id_exits
cli/python/tests/test_commands.py	959	def	test_delete_entity_json_output
cli/python/tests/test_commands.py	978	def	test_delete_entity_dry_run
cli/python/tests/test_commands.py	1000	class	TestEventCommands
cli/python/tests/test_commands.py	1001	def	test_event_list_table
cli/python/tests/test_commands.py	1014	def	test_event_list_json
cli/python/tests/test_commands.py	1026	def	test_event_list_empty
cli/python/tests/test_commands.py	1038	def	test_event_status_text
cli/python/tests/test_commands.py	1050	def	test_event_status_json
cli/python/tests/test_commands.py	1063	class	TestAgentMode
cli/python/tests/test_commands.py	1066	def	setup_method
cli/python/tests/test_commands.py	1072	def	teardown_method
cli/python/tests/test_commands.py	1080	def	test_add_agent_mode_envelope
cli/python/tests/test_commands.py	1112	def	test_add_agent_mode_scope
cli/python/tests/test_commands.py	1141	def	test_search_agent_mode_envelope
cli/python/tests/test_commands.py	1173	def	test_list_agent_mode_envelope
cli/python/tests/test_commands.py	1203	def	test_get_agent_mode_envelope
cli/python/tests/test_commands.py	1221	def	test_update_agent_mode_envelope
cli/python/tests/test_commands.py	1238	def	test_delete_agent_mode_envelope
cli/python/tests/test_commands.py	1255	def	test_event_list_agent_mode_envelope
cli/python/tests/test_commands.py	1279	def	test_event_status_agent_mode_envelope
cli/python/tests/test_commands.py	1298	def	test_error_in_agent_mode_produces_json_to_stdout
cli/python/tests/test_commands.py	1322	def	test_branding_suppressed_in_agent_mode
cli/python/tests/test_commands.py	1355	def	test_no_spinner_in_agent_mode
cli/python/tests/test_config.py	17	class	TestRedactKey
cli/python/tests/test_config.py	18	def	test_empty_key
cli/python/tests/test_config.py	21	def	test_short_key
cli/python/tests/test_config.py	24	def	test_normal_key
cli/python/tests/test_config.py	29	def	test_exact_8_chars
cli/python/tests/test_config.py	34	class	TestConfig
cli/python/tests/test_config.py	35	def	test_default_config
cli/python/tests/test_config.py	40	def	test_save_and_load
cli/python/tests/test_config.py	49	def	test_env_var_override
cli/python/tests/test_config.py	58	def	test_load_nonexistent_config
cli/python/tests/test_config.py	62	def	test_config_file_permissions
cli/python/tests/test_config.py	73	def	test_defaults_save_and_load
cli/python/tests/test_config.py	88	def	test_defaults_env_var_override
cli/python/tests/test_config.py	99	def	test_backward_compat_no_defaults_key
cli/python/tests/test_config.py	119	def	test_default_config_has_empty_defaults
cli/python/tests/test_config.py	127	class	TestNestedAccess
cli/python/tests/test_config.py	128	def	test_get_nested_value
cli/python/tests/test_config.py	133	def	test_get_nonexistent_key
cli/python/tests/test_config.py	137	def	test_set_nested_value
cli/python/tests/test_config.py	142	def	test_set_int_value_rejects_invalid_input
cli/python/tests/test_config.py	147	def	test_set_nonexistent_key
cli/python/tests/test_config.py	151	def	test_get_defaults_user_id
cli/python/tests/test_config.py	156	def	test_set_defaults_user_id
cli/python/tests/test_config.py	162	class	TestResolveIds
cli/python/tests/test_config.py	163	def	test_cli_flag_overrides_default
cli/python/tests/test_config.py	175	def	test_default_used_when_flag_is_none
cli/python/tests/test_config.py	185	def	test_none_when_neither_set
cli/python/tests/test_config.py	195	def	test_empty_string_treated_as_unset
cli/python/tests/test_init_internals.py	30	class	_Resp
cli/python/tests/test_init_internals.py	31	def	__init__
cli/python/tests/test_init_internals.py	35	def	test_ping_key_200_is_valid
cli/python/tests/test_init_internals.py	40	def	test_ping_key_401_is_invalid
cli/python/tests/test_init_internals.py	45	def	test_ping_key_403_is_invalid
cli/python/tests/test_init_internals.py	50	def	test_ping_key_5xx_is_not_definitively_invalid
cli/python/tests/test_init_internals.py	56	def	test_ping_key_connect_error_prefers_reuse
cli/python/tests/test_init_internals.py	58	def	boom
cli/python/tests/test_init_internals.py	65	def	test_ping_key_timeout_prefers_reuse
cli/python/tests/test_init_internals.py	66	def	boom
cli/python/tests/test_init_internals.py	76	def	test_shell_rc_updates_existing_export_preserves_trailing_newline
cli/python/tests/test_init_internals.py	84	def	test_shell_rc_does_not_create_new_export
cli/python/tests/test_init_internals.py	92	def	test_shell_rc_preserves_surrounding_content
cli/python/tests/test_init_internals.py	104	def	test_shell_rc_idempotent_when_already_matching
cli/python/tests/test_init_internals.py	110	def	test_shell_rc_missing_file_is_noop
cli/python/tests/test_init_internals.py	118	def	test_claude_settings_does_not_create_env_block
cli/python/tests/test_init_internals.py	129	def	test_claude_settings_does_not_create_mem0_entry_in_existing_env
cli/python/tests/test_init_internals.py	138	def	test_claude_settings_updates_existing_entry
cli/python/tests/test_init_internals.py	153	def	test_claude_settings_idempotent
cli/python/tests/test_init_internals.py	161	def	test_claude_settings_malformed_json_is_noop
cli/python/tests/test_init_internals.py	170	def	test_bootstrap_403_permission_surfaces_ratelimit
cli/python/tests/test_init_internals.py	182	class	_Client
cli/python/tests/test_init_internals.py	183	def	__init__
cli/python/tests/test_init_internals.py	186	def	__enter__
cli/python/tests/test_init_internals.py	189	def	__exit__
cli/python/tests/test_init_internals.py	192	def	post
cli/python/tests/test_output.py	18	def	_make_console
cli/python/tests/test_output.py	41	class	TestTextFormat
cli/python/tests/test_output.py	42	def	test_format_memories_text
cli/python/tests/test_output.py	51	def	test_format_memories_text_empty
cli/python/tests/test_output.py	57	def	test_format_memories_text_handles_null_fields
cli/python/tests/test_output.py	63	class	TestTableFormat
cli/python/tests/test_output.py	64	def	test_format_memories_table
cli/python/tests/test_output.py	71	def	test_format_memories_table_empty
cli/python/tests/test_output.py	78	def	test_format_memories_table_handles_null_fields
cli/python/tests/test_output.py	86	class	TestSingleMemory
cli/python/tests/test_output.py	87	def	test_format_single_memory_text
cli/python/tests/test_output.py	95	def	test_format_single_memory_json
cli/python/tests/test_output.py	102	def	test_format_single_memory_handles_null_fields
cli/python/tests/test_output.py	114	class	TestAddResult
cli/python/tests/test_output.py	115	def	test_format_add_result_text
cli/python/tests/test_output.py	127	def	test_format_add_result_update_event
cli/python/tests/test_output.py	138	def	test_format_add_result_noop
cli/python/tests/test_output.py	149	def	test_format_add_result_quiet
cli/python/tests/test_output.py	156	def	test_format_add_result_deduplicates_pending_by_event_id
cli/python/tests/test_output.py	170	def	test_format_add_result_empty
cli/python/tests/test_output.py	177	class	TestSanitizeAgentData
cli/python/tests/test_output.py	178	def	test_add_projects_fields
cli/python/tests/test_output.py	191	def	test_add_pending_passthrough
cli/python/tests/test_output.py	196	def	test_search_projects_fields
cli/python/tests/test_output.py	219	def	test_list_projects_fields
cli/python/tests/test_output.py	234	def	test_get_projects_fields
cli/python/tests/test_output.py	248	def	test_update_projects_fields
cli/python/tests/test_output.py	253	def	test_event_list_projects_fields
cli/python/tests/test_output.py	278	def	test_event_status_flattens_results
cli/python/tests/test_output.py	299	def	test_passthrough_commands
cli/python/tests/test_output.py	304	def	test_none_data
cli/python/tests/test_platform_backend.py	11	def	_make_backend
cli/python/tests/test_platform_backend.py	17	class	TestDeleteEntities
cli/python/tests/test_platform_backend.py	18	def	test_multiple_entities_returns_all_results
cli/python/tests/test_platform_backend.py	35	def	test_single_entity_keyed_by_type
cli/python/tests/test_platform_backend.py	41	def	test_no_entities_raises
cli/python/tests/test_platform_backend_paths.py	6	def	_backend
cli/python/tests/test_platform_backend_paths.py	18	def	test_memory_id_path_segments_are_encoded
cli/python/tests/test_platform_backend_paths.py	33	def	test_entity_and_event_path_segments_are_encoded
cli/python/tests/test_telemetry.py	15	class	_CaptureStdin
cli/python/tests/test_telemetry.py	16	def	__init__
cli/python/tests/test_telemetry.py	20	def	write
cli/python/tests/test_telemetry.py	23	def	close
cli/python/tests/test_telemetry.py	27	class	_DummyProcess
cli/python/tests/test_telemetry.py	28	def	__init__
cli/python/tests/test_telemetry.py	32	def	test_capture_event_writes_context_to_stdin_not_argv
cli/python/tests/test_telemetry.py	41	def	fake_popen
cli/python/tests/test_telemetry.py	65	def	test_load_context_reads_from_stdin
cli/python/tests/test_telemetry.py	74	def	test_load_context_falls_back_to_argv
examples/mem0-demo/app/api/chat/route.ts	7	const	runtime
examples/mem0-demo/app/api/chat/route.ts	8	const	maxDuration
examples/mem0-demo/app/api/chat/route.ts	10	const	SYSTEM_HIGHLIGHT_PROMPT
examples/mem0-demo/app/api/chat/route.ts	57	const	retrieveMemories
examples/mem0-demo/app/api/chat/route.ts	59	const	systemPrompt
examples/mem0-demo/app/api/chat/route.ts	61	const	memoriesText
examples/mem0-demo/app/api/chat/route.ts	70	function	POST
examples/mem0-demo/app/api/chat/route.ts	73	const	memories
examples/mem0-demo/app/api/chat/route.ts	74	const	mem0Instructions
examples/mem0-demo/app/api/chat/route.ts	76	const	result
examples/mem0-demo/app/api/chat/route.ts	91	const	addMemoriesTask
examples/mem0-demo/app/api/chat/route.ts	103	const	newMemories
examples/mem0-demo/app/assistant.tsx	15	const	useUserId
examples/mem0-demo/app/assistant.tsx	27	const	resetUserId
examples/mem0-demo/app/assistant.tsx	28	const	newId
examples/mem0-demo/app/assistant.tsx	32	const	keys
examples/mem0-demo/app/assistant.tsx	45	const	Assistant
examples/mem0-demo/app/assistant.tsx	47	const	runtime
examples/mem0-demo/app/assistant.tsx	55	const	toggleDarkMode
examples/mem0-demo/app/layout.tsx	5	const	geistSans
examples/mem0-demo/app/layout.tsx	10	const	geistMono
examples/mem0-demo/app/layout.tsx	15	const	metadata
examples/mem0-demo/app/layout.tsx	20	function	RootLayout
examples/mem0-demo/app/page.tsx	3	function	Page
examples/mem0-demo/components/assistant-ui/markdown-text.tsx	18	const	MarkdownTextImpl
examples/mem0-demo/components/assistant-ui/markdown-text.tsx	28	const	MarkdownText
examples/mem0-demo/components/assistant-ui/markdown-text.tsx	30	const	CodeHeader
examples/mem0-demo/components/assistant-ui/markdown-text.tsx	32	const	onCopy
examples/mem0-demo/components/assistant-ui/markdown-text.tsx	48	const	useCopyToClipboard
examples/mem0-demo/components/assistant-ui/markdown-text.tsx	55	const	copyToClipboard
examples/mem0-demo/components/assistant-ui/markdown-text.tsx	67	const	defaultComponents
examples/mem0-demo/components/assistant-ui/markdown-text.tsx	123	const	isCodeBlock
examples/mem0-demo/components/assistant-ui/memory-indicator.tsx	14	type	Memory
examples/mem0-demo/components/assistant-ui/memory-indicator.tsx	21	interface	MemoryIndicatorProps
examples/mem0-demo/components/assistant-ui/memory-indicator.tsx	25	function	MemoryIndicator
examples/mem0-demo/components/assistant-ui/memory-indicator.tsx	29	const	hasAccessed
examples/mem0-demo/components/assistant-ui/memory-indicator.tsx	30	const	hasUpdated
examples/mem0-demo/components/assistant-ui/memory-ui.tsx	5	type	RetrievedMemory
examples/mem0-demo/components/assistant-ui/memory-ui.tsx	17	type	NewMemory
examples/mem0-demo/components/assistant-ui/memory-ui.tsx	25	type	NewMemoryAnnotation
examples/mem0-demo/components/assistant-ui/memory-ui.tsx	30	type	GetMemoryAnnotation
examples/mem0-demo/components/assistant-ui/memory-ui.tsx	35	type	MemoryAnnotation
examples/mem0-demo/components/assistant-ui/memory-ui.tsx	37	const	isMemoryAnnotation
examples/mem0-demo/components/assistant-ui/memory-ui.tsx	43	const	useMemories
examples/mem0-demo/components/assistant-ui/memory-ui.tsx	44	const	annotations
examples/mem0-demo/components/assistant-ui/memory-ui.tsx	74	const	MemoryUI
examples/mem0-demo/components/assistant-ui/memory-ui.tsx	75	const	memories
examples/mem0-demo/components/assistant-ui/theme-aware-logo.tsx	7	function	ThemeAwareLogo
examples/mem0-demo/components/assistant-ui/theme-aware-logo.tsx	31	const	logoSrc
examples/mem0-demo/components/assistant-ui/thread-list.tsx	24	interface	ThreadListProps
examples/mem0-demo/components/assistant-ui/thread-list.tsx	29	const	ThreadList
examples/mem0-demo/components/assistant-ui/thread-list.tsx	88	const	ThreadListNew
examples/mem0-demo/components/assistant-ui/thread-list.tsx	102	const	ThreadListItems
examples/mem0-demo/components/assistant-ui/thread-list.tsx	106	const	ThreadListItem
examples/mem0-demo/components/assistant-ui/thread-list.tsx	117	const	ThreadListItemTitle
examples/mem0-demo/components/assistant-ui/thread-list.tsx	125	const	ThreadListItemArchive
examples/mem0-demo/components/assistant-ui/thread.tsx	50	interface	ThreadProps
examples/mem0-demo/components/assistant-ui/thread.tsx	58	const	Thread
examples/mem0-demo/components/assistant-ui/thread.tsx	66	const	composerInputRef
examples/mem0-demo/components/assistant-ui/thread.tsx	234	const	ThreadScrollToBottom
examples/mem0-demo/components/assistant-ui/thread.tsx	248	interface	ThreadWelcomeProps
examples/mem0-demo/components/assistant-ui/thread.tsx	252	const	ThreadWelcome
examples/mem0-demo/components/assistant-ui/thread.tsx	278	interface	ThreadWelcomeSuggestionsProps
examples/mem0-demo/components/assistant-ui/thread.tsx	282	const	ThreadWelcomeSuggestions
examples/mem0-demo/components/assistant-ui/thread.tsx	325	interface	ComposerProps
examples/mem0-demo/components/assistant-ui/thread.tsx	329	const	Composer
examples/mem0-demo/components/assistant-ui/thread.tsx	344	const	ComposerAction
examples/mem0-demo/components/assistant-ui/thread.tsx	373	const	UserMessage
examples/mem0-demo/components/assistant-ui/thread.tsx	387	const	UserActionBar
examples/mem0-demo/components/assistant-ui/thread.tsx	406	const	EditComposer
examples/mem0-demo/components/assistant-ui/thread.tsx	430	const	AssistantMessage
examples/mem0-demo/components/assistant-ui/thread.tsx	431	const	content
examples/mem0-demo/components/assistant-ui/thread.tsx	432	const	markdownText
examples/mem0-demo/components/assistant-ui/thread.tsx	459	const	AssistantActionBar
examples/mem0-demo/components/assistant-ui/thread.tsx	491	const	BranchPicker
examples/mem0-demo/components/assistant-ui/thread.tsx	527	const	CircleStopIcon
examples/mem0-demo/components/assistant-ui/thread.tsx	542	const	ThreadListItem
examples/mem0-demo/components/assistant-ui/tooltip-icon-button.tsx	14	type	TooltipIconButtonProps
examples/mem0-demo/components/assistant-ui/tooltip-icon-button.tsx	19	const	TooltipIconButton
examples/mem0-demo/components/mem0/github-button.tsx	3	const	GithubButton
examples/mem0-demo/components/mem0/markdown.tsx	15	interface	MarkdownRendererProps
examples/mem0-demo/components/mem0/markdown.tsx	25	const	MarkdownRenderer
examples/mem0-demo/components/mem0/markdown.tsx	36	const	highlightBuffer
examples/mem0-demo/components/mem0/markdown.tsx	37	const	isCollecting
examples/mem0-demo/components/mem0/markdown.tsx	38	const	processedTextRef
examples/mem0-demo/components/mem0/markdown.tsx	40	const	safeMarkdownText
examples/mem0-demo/components/mem0/markdown.tsx	44	const	preProcessText
examples/mem0-demo/components/mem0/markdown.tsx	50	const	content
examples/mem0-demo/components/mem0/markdown.tsx	60	const	timer
examples/mem0-demo/components/mem0/markdown.tsx	66	const	copyToClipboard
examples/mem0-demo/components/mem0/markdown.tsx	72	const	processText
examples/mem0-demo/components/mem0/markdown.tsx	84	const	content
examples/mem0-demo/components/mem0/markdown.tsx	108	const	processChildren
examples/mem0-demo/components/mem0/markdown.tsx	114	const	processed
examples/mem0-demo/components/mem0/markdown.tsx	121	const	CodeBlock
examples/mem0-demo/components/mem0/markdown.tsx	174	const	components
examples/mem0-demo/components/mem0/markdown.tsx	191	const	match
examples/mem0-demo/components/mem0/theme-aware-logo.tsx	8	function	ThemeAwareLogo
examples/mem0-demo/components/mem0/theme-aware-logo.tsx	32	const	logoSrc
examples/mem0-demo/components/ui/alert-dialog.tsx	9	const	AlertDialog
examples/mem0-demo/components/ui/alert-dialog.tsx	11	const	AlertDialogTrigger
examples/mem0-demo/components/ui/alert-dialog.tsx	13	const	AlertDialogPortal
examples/mem0-demo/components/ui/alert-dialog.tsx	15	const	AlertDialogOverlay
examples/mem0-demo/components/ui/alert-dialog.tsx	30	const	AlertDialogContent
examples/mem0-demo/components/ui/alert-dialog.tsx	48	const	AlertDialogHeader
examples/mem0-demo/components/ui/alert-dialog.tsx	62	const	AlertDialogFooter
examples/mem0-demo/components/ui/alert-dialog.tsx	76	const	AlertDialogTitle
examples/mem0-demo/components/ui/alert-dialog.tsx	88	const	AlertDialogDescription
examples/mem0-demo/components/ui/alert-dialog.tsx	101	const	AlertDialogAction
examples/mem0-demo/components/ui/alert-dialog.tsx	113	const	AlertDialogCancel
examples/mem0-demo/components/ui/avatar.tsx	8	const	Avatar
examples/mem0-demo/components/ui/avatar.tsx	23	const	AvatarImage
examples/mem0-demo/components/ui/avatar.tsx	35	const	AvatarFallback
examples/mem0-demo/components/ui/badge.tsx	6	const	badgeVariants
examples/mem0-demo/components/ui/badge.tsx	26	interface	BadgeProps
examples/mem0-demo/components/ui/badge.tsx	30	function	Badge
examples/mem0-demo/components/ui/button.tsx	7	const	buttonVariants
examples/mem0-demo/components/ui/button.tsx	37	interface	ButtonProps
examples/mem0-demo/components/ui/button.tsx	43	const	Button
examples/mem0-demo/components/ui/button.tsx	45	const	Comp
examples/mem0-demo/components/ui/popover.tsx	8	const	Popover
examples/mem0-demo/components/ui/popover.tsx	10	const	PopoverTrigger
examples/mem0-demo/components/ui/popover.tsx	12	const	PopoverAnchor
examples/mem0-demo/components/ui/popover.tsx	14	const	PopoverContent
examples/mem0-demo/components/ui/scroll-area.tsx	8	const	ScrollArea
examples/mem0-demo/components/ui/scroll-area.tsx	26	const	ScrollBar
examples/mem0-demo/components/ui/tooltip.tsx	8	const	TooltipProvider
examples/mem0-demo/components/ui/tooltip.tsx	10	const	Tooltip
examples/mem0-demo/components/ui/tooltip.tsx	12	const	TooltipTrigger
examples/mem0-demo/components/ui/tooltip.tsx	14	const	TooltipContent
examples/mem0-demo/eslint.config.mjs	5	const	__filename
examples/mem0-demo/eslint.config.mjs	6	const	__dirname
examples/mem0-demo/eslint.config.mjs	8	const	compat
examples/mem0-demo/eslint.config.mjs	12	const	eslintConfig
examples/mem0-demo/lib/utils.ts	4	function	cn
examples/mem0-demo/next.config.ts	3	const	nextConfig
examples/mem0-demo/postcss.config.mjs	2	const	config
examples/misc/diet_assistant_voice_cartesia.py	46	def	get_food_recommendation
examples/misc/diet_assistant_voice_cartesia.py	84	def	initialize_food_memory
examples/misc/fitness_checker.py	28	def	store_user_preferences
examples/misc/fitness_checker.py	34	def	fitness_coach
examples/misc/healthcare_assistant_google_adk.py	19	def	save_patient_info
examples/misc/healthcare_assistant_google_adk.py	37	def	retrieve_patient_info
examples/misc/healthcare_assistant_google_adk.py	61	def	schedule_appointment
examples/misc/healthcare_assistant_google_adk.py	113	def	call_agent_async
examples/misc/healthcare_assistant_google_adk.py	136	def	run_conversation
examples/misc/healthcare_assistant_google_adk.py	168	def	interactive_mode
examples/misc/movie_recommendation_grok3.py	46	def	recommend_movie_with_memory
examples/misc/multillm_memory.py	51	def	get_team_knowledge
examples/misc/multillm_memory.py	67	def	research_with_specialist
examples/misc/multillm_memory.py	107	def	show_team_knowledge
examples/misc/multillm_memory.py	132	def	demo_research_team
examples/misc/personal_assistant_agno.py	32	def	chat_user
examples/misc/personalized_search.py	41	def	setup_user_history
examples/misc/personalized_search.py	72	def	get_user_context
examples/misc/personalized_search.py	100	def	create_personalized_search_agent
examples/misc/personalized_search.py	155	def	conduct_personalized_search
examples/misc/personalized_search.py	204	def	store_search_interaction
examples/misc/personalized_search.py	220	def	personalized_search_agent
examples/misc/strands_agent_aws_elasticache_neptune.py	90	def	get_assistant_response
examples/misc/strands_agent_aws_elasticache_neptune.py	117	def	store_memory_tool
examples/misc/strands_agent_aws_elasticache_neptune.py	147	def	store_graph_memory_tool
examples/misc/strands_agent_aws_elasticache_neptune.py	179	def	search_memory_tool
examples/misc/strands_agent_aws_elasticache_neptune.py	225	def	search_graph_memory_tool
examples/misc/strands_agent_aws_elasticache_neptune.py	280	def	get_all_memories_tool
examples/misc/strands_agent_aws_elasticache_neptune.py	318	def	store_memory
examples/misc/strands_agent_aws_elasticache_neptune.py	338	def	get_agent_metrics
examples/misc/study_buddy.py	32	def	upload_pdf
examples/misc/study_buddy.py	39	def	study_buddy
examples/misc/study_buddy.py	64	def	main
examples/misc/test.py	16	def	search_memory
examples/misc/test.py	25	def	save_memory
examples/misc/test.py	62	def	chat_with_handoffs
examples/misc/vllm_example.py	47	def	main
examples/misc/voice_assistant_elevenlabs.py	41	def	store_user_preferences
examples/misc/voice_assistant_elevenlabs.py	47	def	initialize_memory
examples/misc/voice_assistant_elevenlabs.py	119	def	record_audio
examples/misc/voice_assistant_elevenlabs.py	146	def	transcribe_whisper
examples/misc/voice_assistant_elevenlabs.py	159	def	get_agent_response
examples/misc/voice_assistant_elevenlabs.py	196	def	speak_response
examples/misc/voice_assistant_elevenlabs.py	205	def	run_voice_agent
examples/multiagents/llamaindex_learning_system.py	35	class	MultiAgentLearningSystem
examples/multiagents/llamaindex_learning_system.py	43	def	__init__
examples/multiagents/llamaindex_learning_system.py	53	def	_setup_agents
examples/multiagents/llamaindex_learning_system.py	57	def	assess_understanding
examples/multiagents/llamaindex_learning_system.py	72	def	track_progress
examples/multiagents/llamaindex_learning_system.py	148	def	start_learning_session
examples/multiagents/llamaindex_learning_system.py	163	def	get_learning_history
examples/multiagents/llamaindex_learning_system.py	179	def	run_learning_agent
examples/multiagents/llamaindex_learning_system.py	205	def	main
examples/multimodal-demo/src/App.tsx	4	function	App
examples/multimodal-demo/src/components/api-settings-popup.tsx	9	function	ApiSettingsPopup
examples/multimodal-demo/src/components/api-settings-popup.tsx	16	const	handleSave
examples/multimodal-demo/src/components/chevron-toggle.tsx	5	const	ChevronToggle
examples/multimodal-demo/src/components/header.tsx	7	const	Header
examples/multimodal-demo/src/components/header.tsx	14	const	handleSelectUser
examples/multimodal-demo/src/components/header.tsx	18	const	handleClearUser
examples/multimodal-demo/src/components/header.tsx	23	const	handleSubmit
examples/multimodal-demo/src/components/header.tsx	28	const	handleKeyDown
examples/multimodal-demo/src/components/input-area.tsx	8	const	InputArea
examples/multimodal-demo/src/components/input-area.tsx	13	const	ref
examples/multimodal-demo/src/components/input-area.tsx	14	const	fileInputRef
examples/multimodal-demo/src/components/input-area.tsx	16	const	handleFileChange
examples/multimodal-demo/src/components/input-area.tsx	17	const	file
examples/multimodal-demo/src/components/input-area.tsx	28	const	handleSendController
examples/multimodal-demo/src/components/input-area.tsx	40	const	handleClosePopup
examples/multimodal-demo/src/components/input-area.tsx	90	const	FileInfoPopup
examples/multimodal-demo/src/components/memories.tsx	11	const	MemoryItem
examples/multimodal-demo/src/components/memories.tsx	39	const	Memories
examples/multimodal-demo/src/components/messages.tsx	10	const	Messages
examples/multimodal-demo/src/components/messages.tsx	12	const	scrollAreaRef
examples/multimodal-demo/src/components/ui/avatar.tsx	8	const	Avatar
examples/multimodal-demo/src/components/ui/avatar.tsx	23	const	AvatarImage
examples/multimodal-demo/src/components/ui/avatar.tsx	35	const	AvatarFallback
examples/multimodal-demo/src/components/ui/badge.tsx	6	const	badgeVariants
examples/multimodal-demo/src/components/ui/badge.tsx	26	interface	BadgeProps
examples/multimodal-demo/src/components/ui/badge.tsx	30	function	Badge
examples/multimodal-demo/src/components/ui/button.tsx	7	const	buttonVariants
examples/multimodal-demo/src/components/ui/button.tsx	37	interface	ButtonProps
examples/multimodal-demo/src/components/ui/button.tsx	43	const	Button
examples/multimodal-demo/src/components/ui/button.tsx	45	const	Comp
examples/multimodal-demo/src/components/ui/card.tsx	5	const	Card
examples/multimodal-demo/src/components/ui/card.tsx	20	const	CardHeader
examples/multimodal-demo/src/components/ui/card.tsx	32	const	CardTitle
examples/multimodal-demo/src/components/ui/card.tsx	44	const	CardDescription
examples/multimodal-demo/src/components/ui/card.tsx	56	const	CardContent
examples/multimodal-demo/src/components/ui/card.tsx	64	const	CardFooter
examples/multimodal-demo/src/components/ui/dialog.tsx	7	const	Dialog
examples/multimodal-demo/src/components/ui/dialog.tsx	9	const	DialogTrigger
examples/multimodal-demo/src/components/ui/dialog.tsx	11	const	DialogPortal
examples/multimodal-demo/src/components/ui/dialog.tsx	13	const	DialogClose
examples/multimodal-demo/src/components/ui/dialog.tsx	15	const	DialogOverlay
examples/multimodal-demo/src/components/ui/dialog.tsx	30	const	DialogContent
examples/multimodal-demo/src/components/ui/dialog.tsx	54	const	DialogHeader
examples/multimodal-demo/src/components/ui/dialog.tsx	68	const	DialogFooter
examples/multimodal-demo/src/components/ui/dialog.tsx	82	const	DialogTitle
examples/multimodal-demo/src/components/ui/dialog.tsx	97	const	DialogDescription
examples/multimodal-demo/src/components/ui/input.tsx	5	interface	InputProps
examples/multimodal-demo/src/components/ui/input.tsx	8	const	Input
examples/multimodal-demo/src/components/ui/label.tsx	7	const	labelVariants
examples/multimodal-demo/src/components/ui/label.tsx	11	const	Label
examples/multimodal-demo/src/components/ui/scroll-area.tsx	6	const	ScrollArea
examples/multimodal-demo/src/components/ui/scroll-area.tsx	24	const	ScrollBar
examples/multimodal-demo/src/components/ui/select.tsx	14	const	Select
examples/multimodal-demo/src/components/ui/select.tsx	16	const	SelectGroup
examples/multimodal-demo/src/components/ui/select.tsx	18	const	SelectValue
examples/multimodal-demo/src/components/ui/select.tsx	20	const	SelectTrigger
examples/multimodal-demo/src/components/ui/select.tsx	40	const	SelectScrollUpButton
examples/multimodal-demo/src/components/ui/select.tsx	57	const	SelectScrollDownButton
examples/multimodal-demo/src/components/ui/select.tsx	75	const	SelectContent
examples/multimodal-demo/src/components/ui/select.tsx	107	const	SelectLabel
examples/multimodal-demo/src/components/ui/select.tsx	119	const	SelectItem
examples/multimodal-demo/src/components/ui/select.tsx	141	const	SelectSeparator
examples/multimodal-demo/src/constants/messages.ts	3	const	WELCOME_MESSAGE
examples/multimodal-demo/src/constants/messages.ts	10	const	INVALID_CONFIG_MESSAGE
examples/multimodal-demo/src/constants/messages.ts	17	const	ERROR_MESSAGE
examples/multimodal-demo/src/constants/messages.ts	24	const	AI_MODELS
examples/multimodal-demo/src/constants/messages.ts	31	type	Provider
examples/multimodal-demo/src/contexts/GlobalContext.tsx	9	interface	GlobalContextType
examples/multimodal-demo/src/contexts/GlobalContext.tsx	28	const	GlobalContext
examples/multimodal-demo/src/contexts/GlobalContext.tsx	30	const	GlobalState
examples/multimodal-demo/src/contexts/GlobalContext.tsx	63	const	handleSend
examples/multimodal-demo/src/contexts/GlobalContext.tsx	75	const	setFile
examples/multimodal-demo/src/hooks/useAuth.ts	4	interface	UseAuthReturn
examples/multimodal-demo/src/hooks/useAuth.ts	15	const	useAuth
examples/multimodal-demo/src/hooks/useAuth.ts	22	const	mem0
examples/multimodal-demo/src/hooks/useAuth.ts	23	const	openai
examples/multimodal-demo/src/hooks/useAuth.ts	24	const	savedProvider
examples/multimodal-demo/src/hooks/useAuth.ts	25	const	savedUser
examples/multimodal-demo/src/hooks/useAuth.ts	35	const	setAuth
examples/multimodal-demo/src/hooks/useAuth.ts	44	const	clearAuth
examples/multimodal-demo/src/hooks/useAuth.ts	53	const	updateUser
examples/multimodal-demo/src/hooks/useAuth.ts	58	const	clearUser
examples/multimodal-demo/src/hooks/useChat.ts	7	interface	UseChatProps
examples/multimodal-demo/src/hooks/useChat.ts	14	interface	UseChatReturn
examples/multimodal-demo/src/hooks/useChat.ts	21	type	MessageContent
examples/multimodal-demo/src/hooks/useChat.ts	28	interface	PromptMessage
examples/multimodal-demo/src/hooks/useChat.ts	33	const	useChat
examples/multimodal-demo/src/hooks/useChat.ts	38	const	openai
examples/multimodal-demo/src/hooks/useChat.ts	40	const	updateMemories
examples/multimodal-demo/src/hooks/useChat.ts	41	const	memoryClient
examples/multimodal-demo/src/hooks/useChat.ts	47	const	response
examples/multimodal-demo/src/hooks/useChat.ts	51	const	newMemories
examples/multimodal-demo/src/hooks/useChat.ts	63	const	formatMessagesForPrompt
examples/multimodal-demo/src/hooks/useChat.ts	84	const	sendMessage
examples/multimodal-demo/src/hooks/useChat.ts	87	const	memoryClient
examples/multimodal-demo/src/hooks/useChat.ts	90	const	newMessage
examples/multimodal-demo/src/hooks/useChat.ts	100	const	userMessage
examples/multimodal-demo/src/hooks/useChat.ts	112	const	allMessagesForMemory
examples/multimodal-demo/src/hooks/useChat.ts	117	const	lastAssistantMessage
examples/multimodal-demo/src/hooks/useChat.ts	126	const	hasImage
examples/multimodal-demo/src/hooks/useChat.ts	128	const	content
examples/multimodal-demo/src/hooks/useChat.ts	148	const	searchResponse
examples/multimodal-demo/src/hooks/useChat.ts	170	const	generateRandomId
examples/multimodal-demo/src/hooks/useChat.ts	174	const	completion
examples/multimodal-demo/src/hooks/useChat.ts	186	const	assistantMessageId
examples/multimodal-demo/src/hooks/useChat.ts	187	const	assistantMessage
examples/multimodal-demo/src/hooks/useChat.ts	197	const	textPart
examples/multimodal-demo/src/hooks/useFileHandler.ts	5	interface	UseFileHandlerReturn
examples/multimodal-demo/src/hooks/useFileHandler.ts	14	const	useFileHandler
examples/multimodal-demo/src/hooks/useFileHandler.ts	19	const	handleFile
examples/multimodal-demo/src/hooks/useFileHandler.ts	23	const	base64Data
examples/multimodal-demo/src/hooks/useFileHandler.ts	26	const	bufferData
examples/multimodal-demo/src/hooks/useFileHandler.ts	31	const	clearFile
examples/multimodal-demo/src/libs/utils.ts	4	function	cn
examples/multimodal-demo/src/page.tsx	6	function	Home
examples/multimodal-demo/src/pages/home.tsx	10	function	Home
examples/multimodal-demo/src/types.ts	2	interface	Memory
examples/multimodal-demo/src/types.ts	9	interface	Message
examples/multimodal-demo/src/types.ts	18	interface	FileInfo
examples/multimodal-demo/src/utils/fileUtils.ts	3	const	convertToBase64
examples/multimodal-demo/src/utils/fileUtils.ts	5	const	reader
examples/multimodal-demo/src/utils/fileUtils.ts	12	const	getFileBuffer
examples/multimodal-demo/src/utils/fileUtils.ts	13	const	response
examples/multimodal-demo/src/utils/fileUtils.ts	14	const	arrayBuffer
examples/multimodal-demo/useChat.ts	7	interface	UseChatProps
examples/multimodal-demo/useChat.ts	14	interface	UseChatReturn
examples/multimodal-demo/useChat.ts	21	type	MessageContent
examples/multimodal-demo/useChat.ts	28	interface	PromptMessage
examples/multimodal-demo/useChat.ts	33	const	useChat
examples/multimodal-demo/useChat.ts	38	const	openai
examples/multimodal-demo/useChat.ts	40	const	updateMemories
examples/multimodal-demo/useChat.ts	41	const	memoryClient
examples/multimodal-demo/useChat.ts	47	const	response
examples/multimodal-demo/useChat.ts	51	const	newMemories
examples/multimodal-demo/useChat.ts	63	const	formatMessagesForPrompt
examples/multimodal-demo/useChat.ts	84	const	sendMessage
examples/multimodal-demo/useChat.ts	87	const	memoryClient
examples/multimodal-demo/useChat.ts	90	const	newMessage
examples/multimodal-demo/useChat.ts	100	const	userMessage
examples/multimodal-demo/useChat.ts	112	const	allMessagesForMemory
examples/multimodal-demo/useChat.ts	117	const	lastAssistantMessage
examples/multimodal-demo/useChat.ts	126	const	hasImage
examples/multimodal-demo/useChat.ts	128	const	content
examples/multimodal-demo/useChat.ts	148	const	searchResponse
examples/multimodal-demo/useChat.ts	170	const	generateRandomId
examples/multimodal-demo/useChat.ts	174	const	completion
examples/multimodal-demo/useChat.ts	186	const	assistantMessageId
examples/multimodal-demo/useChat.ts	187	const	assistantMessage
examples/multimodal-demo/useChat.ts	197	const	textPart
examples/notebooks/helper/mem0_teachability.py	19	class	Mem0Teachability
examples/notebooks/helper/mem0_teachability.py	20	def	__init__
examples/notebooks/helper/mem0_teachability.py	42	def	add_to_agent
examples/notebooks/helper/mem0_teachability.py	57	def	process_last_received_message
examples/notebooks/helper/mem0_teachability.py	64	def	_consider_memo_storage
examples/notebooks/helper/mem0_teachability.py	114	def	_consider_memo_retrieval
examples/notebooks/helper/mem0_teachability.py	141	def	_retrieve_relevant_memos
examples/notebooks/helper/mem0_teachability.py	153	def	_concatenate_memo_texts
examples/notebooks/helper/mem0_teachability.py	164	def	_analyze
examples/openai-inbuilt-tools/index.js	6	const	mem0Config
examples/openai-inbuilt-tools/index.js	11	function	run
examples/openai-inbuilt-tools/index.js	25	const	CarSchema
examples/openai-inbuilt-tools/index.js	33	const	Cars
examples/openai-inbuilt-tools/index.js	37	function	main
examples/openai-inbuilt-tools/index.js	38	const	openAIClient
examples/openai-inbuilt-tools/index.js	39	const	mem0Client
examples/openai-inbuilt-tools/index.js	41	const	input
examples/openai-inbuilt-tools/index.js	43	const	tool
examples/openai-inbuilt-tools/index.js	57	const	response
examples/openai-inbuilt-tools/index.js	66	function	addSampleMemories
examples/openai-inbuilt-tools/index.js	67	const	mem0Client
examples/openai-inbuilt-tools/index.js	69	const	myInterests
examples/openai-inbuilt-tools/index.js	77	const	getMemoryString
examples/openai-inbuilt-tools/index.js	78	const	MEMORY_STRING_PREFIX
examples/openai-inbuilt-tools/index.js	79	const	memoryString
examples/vercel-ai-sdk-chat-app/src/App.tsx	4	function	App
examples/vercel-ai-sdk-chat-app/src/components/api-settings-popup.tsx	9	function	ApiSettingsPopup
examples/vercel-ai-sdk-chat-app/src/components/api-settings-popup.tsx	16	const	handleSave
examples/vercel-ai-sdk-chat-app/src/components/chevron-toggle.tsx	5	const	ChevronToggle
examples/vercel-ai-sdk-chat-app/src/components/header.tsx	7	const	Header
examples/vercel-ai-sdk-chat-app/src/components/header.tsx	14	const	handleSelectUser
examples/vercel-ai-sdk-chat-app/src/components/header.tsx	18	const	handleClearUser
examples/vercel-ai-sdk-chat-app/src/components/header.tsx	23	const	handleSubmit
examples/vercel-ai-sdk-chat-app/src/components/header.tsx	28	const	handleKeyDown
examples/vercel-ai-sdk-chat-app/src/components/input-area.tsx	8	const	InputArea
examples/vercel-ai-sdk-chat-app/src/components/input-area.tsx	13	const	ref
examples/vercel-ai-sdk-chat-app/src/components/input-area.tsx	14	const	fileInputRef
examples/vercel-ai-sdk-chat-app/src/components/input-area.tsx	16	const	handleFileChange
examples/vercel-ai-sdk-chat-app/src/components/input-area.tsx	17	const	file
examples/vercel-ai-sdk-chat-app/src/components/input-area.tsx	28	const	handleSendController
examples/vercel-ai-sdk-chat-app/src/components/input-area.tsx	40	const	handleClosePopup
examples/vercel-ai-sdk-chat-app/src/components/input-area.tsx	90	const	FileInfoPopup
examples/vercel-ai-sdk-chat-app/src/components/memories.tsx	11	const	MemoryItem
examples/vercel-ai-sdk-chat-app/src/components/memories.tsx	39	const	Memories
examples/vercel-ai-sdk-chat-app/src/components/messages.tsx	10	const	Messages
examples/vercel-ai-sdk-chat-app/src/components/messages.tsx	12	const	scrollAreaRef
examples/vercel-ai-sdk-chat-app/src/components/ui/avatar.tsx	8	const	Avatar
examples/vercel-ai-sdk-chat-app/src/components/ui/avatar.tsx	23	const	AvatarImage
examples/vercel-ai-sdk-chat-app/src/components/ui/avatar.tsx	35	const	AvatarFallback
examples/vercel-ai-sdk-chat-app/src/components/ui/badge.tsx	6	const	badgeVariants
examples/vercel-ai-sdk-chat-app/src/components/ui/badge.tsx	26	interface	BadgeProps
examples/vercel-ai-sdk-chat-app/src/components/ui/badge.tsx	30	function	Badge
examples/vercel-ai-sdk-chat-app/src/components/ui/button.tsx	7	const	buttonVariants
examples/vercel-ai-sdk-chat-app/src/components/ui/button.tsx	37	interface	ButtonProps
examples/vercel-ai-sdk-chat-app/src/components/ui/button.tsx	43	const	Button
examples/vercel-ai-sdk-chat-app/src/components/ui/button.tsx	45	const	Comp
examples/vercel-ai-sdk-chat-app/src/components/ui/card.tsx	5	const	Card
examples/vercel-ai-sdk-chat-app/src/components/ui/card.tsx	20	const	CardHeader
examples/vercel-ai-sdk-chat-app/src/components/ui/card.tsx	32	const	CardTitle
examples/vercel-ai-sdk-chat-app/src/components/ui/card.tsx	44	const	CardDescription
examples/vercel-ai-sdk-chat-app/src/components/ui/card.tsx	56	const	CardContent
examples/vercel-ai-sdk-chat-app/src/components/ui/card.tsx	64	const	CardFooter
examples/vercel-ai-sdk-chat-app/src/components/ui/dialog.tsx	7	const	Dialog
examples/vercel-ai-sdk-chat-app/src/components/ui/dialog.tsx	9	const	DialogTrigger
examples/vercel-ai-sdk-chat-app/src/components/ui/dialog.tsx	11	const	DialogPortal
examples/vercel-ai-sdk-chat-app/src/components/ui/dialog.tsx	13	const	DialogClose
examples/vercel-ai-sdk-chat-app/src/components/ui/dialog.tsx	15	const	DialogOverlay
examples/vercel-ai-sdk-chat-app/src/components/ui/dialog.tsx	30	const	DialogContent
examples/vercel-ai-sdk-chat-app/src/components/ui/dialog.tsx	54	const	DialogHeader
examples/vercel-ai-sdk-chat-app/src/components/ui/dialog.tsx	68	const	DialogFooter
examples/vercel-ai-sdk-chat-app/src/components/ui/dialog.tsx	82	const	DialogTitle
examples/vercel-ai-sdk-chat-app/src/components/ui/dialog.tsx	97	const	DialogDescription
examples/vercel-ai-sdk-chat-app/src/components/ui/input.tsx	5	interface	InputProps
examples/vercel-ai-sdk-chat-app/src/components/ui/input.tsx	8	const	Input
examples/vercel-ai-sdk-chat-app/src/components/ui/label.tsx	7	const	labelVariants
examples/vercel-ai-sdk-chat-app/src/components/ui/label.tsx	11	const	Label
examples/vercel-ai-sdk-chat-app/src/components/ui/scroll-area.tsx	6	const	ScrollArea
examples/vercel-ai-sdk-chat-app/src/components/ui/scroll-area.tsx	24	const	ScrollBar
examples/vercel-ai-sdk-chat-app/src/components/ui/select.tsx	14	const	Select
examples/vercel-ai-sdk-chat-app/src/components/ui/select.tsx	16	const	SelectGroup
examples/vercel-ai-sdk-chat-app/src/components/ui/select.tsx	18	const	SelectValue
examples/vercel-ai-sdk-chat-app/src/components/ui/select.tsx	20	const	SelectTrigger
examples/vercel-ai-sdk-chat-app/src/components/ui/select.tsx	40	const	SelectScrollUpButton
examples/vercel-ai-sdk-chat-app/src/components/ui/select.tsx	57	const	SelectScrollDownButton
examples/vercel-ai-sdk-chat-app/src/components/ui/select.tsx	75	const	SelectContent
examples/vercel-ai-sdk-chat-app/src/components/ui/select.tsx	107	const	SelectLabel
examples/vercel-ai-sdk-chat-app/src/components/ui/select.tsx	119	const	SelectItem
examples/vercel-ai-sdk-chat-app/src/components/ui/select.tsx	141	const	SelectSeparator
examples/vercel-ai-sdk-chat-app/src/constants/messages.ts	3	const	WELCOME_MESSAGE
examples/vercel-ai-sdk-chat-app/src/constants/messages.ts	10	const	INVALID_CONFIG_MESSAGE
examples/vercel-ai-sdk-chat-app/src/constants/messages.ts	17	const	ERROR_MESSAGE
examples/vercel-ai-sdk-chat-app/src/constants/messages.ts	24	const	AI_MODELS
examples/vercel-ai-sdk-chat-app/src/constants/messages.ts	31	type	Provider
examples/vercel-ai-sdk-chat-app/src/contexts/GlobalContext.tsx	9	interface	GlobalContextType
examples/vercel-ai-sdk-chat-app/src/contexts/GlobalContext.tsx	28	const	GlobalContext
examples/vercel-ai-sdk-chat-app/src/contexts/GlobalContext.tsx	30	const	GlobalState
examples/vercel-ai-sdk-chat-app/src/contexts/GlobalContext.tsx	63	const	handleSend
examples/vercel-ai-sdk-chat-app/src/contexts/GlobalContext.tsx	75	const	setFile
examples/vercel-ai-sdk-chat-app/src/hooks/useAuth.ts	4	interface	UseAuthReturn
examples/vercel-ai-sdk-chat-app/src/hooks/useAuth.ts	15	const	useAuth
examples/vercel-ai-sdk-chat-app/src/hooks/useAuth.ts	22	const	mem0
examples/vercel-ai-sdk-chat-app/src/hooks/useAuth.ts	23	const	openai
examples/vercel-ai-sdk-chat-app/src/hooks/useAuth.ts	24	const	savedProvider
examples/vercel-ai-sdk-chat-app/src/hooks/useAuth.ts	25	const	savedUser
examples/vercel-ai-sdk-chat-app/src/hooks/useAuth.ts	35	const	setAuth
examples/vercel-ai-sdk-chat-app/src/hooks/useAuth.ts	44	const	clearAuth
examples/vercel-ai-sdk-chat-app/src/hooks/useAuth.ts	53	const	updateUser
examples/vercel-ai-sdk-chat-app/src/hooks/useAuth.ts	58	const	clearUser
examples/vercel-ai-sdk-chat-app/src/hooks/useChat.ts	7	interface	UseChatProps
examples/vercel-ai-sdk-chat-app/src/hooks/useChat.ts	14	interface	UseChatReturn
examples/vercel-ai-sdk-chat-app/src/hooks/useChat.ts	21	interface	MemoryResponse
examples/vercel-ai-sdk-chat-app/src/hooks/useChat.ts	28	type	MessageContent
examples/vercel-ai-sdk-chat-app/src/hooks/useChat.ts	33	interface	PromptMessage
examples/vercel-ai-sdk-chat-app/src/hooks/useChat.ts	38	const	useChat
examples/vercel-ai-sdk-chat-app/src/hooks/useChat.ts	43	const	mem0
examples/vercel-ai-sdk-chat-app/src/hooks/useChat.ts	49	const	updateMemories
examples/vercel-ai-sdk-chat-app/src/hooks/useChat.ts	51	const	fetchedMemories
examples/vercel-ai-sdk-chat-app/src/hooks/useChat.ts	56	const	newMemories
examples/vercel-ai-sdk-chat-app/src/hooks/useChat.ts	68	const	formatMessagesForPrompt
examples/vercel-ai-sdk-chat-app/src/hooks/useChat.ts	70	const	messageContent
examples/vercel-ai-sdk-chat-app/src/hooks/useChat.ts	96	const	sendMessage
examples/vercel-ai-sdk-chat-app/src/hooks/useChat.ts	100	const	newMessage
examples/vercel-ai-sdk-chat-app/src/hooks/useChat.ts	110	const	userMessage
examples/vercel-ai-sdk-chat-app/src/hooks/useChat.ts	122	const	messagesForPrompt
examples/vercel-ai-sdk-chat-app/src/hooks/useChat.ts	133	const	assistantMessageId
examples/vercel-ai-sdk-chat-app/src/hooks/useChat.ts	134	const	assistantMessage
examples/vercel-ai-sdk-chat-app/src/hooks/useFileHandler.ts	5	interface	UseFileHandlerReturn
examples/vercel-ai-sdk-chat-app/src/hooks/useFileHandler.ts	14	const	useFileHandler
examples/vercel-ai-sdk-chat-app/src/hooks/useFileHandler.ts	19	const	handleFile
examples/vercel-ai-sdk-chat-app/src/hooks/useFileHandler.ts	23	const	base64Data
examples/vercel-ai-sdk-chat-app/src/hooks/useFileHandler.ts	26	const	bufferData
examples/vercel-ai-sdk-chat-app/src/hooks/useFileHandler.ts	31	const	clearFile
examples/vercel-ai-sdk-chat-app/src/libs/utils.ts	4	function	cn
examples/vercel-ai-sdk-chat-app/src/page.tsx	6	function	Home
examples/vercel-ai-sdk-chat-app/src/pages/home.tsx	10	function	Home
examples/vercel-ai-sdk-chat-app/src/types.ts	2	interface	Memory
examples/vercel-ai-sdk-chat-app/src/types.ts	9	interface	Message
examples/vercel-ai-sdk-chat-app/src/types.ts	18	interface	FileInfo
examples/vercel-ai-sdk-chat-app/src/utils/fileUtils.ts	3	const	convertToBase64
examples/vercel-ai-sdk-chat-app/src/utils/fileUtils.ts	5	const	reader
examples/vercel-ai-sdk-chat-app/src/utils/fileUtils.ts	12	const	getFileBuffer
examples/vercel-ai-sdk-chat-app/src/utils/fileUtils.ts	13	const	response
examples/vercel-ai-sdk-chat-app/src/utils/fileUtils.ts	14	const	arrayBuffer
examples/yt-assistant-chrome/src/background.js	114	function	saveConfig
examples/yt-assistant-chrome/src/background.js	118	const	isValid
examples/yt-assistant-chrome/src/background.js	135	function	validateApiKey
examples/yt-assistant-chrome/src/background.js	137	const	response
examples/yt-assistant-chrome/src/background.js	157	function	sendChatRequest
examples/yt-assistant-chrome/src/background.js	167	const	response
examples/yt-assistant-chrome/src/background.js	186	const	errorData
examples/yt-assistant-chrome/src/background.js	193	const	reader
examples/yt-assistant-chrome/src/background.js	194	const	decoder
examples/yt-assistant-chrome/src/background.js	206	const	lines
examples/yt-assistant-chrome/src/background.js	211	const	data
examples/yt-assistant-chrome/src/background.js	217	const	parsed
examples/yt-assistant-chrome/src/background.js	245	function	mem0Integration
examples/yt-assistant-chrome/src/content.js	6	const	config
examples/yt-assistant-chrome/src/content.js	19	function	initializeMem0AI
examples/yt-assistant-chrome/src/content.js	25	const	items
examples/yt-assistant-chrome/src/content.js	99	function	getYouTubeVideoId
examples/yt-assistant-chrome/src/content.js	100	const	urlObj
examples/yt-assistant-chrome/src/content.js	101	const	searchParams
examples/yt-assistant-chrome/src/content.js	106	function	fetchAndLogTranscript
examples/yt-assistant-chrome/src/content.js	113	const	videoId
examples/yt-assistant-chrome/src/content.js	117	const	transcript
examples/yt-assistant-chrome/src/content.js	120	const	decodedTranscript
examples/yt-assistant-chrome/src/content.js	163	function	init
examples/yt-assistant-chrome/src/content.js	184	function	extractVideoContext
examples/yt-assistant-chrome/src/content.js	188	const	videoTitle
examples/yt-assistant-chrome/src/content.js	194	const	channelName
examples/yt-assistant-chrome/src/content.js	201	const	videoId
examples/yt-assistant-chrome/src/content.js	220	function	injectChatInterface
examples/yt-assistant-chrome/src/content.js	222	const	container
examples/yt-assistant-chrome/src/content.js	293	function	setupEventListeners
examples/yt-assistant-chrome/src/content.js	295	const	tabs
examples/yt-assistant-chrome/src/content.js	303	const	tabName
examples/yt-assistant-chrome/src/content.js	323	const	container
examples/yt-assistant-chrome/src/content.js	335	const	container
examples/yt-assistant-chrome/src/content.js	342	const	container
examples/yt-assistant-chrome/src/content.js	375	function	addMessage
examples/yt-assistant-chrome/src/content.js	376	const	messagesContainer
examples/yt-assistant-chrome/src/content.js	379	const	messageElement
examples/yt-assistant-chrome/src/content.js	415	function	formatStreamingText
examples/yt-assistant-chrome/src/content.js	435	function	sendMessage
examples/yt-assistant-chrome/src/content.js	436	const	inputElement
examples/yt-assistant-chrome/src/content.js	439	const	userMessage
examples/yt-assistant-chrome/src/content.js	450	const	loadingMessage
examples/yt-assistant-chrome/src/content.js	477	const	searchResults
examples/yt-assistant-chrome/src/content.js	491	const	contextualizedMessages
examples/yt-assistant-chrome/src/content.js	525	function	prepareMessagesWithContext
examples/yt-assistant-chrome/src/content.js	526	const	messages
examples/yt-assistant-chrome/src/content.js	535	const	formattedTranscript
examples/yt-assistant-chrome/src/content.js	545	const	formattedMemories
examples/yt-assistant-chrome/src/content.js	552	const	systemContent
examples/yt-assistant-chrome/src/content.js	589	const	container
examples/yt-assistant-chrome/src/content.js	602	const	currentContent
examples/yt-assistant-chrome/src/content.js	606	const	messagesContainer
examples/yt-assistant-chrome/src/content.js	613	function	loadMemories
examples/yt-assistant-chrome/src/content.js	615	const	memoriesContainer
examples/yt-assistant-chrome/src/content.js	621	const	initialized
examples/yt-assistant-chrome/src/content.js	629	const	response
examples/yt-assistant-chrome/src/content.js	638	const	memoryElement
examples/yt-assistant-chrome/src/options.js	5	const	defaultConfig
examples/yt-assistant-chrome/src/options.js	19	function	init
examples/yt-assistant-chrome/src/options.js	30	const	temperatureSlider
examples/yt-assistant-chrome/src/options.js	31	const	temperatureValue
examples/yt-assistant-chrome/src/options.js	60	function	initializeMem0AI
examples/yt-assistant-chrome/src/options.js	62	const	response
examples/yt-assistant-chrome/src/options.js	63	const	mem0ApiKey
examples/yt-assistant-chrome/src/options.js	85	function	loadConfig
examples/yt-assistant-chrome/src/options.js	87	const	response
examples/yt-assistant-chrome/src/options.js	88	const	config
examples/yt-assistant-chrome/src/options.js	100	const	temperatureSlider
examples/yt-assistant-chrome/src/options.js	111	function	saveOptions
examples/yt-assistant-chrome/src/options.js	113	const	model
examples/yt-assistant-chrome/src/options.js	114	const	maxTokens
examples/yt-assistant-chrome/src/options.js	115	const	temperature
examples/yt-assistant-chrome/src/options.js	129	const	config
examples/yt-assistant-chrome/src/options.js	140	const	response
examples/yt-assistant-chrome/src/options.js	157	function	resetToDefaults
examples/yt-assistant-chrome/src/options.js	167	const	temperatureSlider
examples/yt-assistant-chrome/src/options.js	179	function	fetchMemories
examples/yt-assistant-chrome/src/options.js	182	const	initialized
examples/yt-assistant-chrome/src/options.js	186	const	memories
examples/yt-assistant-chrome/src/options.js	198	function	displayMemories
examples/yt-assistant-chrome/src/options.js	199	const	memoriesList
examples/yt-assistant-chrome/src/options.js	212	const	memoryElement
examples/yt-assistant-chrome/src/options.js	241	function	showMemoriesError
examples/yt-assistant-chrome/src/options.js	242	const	memoriesList
examples/yt-assistant-chrome/src/options.js	250	function	deleteAllMemories
examples/yt-assistant-chrome/src/options.js	261	const	initialized
examples/yt-assistant-chrome/src/options.js	276	function	editMemory
examples/yt-assistant-chrome/src/options.js	278	const	modal
examples/yt-assistant-chrome/src/options.js	279	const	textarea
examples/yt-assistant-chrome/src/options.js	284	function	closeEditModal
examples/yt-assistant-chrome/src/options.js	285	const	modal
examples/yt-assistant-chrome/src/options.js	290	function	saveMemory
examples/yt-assistant-chrome/src/options.js	295	const	initialized
examples/yt-assistant-chrome/src/options.js	299	const	textarea
examples/yt-assistant-chrome/src/options.js	300	const	updatedMemory
examples/yt-assistant-chrome/src/options.js	318	function	deleteMemory
examples/yt-assistant-chrome/src/options.js	329	const	initialized
examples/yt-assistant-chrome/src/options.js	343	function	showStatus
examples/yt-assistant-chrome/src/options.js	344	const	statusContainer
examples/yt-assistant-chrome/src/options.js	350	const	statusElement
examples/yt-assistant-chrome/src/options.js	371	function	addMemory
examples/yt-assistant-chrome/src/options.js	372	const	memoryInput
examples/yt-assistant-chrome/src/options.js	373	const	addButton
examples/yt-assistant-chrome/src/options.js	374	const	memoryResult
examples/yt-assistant-chrome/src/options.js	375	const	buttonText
examples/yt-assistant-chrome/src/options.js	377	const	content
examples/yt-assistant-chrome/src/options.js	396	const	initialized
examples/yt-assistant-chrome/src/options.js	400	const	result
examples/yt-assistant-chrome/src/options.js	436	function	showMemoryResult
examples/yt-assistant-chrome/src/options.js	437	const	memoryResult
examples/yt-assistant-chrome/src/popup.js	6	function	init
examples/yt-assistant-chrome/src/popup.js	41	function	toggleChat
examples/yt-assistant-chrome/src/popup.js	83	function	openOptions
examples/yt-assistant-chrome/src/popup.js	102	function	togglePasswordVisibility
examples/yt-assistant-chrome/src/popup.js	103	const	input
examples/yt-assistant-chrome/src/popup.js	104	const	type
examples/yt-assistant-chrome/src/popup.js	108	const	button
examples/yt-assistant-chrome/src/popup.js	109	const	icon
examples/yt-assistant-chrome/src/popup.js	120	function	saveApiKey
examples/yt-assistant-chrome/src/popup.js	121	const	apiKeyInput
examples/yt-assistant-chrome/src/popup.js	122	const	apiKey
examples/yt-assistant-chrome/src/popup.js	129	const	response
examples/yt-assistant-chrome/src/popup.js	146	function	saveMem0ApiKey
examples/yt-assistant-chrome/src/popup.js	147	const	apiKeyInput
examples/yt-assistant-chrome/src/popup.js	148	const	apiKey
examples/yt-assistant-chrome/src/popup.js	155	const	response
examples/yt-assistant-chrome/src/popup.js	172	function	loadConfig
examples/yt-assistant-chrome/src/popup.js	177	const	response
examples/yt-assistant-chrome/src/popup.js	178	const	config
examples/yt-assistant-chrome/src/popup.js	181	const	apiKeyInput
examples/yt-assistant-chrome/src/popup.js	193	const	mem0ApiKeyInput
examples/yt-assistant-chrome/src/popup.js	216	function	showStatus
examples/yt-assistant-chrome/src/popup.js	217	const	statusContainer
examples/yt-assistant-chrome/src/popup.js	223	const	statusElement
examples/yt-assistant-chrome/webpack.config.js	1	const	path
integrations/mem0-plugin/.opencode-plugin/dream.test.ts	58	const	r
integrations/mem0-plugin/.opencode-plugin/dream.test.ts	73	const	cfg
integrations/mem0-plugin/.opencode-plugin/dream.test.ts	89	const	cfg
integrations/mem0-plugin/.opencode-plugin/dream.ts	19	interface	DreamConfig
integrations/mem0-plugin/.opencode-plugin/dream.ts	27	interface	DreamState
integrations/mem0-plugin/.opencode-plugin/dream.ts	33	interface	DreamLock
integrations/mem0-plugin/.opencode-plugin/dream.ts	38	const	LOCK_STALE_MS
integrations/mem0-plugin/.opencode-plugin/dream.ts	40	const	DREAM_DEFAULTS
integrations/mem0-plugin/.opencode-plugin/dream.ts	48	function	statePath
integrations/mem0-plugin/.opencode-plugin/dream.ts	52	function	lockPath
integrations/mem0-plugin/.opencode-plugin/dream.ts	56	function	ensureDir
integrations/mem0-plugin/.opencode-plugin/dream.ts	64	function	readState
integrations/mem0-plugin/.opencode-plugin/dream.ts	72	function	writeState
integrations/mem0-plugin/.opencode-plugin/dream.ts	81	function	loadDreamConfig
integrations/mem0-plugin/.opencode-plugin/dream.ts	83	const	env
integrations/mem0-plugin/.opencode-plugin/dream.ts	85	const	s
integrations/mem0-plugin/.opencode-plugin/dream.ts	91	const	sp
integrations/mem0-plugin/.opencode-plugin/dream.ts	93	const	settings
integrations/mem0-plugin/.opencode-plugin/dream.ts	94	const	d
integrations/mem0-plugin/.opencode-plugin/dream.ts	114	function	incrementSessionCount
integrations/mem0-plugin/.opencode-plugin/dream.ts	115	const	state
integrations/mem0-plugin/.opencode-plugin/dream.ts	124	function	checkCheapGates
integrations/mem0-plugin/.opencode-plugin/dream.ts	128	const	minHours
integrations/mem0-plugin/.opencode-plugin/dream.ts	129	const	minSessions
integrations/mem0-plugin/.opencode-plugin/dream.ts	130	const	state
integrations/mem0-plugin/.opencode-plugin/dream.ts	132	const	hoursSince
integrations/mem0-plugin/.opencode-plugin/dream.ts	143	function	checkMemoryGate
integrations/mem0-plugin/.opencode-plugin/dream.ts	147	const	minMemories
integrations/mem0-plugin/.opencode-plugin/dream.ts	155	function	acquireDreamLock
integrations/mem0-plugin/.opencode-plugin/dream.ts	157	const	lp
integrations/mem0-plugin/.opencode-plugin/dream.ts	160	const	lock
integrations/mem0-plugin/.opencode-plugin/dream.ts	173	const	lock
integrations/mem0-plugin/.opencode-plugin/dream.ts	182	function	releaseDreamLock
integrations/mem0-plugin/.opencode-plugin/dream.ts	191	function	recordDreamCompletion
integrations/mem0-plugin/.opencode-plugin/dream.ts	192	const	state
integrations/mem0-plugin/.opencode-plugin/dream.ts	204	const	DREAM_PROTOCOL
integrations/mem0-plugin/.opencode-plugin/opencode-mem0.ts	29	function	getUserId
integrations/mem0-plugin/.opencode-plugin/opencode-mem0.ts	38	function	getProjectId
integrations/mem0-plugin/.opencode-plugin/opencode-mem0.ts	43	const	r
integrations/mem0-plugin/.opencode-plugin/opencode-mem0.ts	44	const	project
integrations/mem0-plugin/.opencode-plugin/opencode-mem0.ts	51	const	r
integrations/mem0-plugin/.opencode-plugin/opencode-mem0.ts	52	const	top
integrations/mem0-plugin/.opencode-plugin/opencode-mem0.ts	59	function	getBranch
integrations/mem0-plugin/.opencode-plugin/opencode-mem0.ts	61	const	r
integrations/mem0-plugin/.opencode-plugin/opencode-mem0.ts	68	function	extractMemories
integrations/mem0-plugin/.opencode-plugin/opencode-mem0.ts	69	const	arr
integrations/mem0-plugin/.opencode-plugin/opencode-mem0.ts	74	function	generateSessionId
integrations/mem0-plugin/.opencode-plugin/opencode-mem0.ts	75	const	ts
integrations/mem0-plugin/.opencode-plugin/opencode-mem0.ts	76	const	rnd
integrations/mem0-plugin/.opencode-plugin/opencode-mem0.ts	80	const	SECRET_PATTERNS
integrations/mem0-plugin/.opencode-plugin/opencode-mem0.ts	89	function	redact
integrations/mem0-plugin/.opencode-plugin/opencode-mem0.ts	98	function	loadSettings
integrations/mem0-plugin/.opencode-plugin/opencode-mem0.ts	100	const	settingsPath
integrations/mem0-plugin/.opencode-plugin/opencode-mem0.ts	108	function	loadGlobalSearch
integrations/mem0-plugin/.opencode-plugin/opencode-mem0.ts	117	function	loadDefaultScope
integrations/mem0-plugin/.opencode-plugin/opencode-mem0.ts	121	const	CODING_CATEGORIES
integrations/mem0-plugin/.opencode-plugin/opencode-mem0.ts	129	function	categoriesFingerprint
integrations/mem0-plugin/.opencode-plugin/opencode-mem0.ts	130	const	sorted
integrations/mem0-plugin/.opencode-plugin/opencode-mem0.ts	134	function	apiKeyFingerprint
integrations/mem0-plugin/.opencode-plugin/opencode-mem0.ts	138	function	autoSetupCategories
integrations/mem0-plugin/.opencode-plugin/opencode-mem0.ts	139	const	stateDir
integrations/mem0-plugin/.opencode-plugin/opencode-mem0.ts	140	const	stateFile
integrations/mem0-plugin/.opencode-plugin/opencode-mem0.ts	141	const	keyFp
integrations/mem0-plugin/.opencode-plugin/opencode-mem0.ts	142	const	catFp
integrations/mem0-plugin/.opencode-plugin/opencode-mem0.ts	154	const	project
integrations/mem0-plugin/.opencode-plugin/opencode-mem0.ts	155	const	existing
integrations/mem0-plugin/.opencode-plugin/opencode-mem0.ts	156	const	sortedExisting
integrations/mem0-plugin/.opencode-plugin/opencode-mem0.ts	157	const	sortedTarget
integrations/mem0-plugin/.opencode-plugin/opencode-mem0.ts	174	const	NUDGE_RE
integrations/mem0-plugin/.opencode-plugin/opencode-mem0.ts	177	const	RESUME_RE
integrations/mem0-plugin/.opencode-plugin/opencode-mem0.ts	180	const	ERROR_STRONG_RE
integrations/mem0-plugin/.opencode-plugin/opencode-mem0.ts	182	const	ERROR_MULTI_RE
integrations/mem0-plugin/.opencode-plugin/opencode-mem0.ts	183	const	WRITE_TOOLS
integrations/mem0-plugin/.opencode-plugin/opencode-mem0.ts	185	function	resolveFilters
integrations/mem0-plugin/.opencode-plugin/opencode-mem0.ts	187	const	existingFilters
integrations/mem0-plugin/.opencode-plugin/opencode-mem0.ts	189	const	andClauses
integrations/mem0-plugin/.opencode-plugin/opencode-mem0.ts	191	const	hasUid
integrations/mem0-plugin/.opencode-plugin/opencode-mem0.ts	194	const	hasAid
integrations/mem0-plugin/.opencode-plugin/opencode-mem0.ts	197	const	hasAgentId
integrations/mem0-plugin/.opencode-plugin/opencode-mem0.ts	200	const	newClauses
integrations/mem0-plugin/.opencode-plugin/opencode-mem0.ts	209	const	hasUid
integrations/mem0-plugin/.opencode-plugin/opencode-mem0.ts	210	const	hasAid
integrations/mem0-plugin/.opencode-plugin/opencode-mem0.ts	211	const	hasAgentId
integrations/mem0-plugin/.opencode-plugin/opencode-mem0.ts	213	const	existing
integrations/mem0-plugin/.opencode-plugin/opencode-mem0.ts	244	function	extractUserText
integrations/mem0-plugin/.opencode-plugin/opencode-mem0.ts	245	const	parts
integrations/mem0-plugin/.opencode-plugin/opencode-mem0.ts	252	const	msg
integrations/mem0-plugin/.opencode-plugin/opencode-mem0.ts	258	const	Mem0Plugin
integrations/mem0-plugin/.opencode-plugin/opencode-mem0.ts	261	const	apiKey
integrations/mem0-plugin/.opencode-plugin/opencode-mem0.ts	278	const	mem0
integrations/mem0-plugin/.opencode-plugin/opencode-mem0.ts	279	const	userId
integrations/mem0-plugin/.opencode-plugin/opencode-mem0.ts	280	const	appId
integrations/mem0-plugin/.opencode-plugin/opencode-mem0.ts	281	const	branch
integrations/mem0-plugin/.opencode-plugin/opencode-mem0.ts	282	const	stats
integrations/mem0-plugin/.opencode-plugin/opencode-mem0.ts	283	const	sessionId
integrations/mem0-plugin/.opencode-plugin/opencode-mem0.ts	284	const	globalSearch
integrations/mem0-plugin/.opencode-plugin/opencode-mem0.ts	290	const	systemContext
integrations/mem0-plugin/.opencode-plugin/opencode-mem0.ts	293	const	mem0StateDir
integrations/mem0-plugin/.opencode-plugin/opencode-mem0.ts	294	const	dreamConfig
integrations/mem0-plugin/.opencode-plugin/opencode-mem0.ts	300	const	emitSessionStop
integrations/mem0-plugin/.opencode-plugin/opencode-mem0.ts	333	function	registerCommands
integrations/mem0-plugin/.opencode-plugin/opencode-mem0.ts	336	const	skillMd
integrations/mem0-plugin/.opencode-plugin/opencode-mem0.ts	341	const	content
integrations/mem0-plugin/.opencode-plugin/opencode-mem0.ts	342	const	m
integrations/mem0-plugin/.opencode-plugin/opencode-mem0.ts	367	function	readScopeFilters
integrations/mem0-plugin/.opencode-plugin/opencode-mem0.ts	370	const	ds
integrations/mem0-plugin/.opencode-plugin/opencode-mem0.ts	398	const	here
integrations/mem0-plugin/.opencode-plugin/opencode-mem0.ts	399	const	skillsDir
integrations/mem0-plugin/.opencode-plugin/opencode-mem0.ts	432	const	effScope
integrations/mem0-plugin/.opencode-plugin/opencode-mem0.ts	433	const	sp
integrations/mem0-plugin/.opencode-plugin/opencode-mem0.ts	434	const	finalUserId
integrations/mem0-plugin/.opencode-plugin/opencode-mem0.ts	435	const	finalAppId
integrations/mem0-plugin/.opencode-plugin/opencode-mem0.ts	437	const	meta
integrations/mem0-plugin/.opencode-plugin/opencode-mem0.ts	450	const	res
integrations/mem0-plugin/.opencode-plugin/opencode-mem0.ts	480	const	topK
integrations/mem0-plugin/.opencode-plugin/opencode-mem0.ts	481	const	filters
integrations/mem0-plugin/.opencode-plugin/opencode-mem0.ts	483	const	res
integrations/mem0-plugin/.opencode-plugin/opencode-mem0.ts	504	const	filters
integrations/mem0-plugin/.opencode-plugin/opencode-mem0.ts	506	const	res
integrations/mem0-plugin/.opencode-plugin/opencode-mem0.ts	522	const	res
integrations/mem0-plugin/.opencode-plugin/opencode-mem0.ts	536	const	res
integrations/mem0-plugin/.opencode-plugin/opencode-mem0.ts	552	const	res
integrations/mem0-plugin/.opencode-plugin/opencode-mem0.ts	568	const	sp
integrations/mem0-plugin/.opencode-plugin/opencode-mem0.ts	569	const	res
integrations/mem0-plugin/.opencode-plugin/opencode-mem0.ts	589	const	res
integrations/mem0-plugin/.opencode-plugin/opencode-mem0.ts	607	const	res
integrations/mem0-plugin/.opencode-plugin/opencode-mem0.ts	622	const	response
integrations/mem0-plugin/.opencode-plugin/opencode-mem0.ts	629	function	chatMessageHook
integrations/mem0-plugin/.opencode-plugin/opencode-mem0.ts	630	const	userText
integrations/mem0-plugin/.opencode-plugin/opencode-mem0.ts	633	const	safeText
integrations/mem0-plugin/.opencode-plugin/opencode-mem0.ts	644	const	searchFilters
integrations/mem0-plugin/.opencode-plugin/opencode-mem0.ts	649	const	all
integrations/mem0-plugin/.opencode-plugin/opencode-mem0.ts	654	const	a
integrations/mem0-plugin/.opencode-plugin/opencode-mem0.ts	685	const	res
integrations/mem0-plugin/.opencode-plugin/opencode-mem0.ts	693	const	memories
integrations/mem0-plugin/.opencode-plugin/opencode-mem0.ts	695	const	memLines
integrations/mem0-plugin/.opencode-plugin/opencode-mem0.ts	708	const	activeScope
integrations/mem0-plugin/.opencode-plugin/opencode-mem0.ts	732	const	gates
integrations/mem0-plugin/.opencode-plugin/opencode-mem0.ts	733	const	memGate
integrations/mem0-plugin/.opencode-plugin/opencode-mem0.ts	740	const	waiting
integrations/mem0-plugin/.opencode-plugin/opencode-mem0.ts	753	const	hasRemember
integrations/mem0-plugin/.opencode-plugin/opencode-mem0.ts	760	const	hasResume
integrations/mem0-plugin/.opencode-plugin/opencode-mem0.ts	763	const	resumeFilters
integrations/mem0-plugin/.opencode-plugin/opencode-mem0.ts	782	const	all
integrations/mem0-plugin/.opencode-plugin/opencode-mem0.ts	786	const	seen
integrations/mem0-plugin/.opencode-plugin/opencode-mem0.ts	787	const	unique
integrations/mem0-plugin/.opencode-plugin/opencode-mem0.ts	793	const	memLines
integrations/mem0-plugin/.opencode-plugin/opencode-mem0.ts	804	const	msgFilters
integrations/mem0-plugin/.opencode-plugin/opencode-mem0.ts	807	const	res
integrations/mem0-plugin/.opencode-plugin/opencode-mem0.ts	812	const	memories
integrations/mem0-plugin/.opencode-plugin/opencode-mem0.ts	814	const	memLines
integrations/mem0-plugin/.opencode-plugin/opencode-mem0.ts	856	function	toolExecuteBeforeHook
integrations/mem0-plugin/.opencode-plugin/opencode-mem0.ts	857	const	toolName
integrations/mem0-plugin/.opencode-plugin/opencode-mem0.ts	860	const	fp
integrations/mem0-plugin/.opencode-plugin/opencode-mem0.ts	871	function	chatMessagesTransformHook
integrations/mem0-plugin/.opencode-plugin/opencode-mem0.ts	874	const	firstUser
integrations/mem0-plugin/.opencode-plugin/opencode-mem0.ts	879	const	marker
integrations/mem0-plugin/.opencode-plugin/opencode-mem0.ts	882	const	block
integrations/mem0-plugin/.opencode-plugin/opencode-mem0.ts	883	const	ref
integrations/mem0-plugin/.opencode-plugin/opencode-mem0.ts	887	function	toolExecuteAfterHook
integrations/mem0-plugin/.opencode-plugin/opencode-mem0.ts	888	const	toolName
integrations/mem0-plugin/.opencode-plugin/opencode-mem0.ts	889	const	toolOutput
integrations/mem0-plugin/.opencode-plugin/opencode-mem0.ts	892	const	command
integrations/mem0-plugin/.opencode-plugin/opencode-mem0.ts	895	const	hasStrongError
integrations/mem0-plugin/.opencode-plugin/opencode-mem0.ts	896	const	multiErrors
integrations/mem0-plugin/.opencode-plugin/opencode-mem0.ts	900	const	errorLine
integrations/mem0-plugin/.opencode-plugin/opencode-mem0.ts	909	const	traceFiles
integrations/mem0-plugin/.opencode-plugin/opencode-mem0.ts	917	const	errorQuery
integrations/mem0-plugin/.opencode-plugin/opencode-mem0.ts	922	const	errorFilters
integrations/mem0-plugin/.opencode-plugin/opencode-mem0.ts	930	const	res
integrations/mem0-plugin/.opencode-plugin/opencode-mem0.ts	935	const	unique
integrations/mem0-plugin/.opencode-plugin/opencode-mem0.ts	942	const	lines
integrations/mem0-plugin/.opencode-plugin/opencode-mem0.ts	953	function	compactionHook
integrations/mem0-plugin/.opencode-plugin/opencode-mem0.ts	955	const	compactSessionId
integrations/mem0-plugin/.opencode-plugin/opencode-mem0.ts	962	const	summaryContent
integrations/mem0-plugin/.opencode-plugin/opencode-mem0.ts	980	const	compactFilters
integrations/mem0-plugin/.opencode-plugin/opencode-mem0.ts	983	const	res
integrations/mem0-plugin/.opencode-plugin/opencode-mem0.ts	987	const	memories
integrations/mem0-plugin/.opencode-plugin/opencode-mem0.ts	989	const	lines
integrations/mem0-plugin/.opencode-plugin/project.ts	16	function	parseProjectFromRemote
integrations/mem0-plugin/.opencode-plugin/project.ts	17	const	m
integrations/mem0-plugin/.opencode-plugin/scope.ts	14	type	Scope
integrations/mem0-plugin/.opencode-plugin/scope.ts	17	function	scopeSearchFilters
integrations/mem0-plugin/.opencode-plugin/scope.ts	35	function	scopeWriteParams
integrations/mem0-plugin/.opencode-plugin/scope.ts	53	function	asScope
integrations/mem0-plugin/.opencode-plugin/scope.ts	63	function	resolveDefaultScope
integrations/mem0-plugin/.opencode-plugin/scope.ts	70	const	SCOPE_GUIDANCE
integrations/mem0-plugin/.opencode-plugin/telemetry.test.ts	4	const	KEY
integrations/mem0-plugin/.opencode-plugin/telemetry.test.ts	12	const	payload
integrations/mem0-plugin/.opencode-plugin/telemetry.test.ts	14	const	props
integrations/mem0-plugin/.opencode-plugin/telemetry.test.ts	25	const	expected
integrations/mem0-plugin/.opencode-plugin/telemetry.test.ts	30	const	props
integrations/mem0-plugin/.opencode-plugin/telemetry.test.ts	54	const	props
integrations/mem0-plugin/.opencode-plugin/telemetry.test.ts	61	const	expected
integrations/mem0-plugin/.opencode-plugin/telemetry.test.ts	62	const	props
integrations/mem0-plugin/.opencode-plugin/telemetry.test.ts	68	const	props
integrations/mem0-plugin/.opencode-plugin/telemetry.ts	24	const	POSTHOG_API_KEY
integrations/mem0-plugin/.opencode-plugin/telemetry.ts	25	const	POSTHOG_HOST
integrations/mem0-plugin/.opencode-plugin/telemetry.ts	26	const	REQUEST_TIMEOUT_MS
integrations/mem0-plugin/.opencode-plugin/telemetry.ts	28	function	_loadPluginVersion
integrations/mem0-plugin/.opencode-plugin/telemetry.ts	33	const	pkg
integrations/mem0-plugin/.opencode-plugin/telemetry.ts	42	const	PLUGIN_VERSION
integrations/mem0-plugin/.opencode-plugin/telemetry.ts	44	function	isTelemetryEnabled
integrations/mem0-plugin/.opencode-plugin/telemetry.ts	45	const	val
integrations/mem0-plugin/.opencode-plugin/telemetry.ts	47	const	s
integrations/mem0-plugin/.opencode-plugin/telemetry.ts	51	function	distinctId
integrations/mem0-plugin/.opencode-plugin/telemetry.ts	63	function	buildEvent
integrations/mem0-plugin/.opencode-plugin/telemetry.ts	93	function	captureEvent
integrations/mem0-plugin/.opencode-plugin/telemetry.ts	99	const	payload
integrations/mem0-plugin/scripts/_chunking.py	9	def	split_by_headers
integrations/mem0-plugin/scripts/_chunking.py	35	def	split_by_hr_or_headers
integrations/mem0-plugin/scripts/_chunking.py	66	def	filter_and_truncate
integrations/mem0-plugin/scripts/_formatting.py	26	def	format_age
integrations/mem0-plugin/scripts/_identity.py	26	def	_extract_key_from_shell_profiles
integrations/mem0-plugin/scripts/_identity.py	55	def	resolve_api_key
integrations/mem0-plugin/scripts/_identity.py	71	def	resolve_user_id
integrations/mem0-plugin/scripts/_identity.py	78	def	resolve_config
integrations/mem0-plugin/scripts/_identity.py	97	def	resolve_project_id
integrations/mem0-plugin/scripts/_identity.py	100	def	resolve_branch
integrations/mem0-plugin/scripts/_identity.py	103	def	save_project_mapping
integrations/mem0-plugin/scripts/_project.py	21	def	resolve_project_id
integrations/mem0-plugin/scripts/_project.py	76	def	resolve_branch
integrations/mem0-plugin/scripts/_project.py	93	def	save_project_mapping
integrations/mem0-plugin/scripts/_project.py	114	def	_remote_hash_key
integrations/mem0-plugin/scripts/_project.py	140	def	_remote_url_to_slug
integrations/mem0-plugin/scripts/_search.py	17	def	should_rerank
integrations/mem0-plugin/scripts/_search.py	35	def	_do_search
integrations/mem0-plugin/scripts/_search.py	48	def	search_memories
integrations/mem0-plugin/scripts/_search.py	90	def	format_results_for_context
integrations/mem0-plugin/scripts/auto_capture.py	48	def	tail_lines
integrations/mem0-plugin/scripts/auto_capture.py	63	def	extract_recent_exchanges
integrations/mem0-plugin/scripts/auto_capture.py	110	def	store_exchange
integrations/mem0-plugin/scripts/auto_capture.py	154	def	main
integrations/mem0-plugin/scripts/auto_import.py	51	def	_acquire_lock
integrations/mem0-plugin/scripts/auto_import.py	71	def	_release_lock
integrations/mem0-plugin/scripts/auto_import.py	78	def	_git_root
integrations/mem0-plugin/scripts/auto_import.py	93	def	sha256_file
integrations/mem0-plugin/scripts/auto_import.py	102	def	load_hashes
integrations/mem0-plugin/scripts/auto_import.py	113	def	save_hashes
integrations/mem0-plugin/scripts/auto_import.py	124	def	already_imported
integrations/mem0-plugin/scripts/auto_import.py	157	def	_delete_stale_chunks
integrations/mem0-plugin/scripts/auto_import.py	213	def	post_memory
integrations/mem0-plugin/scripts/auto_import.py	258	def	main
integrations/mem0-plugin/scripts/auto_setup_categories.py	67	def	categories_fingerprint
integrations/mem0-plugin/scripts/auto_setup_categories.py	83	def	apikey_fingerprint
integrations/mem0-plugin/scripts/auto_setup_categories.py	91	def	load_state
integrations/mem0-plugin/scripts/auto_setup_categories.py	103	def	save_state
integrations/mem0-plugin/scripts/auto_setup_categories.py	119	def	is_applied
integrations/mem0-plugin/scripts/auto_setup_categories.py	127	def	make_client
integrations/mem0-plugin/scripts/auto_setup_categories.py	134	def	fetch_current_categories
integrations/mem0-plugin/scripts/auto_setup_categories.py	142	def	apply_categories
integrations/mem0-plugin/scripts/auto_setup_categories.py	158	def	_acquire_lock
integrations/mem0-plugin/scripts/auto_setup_categories.py	176	def	_release_lock
integrations/mem0-plugin/scripts/auto_setup_categories.py	186	def	main
integrations/mem0-plugin/scripts/capture_compact_summary.py	54	def	tail_lines
integrations/mem0-plugin/scripts/capture_compact_summary.py	69	def	find_compact_summary
integrations/mem0-plugin/scripts/capture_compact_summary.py	98	def	store_summary
integrations/mem0-plugin/scripts/capture_compact_summary.py	141	def	main
integrations/mem0-plugin/scripts/capture_session_summary.py	58	def	tail_lines
integrations/mem0-plugin/scripts/capture_session_summary.py	73	def	extract_last_assistant_message
integrations/mem0-plugin/scripts/capture_session_summary.py	102	def	extract_files_touched
integrations/mem0-plugin/scripts/capture_session_summary.py	137	def	strip_tags
integrations/mem0-plugin/scripts/capture_session_summary.py	141	def	build_summary_prompt
integrations/mem0-plugin/scripts/capture_session_summary.py	158	def	store_summary
integrations/mem0-plugin/scripts/capture_session_summary.py	214	def	main
integrations/mem0-plugin/scripts/file_context.py	33	def	gate_file
integrations/mem0-plugin/scripts/file_context.py	51	def	relative_path
integrations/mem0-plugin/scripts/file_context.py	58	def	format_timeline
integrations/mem0-plugin/scripts/file_context.py	83	def	search_file_context
integrations/mem0-plugin/scripts/file_context.py	104	def	main
integrations/mem0-plugin/scripts/import_competing_tools.py	40	def	_load_hashes
integrations/mem0-plugin/scripts/import_competing_tools.py	50	def	_save_hashes
integrations/mem0-plugin/scripts/import_competing_tools.py	59	def	_content_hash
integrations/mem0-plugin/scripts/import_competing_tools.py	68	def	post_memory
integrations/mem0-plugin/scripts/import_competing_tools.py	102	def	import_chunks
integrations/mem0-plugin/scripts/import_competing_tools.py	134	def	_parse_path_arg
integrations/mem0-plugin/scripts/import_competing_tools.py	144	def	cmd_cursorrules
integrations/mem0-plugin/scripts/import_competing_tools.py	174	def	cmd_copilot
integrations/mem0-plugin/scripts/import_competing_tools.py	203	def	cmd_cline
integrations/mem0-plugin/scripts/import_competing_tools.py	241	def	cmd_continue
integrations/mem0-plugin/scripts/import_competing_tools.py	282	def	main
integrations/mem0-plugin/scripts/install_codex_hooks.py	46	def	load_template
integrations/mem0-plugin/scripts/install_codex_hooks.py	52	def	load_existing
integrations/mem0-plugin/scripts/install_codex_hooks.py	62	def	is_owned_entry
integrations/mem0-plugin/scripts/install_codex_hooks.py	69	def	strip_owned_entries
integrations/mem0-plugin/scripts/install_codex_hooks.py	79	def	merge_template
integrations/mem0-plugin/scripts/install_codex_hooks.py	86	def	write_config
integrations/mem0-plugin/scripts/install_codex_hooks.py	91	def	feature_flag_enabled
integrations/mem0-plugin/scripts/install_codex_hooks.py	102	def	print_feature_flag_hint
integrations/mem0-plugin/scripts/install_codex_hooks.py	113	def	main
integrations/mem0-plugin/scripts/load_settings.py	24	def	load_settings
integrations/mem0-plugin/scripts/load_settings.py	36	def	create_default_settings
integrations/mem0-plugin/scripts/on_pre_compact.py	56	def	tail_lines
integrations/mem0-plugin/scripts/on_pre_compact.py	72	def	parse_transcript
integrations/mem0-plugin/scripts/on_pre_compact.py	139	def	build_content
integrations/mem0-plugin/scripts/on_pre_compact.py	161	def	store_memory
integrations/mem0-plugin/scripts/on_pre_compact.py	205	def	format_status
integrations/mem0-plugin/scripts/on_pre_compact.py	236	def	main
integrations/mem0-plugin/scripts/parse_export_file.py	33	def	parse_blocks
integrations/mem0-plugin/scripts/parse_export_file.py	97	def	_parse_frontmatter
integrations/mem0-plugin/scripts/parse_export_file.py	116	def	_parse_list_field
integrations/mem0-plugin/scripts/parse_export_file.py	126	def	main
integrations/mem0-plugin/scripts/parse_mem0_config.py	27	def	find_mem0_config
integrations/mem0-plugin/scripts/parse_mem0_config.py	36	def	parse_retention
integrations/mem0-plugin/scripts/parse_mem0_config.py	94	def	parse_section_kv
integrations/mem0-plugin/scripts/parse_mem0_config.py	116	def	parse_section_list
integrations/mem0-plugin/scripts/parse_mem0_config.py	135	def	parse_ignore_patterns
integrations/mem0-plugin/scripts/parse_mem0_config.py	157	def	load_full_config
integrations/mem0-plugin/scripts/parse_mem0_config.py	209	def	load_retention_policies
integrations/mem0-plugin/scripts/parse_mem0_config.py	231	def	main
integrations/mem0-plugin/scripts/session_stats.py	24	def	_load
integrations/mem0-plugin/scripts/session_stats.py	40	def	_save
integrations/mem0-plugin/scripts/session_stats.py	48	def	init
integrations/mem0-plugin/scripts/session_stats.py	59	def	record_add
integrations/mem0-plugin/scripts/session_stats.py	75	def	record_search
integrations/mem0-plugin/scripts/session_stats.py	81	def	peek
integrations/mem0-plugin/scripts/session_stats.py	87	def	report
integrations/mem0-plugin/scripts/session_stats.py	109	def	main
integrations/mem0-plugin/scripts/session_timeline.py	30	def	fetch_recent_memories
integrations/mem0-plugin/scripts/session_timeline.py	61	def	format_timeline
integrations/mem0-plugin/scripts/session_timeline.py	84	def	main
integrations/mem0-plugin/scripts/setup_coding_categories.py	144	def	_print_categories
integrations/mem0-plugin/scripts/setup_coding_categories.py	153	def	_categories_match
integrations/mem0-plugin/scripts/setup_coding_categories.py	169	def	main
integrations/mem0-plugin/scripts/telemetry.py	41	def	_load_plugin_version
integrations/mem0-plugin/scripts/telemetry.py	58	def	_sha256
integrations/mem0-plugin/scripts/telemetry.py	62	def	_distinct_id
integrations/mem0-plugin/scripts/telemetry.py	71	def	detect_platform
integrations/mem0-plugin/scripts/telemetry.py	88	def	is_enabled
integrations/mem0-plugin/scripts/telemetry.py	92	def	build_posthog_payload
integrations/mem0-plugin/scripts/telemetry.py	114	def	send
integrations/mem0-plugin/scripts/telemetry.py	128	def	emit
integrations/mem0-plugin/scripts/telemetry.py	134	def	main
integrations/mem0-plugin/skills/mem0/scripts/mem0_doc_search.py	79	def	fetch_url
integrations/mem0-plugin/skills/mem0/scripts/mem0_doc_search.py	91	def	search_docs
integrations/mem0-plugin/skills/mem0/scripts/mem0_doc_search.py	136	def	fetch_page
integrations/mem0-plugin/skills/mem0/scripts/mem0_doc_search.py	143	def	get_index
integrations/mem0-plugin/skills/mem0/scripts/mem0_doc_search.py	150	def	list_section
integrations/mem0-plugin/skills/mem0/scripts/mem0_doc_search.py	160	def	main
integrations/mem0-plugin/tests/conftest.py	15	def	_scripts_on_path
integrations/mem0-plugin/tests/conftest.py	26	def	_clean_project_map
integrations/mem0-plugin/tests/conftest.py	38	def	tmp_git_repo
integrations/mem0-plugin/tests/conftest.py	51	def	tmp_git_repo_ssh
integrations/mem0-plugin/tests/conftest.py	64	def	tmp_no_git
integrations/mem0-plugin/tests/test_auto_capture.py	15	def	_scripts_path
integrations/mem0-plugin/tests/test_auto_capture.py	24	def	_make_transcript
integrations/mem0-plugin/tests/test_auto_capture.py	33	def	_msg
integrations/mem0-plugin/tests/test_auto_capture.py	37	class	TestTailLines
integrations/mem0-plugin/tests/test_auto_capture.py	38	def	test_reads_last_n_lines
integrations/mem0-plugin/tests/test_auto_capture.py	47	def	test_empty_file
integrations/mem0-plugin/tests/test_auto_capture.py	54	def	test_nonexistent_file
integrations/mem0-plugin/tests/test_auto_capture.py	60	class	TestExtractRecentExchanges
integrations/mem0-plugin/tests/test_auto_capture.py	61	def	test_extracts_user_assistant_pairs
integrations/mem0-plugin/tests/test_auto_capture.py	75	def	test_skips_short_messages
integrations/mem0-plugin/tests/test_auto_capture.py	86	def	test_skips_compact_summaries
integrations/mem0-plugin/tests/test_auto_capture.py	97	def	test_limits_to_max_exchanges
integrations/mem0-plugin/tests/test_auto_capture.py	107	def	test_handles_list_content
integrations/mem0-plugin/tests/test_auto_capture.py	119	def	test_empty_lines
integrations/mem0-plugin/tests/test_auto_capture.py	124	def	test_truncates_long_content
integrations/mem0-plugin/tests/test_auto_capture.py	133	def	test_skips_tool_call_assistant_messages
integrations/mem0-plugin/tests/test_auto_setup_categories.py	26	class	_FakeProject
integrations/mem0-plugin/tests/test_auto_setup_categories.py	27	def	__init__
integrations/mem0-plugin/tests/test_auto_setup_categories.py	31	def	get
integrations/mem0-plugin/tests/test_auto_setup_categories.py	34	def	update
integrations/mem0-plugin/tests/test_auto_setup_categories.py	39	class	_FakeClient
integrations/mem0-plugin/tests/test_auto_setup_categories.py	40	def	__init__
integrations/mem0-plugin/tests/test_auto_setup_categories.py	47	def	test_uses_shared_category_list
integrations/mem0-plugin/tests/test_auto_setup_categories.py	56	def	test_categories_fingerprint_is_stable_hex
integrations/mem0-plugin/tests/test_auto_setup_categories.py	65	def	test_categories_fingerprint_changes_when_taxonomy_changes
integrations/mem0-plugin/tests/test_auto_setup_categories.py	71	def	test_categories_fingerprint_order_independent
integrations/mem0-plugin/tests/test_auto_setup_categories.py	77	def	test_apikey_fingerprint_is_stable_and_opaque
integrations/mem0-plugin/tests/test_auto_setup_categories.py	88	def	test_apikey_fingerprint_differs_per_key
integrations/mem0-plugin/tests/test_auto_setup_categories.py	95	def	test_load_state_missing_file_returns_empty
integrations/mem0-plugin/tests/test_auto_setup_categories.py	99	def	test_load_state_corrupt_file_returns_empty
integrations/mem0-plugin/tests/test_auto_setup_categories.py	105	def	test_save_then_load_roundtrip_creates_parent_dir
integrations/mem0-plugin/tests/test_auto_setup_categories.py	112	def	test_is_applied_true_only_on_exact_match
integrations/mem0-plugin/tests/test_auto_setup_categories.py	126	def	test_apply_skips_update_when_already_matching
integrations/mem0-plugin/tests/test_auto_setup_categories.py	133	def	test_apply_updates_when_no_categories_set
integrations/mem0-plugin/tests/test_auto_setup_categories.py	140	def	test_apply_updates_when_categories_differ
integrations/mem0-plugin/tests/test_auto_setup_categories.py	147	def	test_fetch_current_categories_handles_non_dict
integrations/mem0-plugin/tests/test_auto_setup_categories.py	150	class	Weird
integrations/mem0-plugin/tests/test_capture_session_summary.py	15	class	_FakeResp
integrations/mem0-plugin/tests/test_capture_session_summary.py	18	def	__enter__
integrations/mem0-plugin/tests/test_capture_session_summary.py	21	def	__exit__
integrations/mem0-plugin/tests/test_capture_session_summary.py	25	def	_capture_request_body
integrations/mem0-plugin/tests/test_capture_session_summary.py	31	def	fake_urlopen
integrations/mem0-plugin/tests/test_capture_session_summary.py	40	def	test_files_touched_is_json_array_not_double_encoded
integrations/mem0-plugin/tests/test_capture_session_summary.py	65	def	test_files_touched_omitted_when_no_files
integrations/mem0-plugin/tests/test_coding_categories.py	35	def	coding_categories
integrations/mem0-plugin/tests/test_coding_categories.py	52	def	test_total_count
integrations/mem0-plugin/tests/test_coding_categories.py	60	def	test_all_expected_keys_present
integrations/mem0-plugin/tests/test_coding_categories.py	67	def	test_no_duplicate_keys
integrations/mem0-plugin/tests/test_coding_categories.py	79	def	test_each_description_is_non_empty_string
integrations/mem0-plugin/tests/test_import_competing_tools.py	18	def	test_split_by_headers_cursorrules
integrations/mem0-plugin/tests/test_import_competing_tools.py	58	def	test_split_by_headers_copilot
integrations/mem0-plugin/tests/test_import_competing_tools.py	79	def	test_split_by_headers_no_headers
integrations/mem0-plugin/tests/test_import_competing_tools.py	89	def	test_split_cline_multiple_md_files
integrations/mem0-plugin/tests/test_import_competing_tools.py	125	def	test_split_by_hr_or_headers_continue
integrations/mem0-plugin/tests/test_import_competing_tools.py	151	def	test_filter_and_truncate_skips_short
integrations/mem0-plugin/tests/test_import_competing_tools.py	166	def	test_filter_and_truncate_truncates_long
integrations/mem0-plugin/tests/test_import_competing_tools.py	181	def	_make_mock_response
integrations/mem0-plugin/tests/test_import_competing_tools.py	193	def	test_cursorrules_import_api_call
integrations/mem0-plugin/tests/test_import_competing_tools.py	206	def	mock_urlopen
integrations/mem0-plugin/tests/test_import_competing_tools.py	248	def	test_copilot_import_api_call
integrations/mem0-plugin/tests/test_import_competing_tools.py	262	def	mock_urlopen
integrations/mem0-plugin/tests/test_import_competing_tools.py	280	def	test_cline_import_multiple_files
integrations/mem0-plugin/tests/test_import_competing_tools.py	298	def	mock_urlopen
integrations/mem0-plugin/tests/test_import_competing_tools.py	319	def	test_no_api_key_does_not_call_api
integrations/mem0-plugin/tests/test_import_competing_tools.py	334	def	test_missing_file_does_not_call_api
integrations/mem0-plugin/tests/test_import_competing_tools.py	346	def	test_main_unknown_subcommand_exits_zero
integrations/mem0-plugin/tests/test_message_roles.py	21	class	_FakeResp
integrations/mem0-plugin/tests/test_message_roles.py	24	def	__enter__
integrations/mem0-plugin/tests/test_message_roles.py	27	def	__exit__
integrations/mem0-plugin/tests/test_message_roles.py	31	def	_capture
integrations/mem0-plugin/tests/test_message_roles.py	35	def	fake_urlopen
integrations/mem0-plugin/tests/test_message_roles.py	50	def	test_session_summary_posts_assistant_prose_as_assistant
integrations/mem0-plugin/tests/test_message_roles.py	78	def	test_compact_summary_posts_assistant_prose_as_assistant
integrations/mem0-plugin/tests/test_message_roles.py	104	def	test_no_user_role_message_carries_assistant_prose
integrations/mem0-plugin/tests/test_message_roles.py	127	def	test_auto_capture_preserves_real_roles
integrations/mem0-plugin/tests/test_parse_export_file.py	18	def	test_parse_blocks_single_valid_block
integrations/mem0-plugin/tests/test_parse_export_file.py	46	def	test_parse_blocks_multiple_blocks
integrations/mem0-plugin/tests/test_parse_export_file.py	98	def	test_parse_blocks_missing_optional_fields
integrations/mem0-plugin/tests/test_parse_export_file.py	121	def	test_parse_blocks_filters_empty_content
integrations/mem0-plugin/tests/test_parse_export_file.py	150	def	test_parse_blocks_round_trip
integrations/mem0-plugin/tests/test_parse_export_file.py	191	def	test_parse_blocks_multiline_content
integrations/mem0-plugin/tests/test_parse_export_file.py	212	def	test_parse_blocks_empty_input
integrations/mem0-plugin/tests/test_parse_export_file.py	220	def	test_parse_blocks_no_blocks
integrations/mem0-plugin/tests/test_parse_export_file.py	227	def	test_parse_blocks_value_with_colon
integrations/mem0-plugin/tests/test_parse_export_file.py	251	def	test_main_cli_outputs_json
integrations/mem0-plugin/tests/test_parse_export_file.py	278	def	test_main_cli_no_args_exits_zero
integrations/mem0-plugin/tests/test_parse_export_file.py	289	def	test_main_cli_missing_file_exits_zero
integrations/mem0-plugin/tests/test_parse_mem0_config.py	18	def	test_parse_retention_valid_section
integrations/mem0-plugin/tests/test_parse_mem0_config.py	39	def	test_parse_retention_forever_returns_none
integrations/mem0-plugin/tests/test_parse_mem0_config.py	56	def	test_parse_retention_no_section_returns_empty
integrations/mem0-plugin/tests/test_parse_mem0_config.py	71	def	test_parse_retention_stops_at_next_heading
integrations/mem0-plugin/tests/test_parse_mem0_config.py	89	def	test_parse_retention_malformed_lines_skipped
integrations/mem0-plugin/tests/test_parse_mem0_config.py	105	def	test_parse_retention_comments_ignored
integrations/mem0-plugin/tests/test_parse_mem0_config.py	120	def	test_parse_retention_case_insensitive_heading
integrations/mem0-plugin/tests/test_parse_mem0_config.py	133	def	test_parse_retention_empty_section_returns_empty
integrations/mem0-plugin/tests/test_parse_mem0_config.py	153	def	test_load_retention_policies_with_tmp_file
integrations/mem0-plugin/tests/test_parse_mem0_config.py	179	def	test_load_retention_policies_no_mem0_md_returns_empty
integrations/mem0-plugin/tests/test_parse_mem0_config.py	187	def	test_load_retention_policies_no_retention_section_returns_empty
integrations/mem0-plugin/tests/test_parse_mem0_config.py	206	def	test_load_retention_policies_defaults_to_cwd
integrations/mem0-plugin/tests/test_parse_mem0_config.py	223	def	test_cli_main_prints_json
integrations/mem0-plugin/tests/test_parse_mem0_config.py	242	def	test_cli_main_no_file_prints_empty_json
integrations/mem0-plugin/tests/test_parse_mem0_config.py	258	def	test_parse_section_kv_basic
integrations/mem0-plugin/tests/test_parse_mem0_config.py	272	def	test_parse_section_kv_missing_section
integrations/mem0-plugin/tests/test_parse_mem0_config.py	280	def	test_parse_section_kv_stops_at_next_heading
integrations/mem0-plugin/tests/test_parse_mem0_config.py	304	def	test_parse_section_list_basic
integrations/mem0-plugin/tests/test_parse_mem0_config.py	319	def	test_parse_section_list_bare_lines
integrations/mem0-plugin/tests/test_parse_mem0_config.py	333	def	test_parse_section_list_missing_section
integrations/mem0-plugin/tests/test_parse_mem0_config.py	346	def	test_load_full_config_all_sections
integrations/mem0-plugin/tests/test_parse_mem0_config.py	386	def	test_load_full_config_partial_sections
integrations/mem0-plugin/tests/test_parse_mem0_config.py	400	def	test_load_full_config_no_file
integrations/mem0-plugin/tests/test_parse_mem0_config.py	408	def	test_cli_full_flag
integrations/mem0-plugin/tests/test_parse_mem0_config.py	427	def	test_load_full_config_settings_section
integrations/mem0-plugin/tests/test_project.py	10	def	test_resolve_project_id_from_https_remote
integrations/mem0-plugin/tests/test_project.py	17	def	test_resolve_project_id_from_ssh_remote
integrations/mem0-plugin/tests/test_project.py	24	def	test_resolve_project_id_fallback_basename
integrations/mem0-plugin/tests/test_project.py	31	def	test_resolve_project_id_from_env
integrations/mem0-plugin/tests/test_project.py	39	def	test_resolve_project_id_from_project_map
integrations/mem0-plugin/tests/test_project.py	47	def	test_save_project_mapping_creates_file
integrations/mem0-plugin/tests/test_project.py	58	def	test_resolve_branch_in_git_repo
integrations/mem0-plugin/tests/test_project.py	71	def	test_resolve_branch_no_git
integrations/mem0-plugin/tests/test_project.py	78	def	test_remote_url_to_slug_various_formats
integrations/mem0-plugin/tests/test_project.py	88	def	test_remote_url_to_slug_no_git_suffix
integrations/mem0-plugin/tests/test_project.py	94	def	test_resolve_project_id_priority_order
integrations/mem0-plugin/tests/test_project.py	110	def	test_remote_hash_key_format
integrations/mem0-plugin/tests/test_project.py	122	def	test_remote_hash_key_no_git
integrations/mem0-plugin/tests/test_project.py	130	def	test_save_project_mapping_writes_remote_key
integrations/mem0-plugin/tests/test_project.py	147	def	test_resolve_project_id_remote_hash_fallback
integrations/mem0-plugin/tests/test_rubric_dedup.py	15	def	_clean_rubric_flag
integrations/mem0-plugin/tests/test_rubric_dedup.py	24	def	_run_hook
integrations/mem0-plugin/tests/test_rubric_dedup.py	50	def	test_first_prompt_gets_full_rubric
integrations/mem0-plugin/tests/test_rubric_dedup.py	57	def	test_second_prompt_gets_no_rubric
integrations/mem0-plugin/tests/test_search.py	9	def	test_search_memories_returns_results
integrations/mem0-plugin/tests/test_search.py	17	def	mock_urlopen
integrations/mem0-plugin/tests/test_search.py	31	def	test_search_memories_with_metadata_type
integrations/mem0-plugin/tests/test_search.py	36	def	mock_urlopen
integrations/mem0-plugin/tests/test_search.py	51	def	test_search_memories_handles_api_error
integrations/mem0-plugin/tests/test_search.py	60	def	test_search_memories_handles_list_response
integrations/mem0-plugin/tests/test_search.py	65	def	mock_urlopen
integrations/mem0-plugin/tests/test_search.py	78	def	test_search_memories_respects_top_k
integrations/mem0-plugin/tests/test_search.py	83	def	mock_urlopen
integrations/mem0-plugin/tests/test_search.py	97	def	test_search_memories_no_api_key_returns_empty
integrations/mem0-plugin/tests/test_search.py	104	def	test_search_memories_omits_rerank_by_default
integrations/mem0-plugin/tests/test_search.py	110	def	mock_urlopen
integrations/mem0-plugin/tests/test_search.py	124	def	test_search_memories_forwards_rerank_true
integrations/mem0-plugin/tests/test_search.py	131	def	mock_urlopen
integrations/mem0-plugin/tests/test_search.py	145	def	test_should_rerank_defaults_true
integrations/mem0-plugin/tests/test_search.py	153	def	test_should_rerank_opt_out_values
integrations/mem0-plugin/tests/test_search.py	165	def	test_format_results_for_context
integrations/mem0-plugin/tests/test_session_stats.py	16	def	_isolate_stats_file
integrations/mem0-plugin/tests/test_session_stats.py	23	def	test_init_creates_file
integrations/mem0-plugin/tests/test_session_stats.py	35	def	test_record_add_increments
integrations/mem0-plugin/tests/test_session_stats.py	49	def	test_record_search_increments
integrations/mem0-plugin/tests/test_session_stats.py	61	def	test_report_returns_summary
integrations/mem0-plugin/tests/test_session_stats.py	78	def	test_report_empty_session
integrations/mem0-plugin/tests/test_session_stats.py	86	def	test_report_preserves_file
integrations/mem0-plugin/tests/test_session_stats.py	95	def	test_record_add_no_category
integrations/mem0-plugin/tests/test_session_stats.py	108	def	test_duplicate_categories_not_added
integrations/mem0-plugin/tests/test_session_stats.py	122	def	test_cli_init
integrations/mem0-plugin/tests/test_session_stats.py	134	def	test_cli_report_no_data
integrations/mem0-plugin/tests/test_session_stats.py	146	def	test_peek_returns_json_without_clearing
integrations/mem0-plugin/tests/test_session_stats.py	163	def	test_category_counts_tracked
integrations/mem0-plugin/tests/test_session_stats.py	179	def	test_category_counts_empty_category_not_tracked
integrations/mem0-plugin/tests/test_session_stats.py	192	def	test_recent_ids_tracked
integrations/mem0-plugin/tests/test_session_stats.py	208	def	test_recent_ids_capped
integrations/mem0-plugin/tests/test_session_stats.py	222	def	test_recent_ids_empty_without_memory_id
integrations/mem0-plugin/tests/test_session_stats.py	235	def	test_cli_peek
integrations/mem0-plugin/tests/test_telemetry.py	14	def	test_import_succeeds
integrations/mem0-plugin/tests/test_telemetry.py	21	def	test_opt_out_skips_send
integrations/mem0-plugin/tests/test_telemetry.py	31	def	test_opt_out_variants
integrations/mem0-plugin/tests/test_telemetry.py	39	def	test_enabled_by_default
integrations/mem0-plugin/tests/test_telemetry.py	46	def	test_posthog_payload_structure
integrations/mem0-plugin/tests/test_telemetry.py	70	def	test_system_props_override_caller_props
integrations/mem0-plugin/tests/test_telemetry.py	97	def	test_distinct_id_from_api_key
integrations/mem0-plugin/tests/test_telemetry.py	107	def	test_distinct_id_fallback_no_key
integrations/mem0-plugin/tests/test_telemetry.py	116	def	test_hash_deterministic
integrations/mem0-plugin/tests/test_telemetry.py	125	def	test_platform_claude_code
integrations/mem0-plugin/tests/test_telemetry.py	136	def	test_platform_cursor
integrations/mem0-plugin/tests/test_telemetry.py	148	def	test_platform_codex
integrations/mem0-plugin/tests/test_telemetry.py	160	def	test_platform_explicit_override
integrations/mem0-plugin/tests/test_telemetry.py	170	def	test_platform_antigravity
integrations/mem0-plugin/tests/test_telemetry.py	181	def	test_plugin_version_is_per_editor
integrations/mem0-plugin/tests/test_telemetry.py	202	def	test_send_fails_silently
integrations/mem0-plugin/tests/test_telemetry.py	205	def	raise_error
integrations/mem0-plugin/tests/test_telemetry.py	212	def	test_cli_exits_zero_when_disabled
integrations/mem0-plugin/tests/test_telemetry.py	220	def	test_cli_no_args_exits_nonzero
integrations/mem0-plugin/tests/test_telemetry.py	228	def	test_cursor_wrappers_pin_platform
integrations/mem0-plugin/tests/test_telemetry.py	247	def	test_codex_hooks_pin_platform
integrations/mem0-plugin/tests/test_write_path.py	16	def	test_auto_import_post_memory_uses_app_id
integrations/mem0-plugin/tests/test_write_path.py	22	def	mock_urlopen
integrations/mem0-plugin/tests/test_write_path.py	50	def	test_auto_import_post_memory_omits_empty_branch
integrations/mem0-plugin/tests/test_write_path.py	56	def	mock_urlopen
integrations/mem0-plugin/tests/test_write_path.py	71	def	test_on_pre_compact_store_memory_uses_app_id
integrations/mem0-plugin/tests/test_write_path.py	77	def	mock_urlopen
integrations/mem0-plugin/tests/test_write_path.py	107	def	test_capture_compact_summary_store_uses_app_id
integrations/mem0-plugin/tests/test_write_path.py	113	def	mock_urlopen
integrations/mem0-plugin/tests/test_write_path.py	142	def	test_no_metadata_project_id_anywhere
integrations/mem0-plugin/tests/test_write_path.py	150	def	mock_urlopen
integrations/mem0-plugin/tests/test_write_path.py	170	def	test_resolve_api_key_prefers_env_var
integrations/mem0-plugin/tests/test_write_path.py	179	def	test_resolve_api_key_falls_back_to_plugin_option
integrations/mem0-plugin/tests/test_write_path.py	188	def	test_resolve_api_key_returns_empty_when_neither_set
integrations/mem0-plugin/tests/test_write_path.py	199	def	test_resolve_api_key_falls_back_to_shell_profile
integrations/openclaw/backend/base.ts	7	interface	AddOptions
integrations/openclaw/backend/base.ts	17	interface	SearchOptions
integrations/openclaw/backend/base.ts	29	interface	ListOptions
integrations/openclaw/backend/base.ts	41	interface	DeleteOptions
integrations/openclaw/backend/base.ts	49	interface	EntityIds
integrations/openclaw/backend/base.ts	56	interface	Backend
integrations/openclaw/backend/base.ts	97	class	AuthError
integrations/openclaw/backend/base.ts	106	class	NotFoundError
integrations/openclaw/backend/base.ts	113	class	APIError
integrations/openclaw/backend/index.ts	3	type	Backend
integrations/openclaw/backend/index.ts	4	type	AddOptions
integrations/openclaw/backend/index.ts	5	type	SearchOptions
integrations/openclaw/backend/index.ts	6	type	ListOptions
integrations/openclaw/backend/index.ts	7	type	DeleteOptions
integrations/openclaw/backend/index.ts	8	type	EntityIds
integrations/openclaw/backend/platform.ts	10	type	AddOptions
integrations/openclaw/backend/platform.ts	12	type	Backend
integrations/openclaw/backend/platform.ts	13	type	DeleteOptions
integrations/openclaw/backend/platform.ts	14	type	EntityIds
integrations/openclaw/backend/platform.ts	15	type	ListOptions
integrations/openclaw/backend/platform.ts	17	type	SearchOptions
integrations/openclaw/backend/platform.ts	20	class	PlatformBackend
integrations/openclaw/backend/platform.ts	43	const	qs
integrations/openclaw/backend/platform.ts	47	const	fetchOpts
integrations/openclaw/backend/platform.ts	56	const	resp
integrations/openclaw/backend/platform.ts	67	const	body
integrations/openclaw/backend/platform.ts	79	const	body
integrations/openclaw/backend/platform.ts	97	const	payload
integrations/openclaw/backend/platform.ts	133	const	andConditions
integrations/openclaw/backend/platform.ts	154	const	payload
integrations/openclaw/backend/platform.ts	160	const	apiFilters
integrations/openclaw/backend/platform.ts	171	const	result
integrations/openclaw/backend/platform.ts	175	const	obj
integrations/openclaw/backend/platform.ts	189	const	payload
integrations/openclaw/backend/platform.ts	190	const	params
integrations/openclaw/backend/platform.ts	195	const	extra
integrations/openclaw/backend/platform.ts	212	const	apiFilters
integrations/openclaw/backend/platform.ts	221	const	result
integrations/openclaw/backend/platform.ts	226	const	obj
integrations/openclaw/backend/platform.ts	235	const	payload
integrations/openclaw/backend/platform.ts	248	const	params
integrations/openclaw/backend/platform.ts	268	const	typeMap
integrations/openclaw/backend/platform.ts	274	const	entities
integrations/openclaw/backend/platform.ts	309	const	result
integrations/openclaw/backend/platform.ts	320	const	typeMap
integrations/openclaw/backend/platform.ts	326	const	targetType
integrations/openclaw/backend/platform.ts	336	const	result
integrations/openclaw/cli/commands.ts	62	function	promptInput
integrations/openclaw/cli/commands.ts	63	const	rl
integrations/openclaw/cli/commands.ts	74	function	getSystemUsername
integrations/openclaw/cli/commands.ts	87	function	resolveUserId
integrations/openclaw/cli/commands.ts	97	function	apiPost
integrations/openclaw/cli/commands.ts	125	const	data
integrations/openclaw/cli/commands.ts	142	function	validateApiKey
integrations/openclaw/cli/commands.ts	147	const	resp
integrations/openclaw/cli/commands.ts	156	const	data
integrations/openclaw/cli/commands.ts	167	function	sendVerificationCode
integrations/openclaw/cli/commands.ts	171	const	url
integrations/openclaw/cli/commands.ts	172	const	result
integrations/openclaw/cli/commands.ts	181	function	verifyEmailCode
integrations/openclaw/cli/commands.ts	186	const	url
integrations/openclaw/cli/commands.ts	187	const	result
integrations/openclaw/cli/commands.ts	194	const	apiKey
integrations/openclaw/cli/commands.ts	208	function	saveLoginConfig
integrations/openclaw/cli/commands.ts	214	const	existingAuth
integrations/openclaw/cli/commands.ts	215	const	userId
integrations/openclaw/cli/commands.ts	227	function	saveOssConfig
integrations/openclaw/cli/commands.ts	228	const	existingAuth
integrations/openclaw/cli/commands.ts	229	const	userId
integrations/openclaw/cli/commands.ts	241	function	runOssWizardInteractive
integrations/openclaw/cli/commands.ts	249	const	llmIdx
integrations/openclaw/cli/commands.ts	250	const	llmDef
integrations/openclaw/cli/commands.ts	262	const	llmCfg
integrations/openclaw/cli/commands.ts	265	const	ollamaUrl
integrations/openclaw/cli/commands.ts	266	const	check
integrations/openclaw/cli/commands.ts	280	const	embIdx
integrations/openclaw/cli/commands.ts	281	const	embDef
integrations/openclaw/cli/commands.ts	303	const	embCfg
integrations/openclaw/cli/commands.ts	306	const	ollamaUrl
integrations/openclaw/cli/commands.ts	307	const	check
integrations/openclaw/cli/commands.ts	316	const	dims
integrations/openclaw/cli/commands.ts	322	const	vecIdx
integrations/openclaw/cli/commands.ts	323	const	vecDef
integrations/openclaw/cli/commands.ts	329	const	url
integrations/openclaw/cli/commands.ts	332	const	check
integrations/openclaw/cli/commands.ts	341	const	host
integrations/openclaw/cli/commands.ts	342	const	port
integrations/openclaw/cli/commands.ts	343	const	user
integrations/openclaw/cli/commands.ts	344	const	password
integrations/openclaw/cli/commands.ts	345	const	dbname
integrations/openclaw/cli/commands.ts	348	const	check
integrations/openclaw/cli/commands.ts	356	const	vecCfg
integrations/openclaw/cli/commands.ts	359	const	existingVecCfg
integrations/openclaw/cli/commands.ts	360	const	oldDims
integrations/openclaw/cli/commands.ts	374	const	defaultUid
integrations/openclaw/cli/commands.ts	375	const	uidInput
integrations/openclaw/cli/commands.ts	400	function	registerCliCommands
integrations/openclaw/cli/commands.ts	418	const	mem0
integrations/openclaw/cli/commands.ts	427	const	name
integrations/openclaw/cli/commands.ts	428	const	parent
integrations/openclaw/cli/commands.ts	429	const	full
integrations/openclaw/cli/commands.ts	490	const	baseUrl
integrations/openclaw/cli/commands.ts	491	const	existingAuth
integrations/openclaw/cli/commands.ts	492	const	hasExistingConfig
integrations/openclaw/cli/commands.ts	496	const	validation
integrations/openclaw/cli/commands.ts	503	const	llmId
integrations/openclaw/cli/commands.ts	504	const	embId
integrations/openclaw/cli/commands.ts	505	const	vecId
integrations/openclaw/cli/commands.ts	507	const	embKey
integrations/openclaw/cli/commands.ts	508	const	embUrl
integrations/openclaw/cli/commands.ts	510	const	llmCfg
integrations/openclaw/cli/commands.ts	513	const	embCfg
integrations/openclaw/cli/commands.ts	516	const	dims
integrations/openclaw/cli/commands.ts	517	const	vecCfg
integrations/openclaw/cli/commands.ts	525	const	ollamaUrls
integrations/openclaw/cli/commands.ts	529	const	check
integrations/openclaw/cli/commands.ts	531	const	msg
integrations/openclaw/cli/commands.ts	539	const	qdrantUrl
integrations/openclaw/cli/commands.ts	540	const	check
integrations/openclaw/cli/commands.ts	542	const	msg
integrations/openclaw/cli/commands.ts	548	const	pgHost
integrations/openclaw/cli/commands.ts	549	const	pgPort
integrations/openclaw/cli/commands.ts	550	const	check
integrations/openclaw/cli/commands.ts	552	const	msg
integrations/openclaw/cli/commands.ts	560	const	prevAuth
integrations/openclaw/cli/commands.ts	561	const	prevDims
integrations/openclaw/cli/commands.ts	562	const	newDims
integrations/openclaw/cli/commands.ts	573	const	vecDisplay
integrations/openclaw/cli/commands.ts	574	const	summary
integrations/openclaw/cli/commands.ts	600	const	msg
integrations/openclaw/cli/commands.ts	611	const	msg
integrations/openclaw/cli/commands.ts	617	const	check
integrations/openclaw/cli/commands.ts	629	const	summary
integrations/openclaw/cli/commands.ts	657	const	email
integrations/openclaw/cli/commands.ts	658	const	apiKey
integrations/openclaw/cli/commands.ts	665	const	summary
integrations/openclaw/cli/commands.ts	688	const	email
integrations/openclaw/cli/commands.ts	689	const	sent
integrations/openclaw/cli/commands.ts	691	const	nextCmd
integrations/openclaw/cli/commands.ts	721	const	masked
integrations/openclaw/cli/commands.ts	734	const	check
integrations/openclaw/cli/commands.ts	749	const	reuse
integrations/openclaw/cli/commands.ts	773	const	modeChoice
integrations/openclaw/cli/commands.ts	779	const	authChoice
integrations/openclaw/cli/commands.ts	783	const	email
integrations/openclaw/cli/commands.ts	791	const	sent
integrations/openclaw/cli/commands.ts	797	const	code
integrations/openclaw/cli/commands.ts	803	const	apiKey
integrations/openclaw/cli/commands.ts	809	const	defaultUid
integrations/openclaw/cli/commands.ts	810	const	uidInput
integrations/openclaw/cli/commands.ts	824	const	key
integrations/openclaw/cli/commands.ts	833	const	defaultUid
integrations/openclaw/cli/commands.ts	834	const	uidInput
integrations/openclaw/cli/commands.ts	841	const	check
integrations/openclaw/cli/commands.ts	903	const	limit
integrations/openclaw/cli/commands.ts	904	const	scope
integrations/openclaw/cli/commands.ts	905	const	currentSessionId
integrations/openclaw/cli/commands.ts	906	const	uid
integrations/openclaw/cli/commands.ts	913	const	cliSearchOpts
integrations/openclaw/cli/commands.ts	918	const	base
integrations/openclaw/cli/commands.ts	927	const	sessionResults
integrations/openclaw/cli/commands.ts	948	const	longTermResults
integrations/openclaw/cli/commands.ts	964	const	seen
integrations/openclaw/cli/commands.ts	978	const	output
integrations/openclaw/cli/commands.ts	1012	const	uid
integrations/openclaw/cli/commands.ts	1017	const	result
integrations/openclaw/cli/commands.ts	1021	const	count
integrations/openclaw/cli/commands.ts	1051	const	memory
integrations/openclaw/cli/commands.ts	1093	const	uid
integrations/openclaw/cli/commands.ts	1098	const	limit
integrations/openclaw/cli/commands.ts	1099	const	memories
integrations/openclaw/cli/commands.ts	1111	const	output
integrations/openclaw/cli/commands.ts	1175	const	uid
integrations/openclaw/cli/commands.ts	1182	const	answer
integrations/openclaw/cli/commands.ts	1230	const	auth
integrations/openclaw/cli/commands.ts	1231	const	result
integrations/openclaw/cli/commands.ts	1266	const	configCmd
integrations/openclaw/cli/commands.ts	1272	const	CONFIG_KEYS
integrations/openclaw/cli/commands.ts	1300	const	SECRET_KEYS
integrations/openclaw/cli/commands.ts	1303	const	BOOLEAN_KEYS
integrations/openclaw/cli/commands.ts	1310	const	INTEGER_KEYS
integrations/openclaw/cli/commands.ts	1313	function	resolveConfigKey
integrations/openclaw/cli/commands.ts	1318	function	getConfigValue
integrations/openclaw/cli/commands.ts	1320	const	parts
integrations/openclaw/cli/commands.ts	1328	const	auth
integrations/openclaw/cli/commands.ts	1329	const	values
integrations/openclaw/cli/commands.ts	1343	function	displayValue
integrations/openclaw/cli/commands.ts	1348	const	redacted
integrations/openclaw/cli/commands.ts	1360	const	showEntries
integrations/openclaw/cli/commands.ts	1382	const	configObj
integrations/openclaw/cli/commands.ts	1384	const	val
integrations/openclaw/cli/commands.ts	1393	const	entries
integrations/openclaw/cli/commands.ts	1421	const	maxKeyLen
integrations/openclaw/cli/commands.ts	1434	const	value
integrations/openclaw/cli/commands.ts	1435	const	display
integrations/openclaw/cli/commands.ts	1464	const	field
integrations/openclaw/cli/commands.ts	1472	const	value
integrations/openclaw/cli/commands.ts	1484	const	field
integrations/openclaw/cli/commands.ts	1501	const	parsed
integrations/openclaw/cli/commands.ts	1547	const	items
integrations/openclaw/cli/commands.ts	1552	const	content
integrations/openclaw/cli/commands.ts	1586	const	eventCmd
integrations/openclaw/cli/commands.ts	1600	const	results
integrations/openclaw/cli/commands.ts	1608	const	header
integrations/openclaw/cli/commands.ts	1619	const	evId
integrations/openclaw/cli/commands.ts	1620	const	evType
integrations/openclaw/cli/commands.ts	1621	const	status
integrations/openclaw/cli/commands.ts	1622	const	latency
integrations/openclaw/cli/commands.ts	1625	const	created
integrations/openclaw/cli/commands.ts	1651	const	ev
integrations/openclaw/cli/commands.ts	1654	const	status
integrations/openclaw/cli/commands.ts	1655	const	evType
integrations/openclaw/cli/commands.ts	1656	const	latency
integrations/openclaw/cli/commands.ts	1659	const	created
integrations/openclaw/cli/commands.ts	1662	const	updated
integrations/openclaw/cli/commands.ts	1673	const	results
integrations/openclaw/cli/commands.ts	1677	const	memId
integrations/openclaw/cli/commands.ts	1678	const	data
integrations/openclaw/cli/commands.ts	1679	const	memory
integrations/openclaw/cli/commands.ts	1680	const	evName
integrations/openclaw/cli/commands.ts	1681	const	user
integrations/openclaw/cli/commands.ts	1702	const	commands
integrations/openclaw/cli/commands.ts	1723	const	detailed
integrations/openclaw/cli/commands.ts	1779	const	uid
integrations/openclaw/cli/commands.ts	1780	const	memories
integrations/openclaw/cli/commands.ts	1784	const	count
integrations/openclaw/cli/commands.ts	1792	const	catCounts
integrations/openclaw/cli/commands.ts	1794	const	cat
integrations/openclaw/cli/commands.ts	1824	const	dreamPrompt
integrations/openclaw/cli/commands.ts	1832	const	memoryDump
integrations/openclaw/cli/commands.ts	1834	const	cat
integrations/openclaw/cli/commands.ts	1838	const	imp
integrations/openclaw/cli/commands.ts	1839	const	created
integrations/openclaw/cli/commands.ts	1844	const	fullPrompt
integrations/openclaw/cli/config-file.ts	16	const	OPENCLAW_CONFIG_DIR
integrations/openclaw/cli/config-file.ts	17	const	OPENCLAW_CONFIG_FILE
integrations/openclaw/cli/config-file.ts	19	const	DEFAULT_BASE_URL
integrations/openclaw/cli/config-file.ts	21	const	PLUGIN_ID
integrations/openclaw/cli/config-file.ts	28	interface	PluginAuthConfig
integrations/openclaw/cli/config-file.ts	50	function	readFullConfig
integrations/openclaw/cli/config-file.ts	55	const	text
integrations/openclaw/cli/config-file.ts	63	const	parsed
integrations/openclaw/cli/config-file.ts	70	const	msg
integrations/openclaw/cli/config-file.ts	85	function	writeFullConfig
integrations/openclaw/cli/config-file.ts	92	const	diskText
integrations/openclaw/cli/config-file.ts	94	const	disk
integrations/openclaw/cli/config-file.ts	95	const	diskPlugins
integrations/openclaw/cli/config-file.ts	96	const	ourPlugins
integrations/openclaw/cli/config-file.ts	98	const	OPENCLAW_MANAGED
integrations/openclaw/cli/config-file.ts	124	function	readPluginAuth
integrations/openclaw/cli/config-file.ts	125	const	full
integrations/openclaw/cli/config-file.ts	126	const	cfg
integrations/openclaw/cli/config-file.ts	142	function	writePluginAuth
integrations/openclaw/cli/config-file.ts	143	const	full
integrations/openclaw/cli/config-file.ts	147	const	cfg
integrations/openclaw/cli/config-file.ts	159	function	ensurePluginStructure
integrations/openclaw/cli/config-file.ts	170	function	writePluginConfigField
integrations/openclaw/cli/config-file.ts	174	const	full
integrations/openclaw/cli/config-file.ts	194	const	DEFAULT_SKILLS_CONFIG
integrations/openclaw/cli/config-file.ts	214	function	enableSkillsConfig
integrations/openclaw/cli/config-file.ts	215	const	full
integrations/openclaw/cli/config-file.ts	218	const	cfg
integrations/openclaw/cli/config-file.ts	235	function	getBaseUrl
integrations/openclaw/cli/config-file.ts	236	const	auth
integrations/openclaw/cli/config-file.ts	241	function	clearAnonymousTelemetryId
integrations/openclaw/cli/config-file.ts	242	const	full
integrations/openclaw/cli/config-file.ts	243	const	cfg
integrations/openclaw/cli/json-helpers.ts	5	function	writeStdout
integrations/openclaw/cli/json-helpers.ts	9	function	jsonOut
integrations/openclaw/cli/json-helpers.ts	18	function	jsonErr
integrations/openclaw/cli/json-helpers.ts	27	function	redactSecrets
integrations/openclaw/cli/json-helpers.ts	31	const	result
integrations/openclaw/cli/json-helpers.ts	33	const	val
integrations/openclaw/cli/oss-wizard.ts	15	interface	ProviderDef
integrations/openclaw/cli/oss-wizard.ts	25	const	LLM_PROVIDERS
integrations/openclaw/cli/oss-wizard.ts	31	interface	EmbedderDef
integrations/openclaw/cli/oss-wizard.ts	35	const	EMBEDDER_PROVIDERS
integrations/openclaw/cli/oss-wizard.ts	40	interface	VectorDef
integrations/openclaw/cli/oss-wizard.ts	49	const	VECTOR_PROVIDERS
integrations/openclaw/cli/oss-wizard.ts	54	const	KNOWN_EMBEDDER_DIMS
integrations/openclaw/cli/oss-wizard.ts	64	function	collectionNameForDims
integrations/openclaw/cli/oss-wizard.ts	72	interface	LlmConfigInput
integrations/openclaw/cli/oss-wizard.ts	78	function	buildOssLlmConfig
integrations/openclaw/cli/oss-wizard.ts	82	const	def
integrations/openclaw/cli/oss-wizard.ts	85	const	config
integrations/openclaw/cli/oss-wizard.ts	95	interface	EmbedderConfigInput
integrations/openclaw/cli/oss-wizard.ts	101	function	buildOssEmbedderConfig
integrations/openclaw/cli/oss-wizard.ts	105	const	def
integrations/openclaw/cli/oss-wizard.ts	108	const	model
integrations/openclaw/cli/oss-wizard.ts	109	const	config
integrations/openclaw/cli/oss-wizard.ts	115	const	dims
integrations/openclaw/cli/oss-wizard.ts	120	interface	VectorConfigInput
integrations/openclaw/cli/oss-wizard.ts	131	function	buildOssVectorConfig
integrations/openclaw/cli/oss-wizard.ts	135	const	config
integrations/openclaw/cli/oss-wizard.ts	157	function	checkOllamaConnectivity
integrations/openclaw/cli/oss-wizard.ts	159	const	resp
integrations/openclaw/cli/oss-wizard.ts	167	function	checkPgConnectivity
integrations/openclaw/cli/oss-wizard.ts	170	const	sock
integrations/openclaw/cli/oss-wizard.ts	178	function	checkQdrantConnectivity
integrations/openclaw/cli/oss-wizard.ts	180	const	resp
integrations/openclaw/cli/oss-wizard.ts	192	interface	OssFlags
integrations/openclaw/cli/oss-wizard.ts	211	function	validateOssFlags
integrations/openclaw/cli/oss-wizard.ts	214	const	llmId
integrations/openclaw/cli/oss-wizard.ts	215	const	llmDef
integrations/openclaw/cli/oss-wizard.ts	222	const	embId
integrations/openclaw/cli/oss-wizard.ts	223	const	embDef
integrations/openclaw/cli/oss-wizard.ts	230	const	vecId
integrations/openclaw/cli/oss-wizard.ts	231	const	vecDef
integrations/openclaw/config.ts	19	interface	FileConfig
integrations/openclaw/config.ts	28	const	DEFAULT_CUSTOM_INSTRUCTIONS
integrations/openclaw/config.ts	117	const	DEFAULT_CUSTOM_CATEGORIES
integrations/openclaw/config.ts	147	const	ALLOWED_KEYS
integrations/openclaw/config.ts	165	function	assertAllowedKeys
integrations/openclaw/config.ts	170	const	unknown
integrations/openclaw/config.ts	175	const	mem0ConfigSchema
integrations/openclaw/config.ts	180	const	cfg
integrations/openclaw/config.ts	193	const	mode
integrations/openclaw/config.ts	208	const	needsSetup
integrations/openclaw/dream-gate.ts	16	interface	DreamState
integrations/openclaw/dream-gate.ts	22	interface	DreamLock
integrations/openclaw/dream-gate.ts	27	interface	DreamGateConfig
integrations/openclaw/dream-gate.ts	33	const	DEFAULTS
integrations/openclaw/dream-gate.ts	39	const	LOCK_STALE_MS
integrations/openclaw/dream-gate.ts	45	function	statePath
integrations/openclaw/dream-gate.ts	49	function	lockPath
integrations/openclaw/dream-gate.ts	53	function	ensureDir
integrations/openclaw/dream-gate.ts	61	function	readState
integrations/openclaw/dream-gate.ts	63	const	raw
integrations/openclaw/dream-gate.ts	70	function	writeState
integrations/openclaw/dream-gate.ts	83	function	incrementSessionCount
integrations/openclaw/dream-gate.ts	87	const	state
integrations/openclaw/dream-gate.ts	104	function	checkCheapGates
integrations/openclaw/dream-gate.ts	108	const	minHours
integrations/openclaw/dream-gate.ts	109	const	minSessions
integrations/openclaw/dream-gate.ts	110	const	state
integrations/openclaw/dream-gate.ts	113	const	hoursSince
integrations/openclaw/dream-gate.ts	135	function	checkMemoryGate
integrations/openclaw/dream-gate.ts	139	const	minMemories
integrations/openclaw/dream-gate.ts	154	function	acquireDreamLock
integrations/openclaw/dream-gate.ts	156	const	lp
integrations/openclaw/dream-gate.ts	160	const	raw
integrations/openclaw/dream-gate.ts	161	const	lock
integrations/openclaw/dream-gate.ts	162	const	age
integrations/openclaw/dream-gate.ts	178	const	lock
integrations/openclaw/dream-gate.ts	190	function	releaseDreamLock
integrations/openclaw/dream-gate.ts	201	function	recordDreamCompletion
integrations/openclaw/dream-gate.ts	202	const	state
integrations/openclaw/dream-gate.ts	212	function	getDreamState
integrations/openclaw/filtering.ts	13	const	NOISE_MESSAGE_PATTERNS
integrations/openclaw/filtering.ts	38	const	SESSION_SPECIFIC_PATTERNS
integrations/openclaw/filtering.ts	55	const	NOISE_CONTENT_PATTERNS
integrations/openclaw/filtering.ts	112	const	MAX_MESSAGE_LENGTH
integrations/openclaw/filtering.ts	119	const	GENERIC_ASSISTANT_PATTERNS
integrations/openclaw/filtering.ts	135	function	isNoiseMessage
integrations/openclaw/filtering.ts	136	const	trimmed
integrations/openclaw/filtering.ts	147	function	isSessionSpecificContent
integrations/openclaw/filtering.ts	148	const	trimmed
integrations/openclaw/filtering.ts	151	const	matches
integrations/openclaw/filtering.ts	161	function	isGenericAssistantMessage
integrations/openclaw/filtering.ts	162	const	trimmed
integrations/openclaw/filtering.ts	172	function	stripNoiseFromContent
integrations/openclaw/filtering.ts	187	function	truncateMessage
integrations/openclaw/filtering.ts	196	function	filterMessagesForExtraction
integrations/openclaw/filtering.ts	199	const	filtered
integrations/openclaw/filtering.ts	207	const	cleaned
integrations/openclaw/fs-safe.ts	10	function	readText
integrations/openclaw/fs-safe.ts	15	function	exists
integrations/openclaw/fs-safe.ts	20	function	writeText
integrations/openclaw/fs-safe.ts	29	function	mkdirp
integrations/openclaw/fs-safe.ts	34	function	unlink
integrations/openclaw/fs-safe.ts	38	function	bootstrapTelemetryFlag
integrations/openclaw/fs-safe.ts	39	const	val
integrations/openclaw/index.test.ts	19	function	createPluginApi
integrations/openclaw/index.test.ts	45	const	api
integrations/openclaw/index.test.ts	122	const	base
integrations/openclaw/index.test.ts	161	const	base
integrations/openclaw/index.test.ts	203	const	base
integrations/openclaw/index.test.ts	206	const	alphaId
integrations/openclaw/index.test.ts	207	const	betaId
integrations/openclaw/index.test.ts	214	const	s1
integrations/openclaw/index.test.ts	215	const	s2
integrations/openclaw/index.test.ts	220	const	mainId
integrations/openclaw/index.test.ts	437	const	longMsg
integrations/openclaw/index.test.ts	449	const	input
integrations/openclaw/index.test.ts	458	const	result
integrations/openclaw/index.test.ts	463	const	input
integrations/openclaw/index.test.ts	465	const	result
integrations/openclaw/index.test.ts	471	const	input
integrations/openclaw/index.test.ts	473	const	result
integrations/openclaw/index.test.ts	479	const	input
integrations/openclaw/index.test.ts	484	const	input
integrations/openclaw/index.test.ts	494	const	messages
integrations/openclaw/index.test.ts	499	const	result
integrations/openclaw/index.test.ts	505	const	messages
integrations/openclaw/index.test.ts	519	const	result
integrations/openclaw/index.test.ts	525	const	longContent
integrations/openclaw/index.test.ts	526	const	messages
integrations/openclaw/index.test.ts	527	const	result
integrations/openclaw/index.test.ts	534	const	messages
integrations/openclaw/index.test.ts	543	const	messages
integrations/openclaw/index.test.ts	555	const	result
integrations/openclaw/index.test.ts	561	const	messages
integrations/openclaw/index.test.ts	572	const	result
integrations/openclaw/index.test.ts	580	const	messages
integrations/openclaw/index.test.ts	585	const	result
integrations/openclaw/index.test.ts	593	const	messages
integrations/openclaw/index.test.ts	601	const	result
integrations/openclaw/index.test.ts	612	const	typicalV3Results
integrations/openclaw/index.test.ts	621	function	applyThresholdFilter
integrations/openclaw/index.test.ts	629	const	filtered
integrations/openclaw/index.test.ts	635	const	filtered
integrations/openclaw/index.test.ts	640	const	filtered
integrations/openclaw/index.test.ts	645	const	filtered
integrations/openclaw/index.test.ts	650	const	filtered
integrations/openclaw/index.ts	98	const	memoryPlugin
integrations/openclaw/index.ts	108	const	pluginAuth
integrations/openclaw/index.ts	109	const	fileConfig
integrations/openclaw/index.ts	113	const	cfg
integrations/openclaw/index.ts	114	const	isMetadataRegistration
integrations/openclaw/index.ts	117	const	telemetryCtx
integrations/openclaw/index.ts	122	const	_captureEvent
integrations/openclaw/index.ts	178	const	provider
integrations/openclaw/index.ts	198	const	_effectiveUserId
integrations/openclaw/index.ts	200	const	_agentUserId
integrations/openclaw/index.ts	201	const	_resolveUserId
integrations/openclaw/index.ts	204	const	skillsActive
integrations/openclaw/index.ts	232	const	userId
integrations/openclaw/index.ts	235	const	memories
integrations/openclaw/index.ts	283	function	buildAddOptions
integrations/openclaw/index.ts	289	const	opts
integrations/openclaw/index.ts	296	const	customCategories
integrations/openclaw/index.ts	303	function	buildSearchOptions
integrations/openclaw/index.ts	309	const	recallCfg
integrations/openclaw/index.ts	310	const	opts
integrations/openclaw/index.ts	324	const	toolDeps
integrations/openclaw/index.ts	405	function	registerHooks
integrations/openclaw/index.ts	447	const	trigger
integrations/openclaw/index.ts	448	const	sessionId
integrations/openclaw/index.ts	456	const	promptLower
integrations/openclaw/index.ts	457	const	isSystemPrompt
integrations/openclaw/index.ts	467	const	systemContext
integrations/openclaw/index.ts	473	const	isSubagent
integrations/openclaw/index.ts	474	const	userId
integrations/openclaw/index.ts	490	const	recallEnabled
integrations/openclaw/index.ts	491	const	recallStrategy
integrations/openclaw/index.ts	494	const	recallStart
integrations/openclaw/index.ts	496	const	query
integrations/openclaw/index.ts	499	const	sessionIdForRecall
integrations/openclaw/index.ts	506	const	recallResult
integrations/openclaw/index.ts	538	const	stateDir
integrations/openclaw/index.ts	539	const	dreamEnabled
integrations/openclaw/index.ts	545	const	cheapResult
integrations/openclaw/index.ts	551	const	memories
integrations/openclaw/index.ts	555	const	memCount
integrations/openclaw/index.ts	556	const	memResult
integrations/openclaw/index.ts	561	const	dreamPrompt
integrations/openclaw/index.ts	599	const	sessionId
integrations/openclaw/index.ts	600	const	trigger
integrations/openclaw/index.ts	605	const	stateDir
integrations/openclaw/index.ts	624	const	WRITE_TOOLS
integrations/openclaw/index.ts	629	const	messages
integrations/openclaw/index.ts	631	const	lastAssistant
integrations/openclaw/index.ts	634	const	writeToolUsed
integrations/openclaw/index.ts	687	const	RECALL_TIMEOUT_MS
integrations/openclaw/index.ts	693	const	trigger
integrations/openclaw/index.ts	694	const	sessionId
integrations/openclaw/index.ts	702	const	promptLower
integrations/openclaw/index.ts	703	const	isSystemPrompt
integrations/openclaw/index.ts	719	const	isNewSession
integrations/openclaw/index.ts	726	const	isSubagent
integrations/openclaw/index.ts	727	const	recallSessionKey
integrations/openclaw/index.ts	730	const	cleanPrompt
integrations/openclaw/index.ts	737	const	recallStart
integrations/openclaw/index.ts	738	const	recallWork
integrations/openclaw/index.ts	740	const	recallTopK
integrations/openclaw/index.ts	760	const	topScore
integrations/openclaw/index.ts	771	const	broadOpts
integrations/openclaw/index.ts	778	const	broadResults
integrations/openclaw/index.ts	782	const	existingIds
integrations/openclaw/index.ts	796	const	memoryContext
integrations/openclaw/index.ts	813	const	preamble
integrations/openclaw/index.ts	823	const	timeout
integrations/openclaw/index.ts	826	const	result
integrations/openclaw/index.ts	850	const	trigger
integrations/openclaw/index.ts	851	const	sessionId
integrations/openclaw/index.ts	872	const	MEMORY_MUTATE_TOOLS
integrations/openclaw/index.ts	877	const	agentUsedMemoryTool
integrations/openclaw/index.ts	898	const	SUMMARY_PATTERNS
integrations/openclaw/index.ts	908	const	allParsed
integrations/openclaw/index.ts	916	const	msg
integrations/openclaw/index.ts	918	const	msgObj
integrations/openclaw/index.ts	920	const	role
integrations/openclaw/index.ts	924	const	content
integrations/openclaw/index.ts	965	const	isSummary
integrations/openclaw/index.ts	981	const	recentWindow
integrations/openclaw/index.ts	982	const	recentCutoff
integrations/openclaw/index.ts	984	const	candidates
integrations/openclaw/index.ts	994	const	seenIndices
integrations/openclaw/index.ts	1005	const	selected
integrations/openclaw/index.ts	1011	const	formattedMessages
integrations/openclaw/index.ts	1017	const	userContent
integrations/openclaw/index.ts	1030	const	timestamp
integrations/openclaw/index.ts	1036	const	addOpts
integrations/openclaw/index.ts	1037	const	captureStart
integrations/openclaw/index.ts	1041	const	capturedCount
integrations/openclaw/isolation.ts	17	const	SKIP_TRIGGERS
integrations/openclaw/isolation.ts	26	function	isNonInteractiveTrigger
integrations/openclaw/isolation.ts	46	function	isSubagentSession
integrations/openclaw/isolation.ts	62	function	extractAgentId
integrations/openclaw/isolation.ts	68	const	subagentMatch
integrations/openclaw/isolation.ts	72	const	match
integrations/openclaw/isolation.ts	73	const	agentId
integrations/openclaw/isolation.ts	83	function	effectiveUserId
integrations/openclaw/isolation.ts	87	const	agentId
integrations/openclaw/isolation.ts	92	function	agentUserId
integrations/openclaw/isolation.ts	99	function	resolveUserId
integrations/openclaw/openclaw-plugin-sdk.d.ts	2	interface	MemoryArtifact
integrations/openclaw/openclaw-plugin-sdk.d.ts	12	interface	PublicArtifactsProvider
integrations/openclaw/openclaw-plugin-sdk.d.ts	20	interface	MemoryCapabilityConfig
integrations/openclaw/openclaw-plugin-sdk.d.ts	27	interface	OpenClawPluginApi
integrations/openclaw/openclaw-plugin-sdk.d.ts	69	interface	PluginEntry
integrations/openclaw/openclaw-plugin-sdk.d.ts	76	function	definePluginEntry
integrations/openclaw/providers.ts	16	function	customCategoryMapToList
integrations/openclaw/providers.ts	20	const	items
integrations/openclaw/providers.ts	30	function	normalizeMemoryItem
integrations/openclaw/providers.ts	44	function	normalizeSearchResults
integrations/openclaw/providers.ts	52	function	normalizeAddResult
integrations/openclaw/providers.ts	88	class	PlatformProvider
integrations/openclaw/providers.ts	109	const	opts
integrations/openclaw/providers.ts	125	const	opts
integrations/openclaw/providers.ts	138	const	result
integrations/openclaw/providers.ts	145	const	opts
integrations/openclaw/providers.ts	153	const	baseFilters
integrations/openclaw/providers.ts	162	const	results
integrations/openclaw/providers.ts	168	const	result
integrations/openclaw/providers.ts	177	const	filters
integrations/openclaw/providers.ts	180	const	opts
integrations/openclaw/providers.ts	183	const	results
integrations/openclaw/providers.ts	217	const	result
integrations/openclaw/providers.ts	226	class	OSSProvider
integrations/openclaw/providers.ts	249	const	config
integrations/openclaw/providers.ts	251	const	defaultEmbedder
integrations/openclaw/providers.ts	255	const	defaultLlm
integrations/openclaw/providers.ts	257	const	stripEmpty
integrations/openclaw/providers.ts	258	const	out
integrations/openclaw/providers.ts	266	const	ec
integrations/openclaw/providers.ts	280	const	lc
integrations/openclaw/providers.ts	294	const	vs
integrations/openclaw/providers.ts	295	const	vsCfg
integrations/openclaw/providers.ts	297	const	embedderDims
integrations/openclaw/providers.ts	312	const	raw
integrations/openclaw/providers.ts	313	const	isAbsolute
integrations/openclaw/providers.ts	314	const	dbPath
integrations/openclaw/providers.ts	329	const	mod
integrations/openclaw/providers.ts	330	const	Memory
integrations/openclaw/providers.ts	332	const	VectorCls
integrations/openclaw/providers.ts	334	const	origInit
integrations/openclaw/providers.ts	344	const	dims
integrations/openclaw/providers.ts	361	const	bs3Mod
integrations/openclaw/providers.ts	362	const	BS3
integrations/openclaw/providers.ts	363	const	testDb
integrations/openclaw/providers.ts	371	const	origWarn
integrations/openclaw/providers.ts	406	const	addOpts
integrations/openclaw/providers.ts	425	const	result
integrations/openclaw/providers.ts	432	const	opts
integrations/openclaw/providers.ts	439	const	baseFilters
integrations/openclaw/providers.ts	449	const	results
integrations/openclaw/providers.ts	450	const	normalized
integrations/openclaw/providers.ts	464	const	result
integrations/openclaw/providers.ts	473	const	filters
integrations/openclaw/providers.ts	477	const	getAllOpts
integrations/openclaw/providers.ts	480	const	results
integrations/openclaw/providers.ts	513	const	result
integrations/openclaw/providers.ts	530	function	createProvider
integrations/openclaw/providers.ts	555	function	providerToBackend
integrations/openclaw/providers.ts	561	const	msgs
integrations/openclaw/providers.ts	563	const	result
integrations/openclaw/providers.ts	578	const	results
integrations/openclaw/providers.ts	589	const	item
integrations/openclaw/providers.ts	594	const	items
integrations/openclaw/public-artifacts.ts	12	interface	PublicArtifactsContext
integrations/openclaw/public-artifacts.ts	22	function	createPublicArtifactsProvider
integrations/openclaw/public-artifacts.ts	29	const	artifacts
integrations/openclaw/public-artifacts.ts	30	const	userId
integrations/openclaw/public-artifacts.ts	31	const	types
integrations/openclaw/public-artifacts.ts	32	const	limit
integrations/openclaw/public-artifacts.ts	37	const	memories
integrations/openclaw/public-artifacts.ts	49	const	dreamArtifact
integrations/openclaw/public-artifacts.ts	57	const	entityArtifacts
integrations/openclaw/public-artifacts.ts	76	function	memoryToArtifact
integrations/openclaw/public-artifacts.ts	96	function	getDreamArtifact
integrations/openclaw/public-artifacts.ts	98	const	state
integrations/openclaw/public-artifacts.ts	103	const	lastDate
integrations/openclaw/public-artifacts.ts	129	function	extractEntityArtifacts
integrations/openclaw/public-artifacts.ts	130	const	byCategory
integrations/openclaw/public-artifacts.ts	133	const	categories
integrations/openclaw/public-artifacts.ts	135	const	existing
integrations/openclaw/public-artifacts.ts	141	const	entities
integrations/openclaw/recall.ts	22	const	DEFAULT_TOKEN_BUDGET
integrations/openclaw/recall.ts	23	const	DEFAULT_MAX_MEMORIES
integrations/openclaw/recall.ts	24	const	DEFAULT_THRESHOLD
integrations/openclaw/recall.ts	25	const	DEFAULT_CATEGORY_ORDER
integrations/openclaw/recall.ts	38	const	CHARS_PER_TOKEN
integrations/openclaw/recall.ts	44	interface	RecallResult
integrations/openclaw/recall.ts	57	function	getMemoryCategory
integrations/openclaw/recall.ts	72	function	getMemoryImportance
integrations/openclaw/recall.ts	80	const	cat
integrations/openclaw/recall.ts	81	const	defaults
integrations/openclaw/recall.ts	99	function	estimateTokens
integrations/openclaw/recall.ts	107	function	rankMemories
integrations/openclaw/recall.ts	111	const	orderMap
integrations/openclaw/recall.ts	114	const	catA
integrations/openclaw/recall.ts	115	const	catB
integrations/openclaw/recall.ts	116	const	orderA
integrations/openclaw/recall.ts	117	const	orderB
integrations/openclaw/recall.ts	123	const	impA
integrations/openclaw/recall.ts	124	const	impB
integrations/openclaw/recall.ts	136	function	budgetMemories
integrations/openclaw/recall.ts	142	const	selected
integrations/openclaw/recall.ts	148	const	memTokens
integrations/openclaw/recall.ts	149	const	isIdentity
integrations/openclaw/recall.ts	174	function	formatRecalledMemories
integrations/openclaw/recall.ts	183	const	grouped
integrations/openclaw/recall.ts	185	const	cat
integrations/openclaw/recall.ts	186	const	existing
integrations/openclaw/recall.ts	191	const	lines
integrations/openclaw/recall.ts	199	const	label
integrations/openclaw/recall.ts	202	const	imp
integrations/openclaw/recall.ts	203	const	cats
integrations/openclaw/recall.ts	225	function	sanitizeQuery
integrations/openclaw/recall.ts	242	function	recall
integrations/openclaw/recall.ts	249	const	recallConfig
integrations/openclaw/recall.ts	250	const	tokenBudget
integrations/openclaw/recall.ts	251	const	maxMemories
integrations/openclaw/recall.ts	252	const	threshold
integrations/openclaw/recall.ts	253	const	categoryOrder
integrations/openclaw/recall.ts	254	const	identityAlwaysInclude
integrations/openclaw/recall.ts	257	const	searchOpts
integrations/openclaw/recall.ts	265	const	cleanQuery
integrations/openclaw/recall.ts	294	const	longTermIds
integrations/openclaw/recall.ts	295	const	uniqueSession
integrations/openclaw/recall.ts	298	const	allMemories
integrations/openclaw/recall.ts	299	const	ranked
integrations/openclaw/recall.ts	300	const	budgeted
integrations/openclaw/recall.ts	308	const	context
integrations/openclaw/recall.ts	309	const	tokenEstimate
integrations/openclaw/scripts/configure.py	10	def	main
integrations/openclaw/skill-loader.test.ts	65	const	result
integrations/openclaw/skill-loader.test.ts	72	const	result
integrations/openclaw/skill-loader.test.ts	81	const	rawWindowsMetaUrl
integrations/openclaw/skill-loader.test.ts	82	const	result
integrations/openclaw/skill-loader.test.ts	89	const	fileMetaUrl
integrations/openclaw/skill-loader.test.ts	90	const	expected
integrations/openclaw/skill-loader.test.ts	98	const	posixPath
integrations/openclaw/skill-loader.test.ts	106	const	prompt
integrations/openclaw/skill-loader.test.ts	118	const	config
integrations/openclaw/skill-loader.test.ts	119	const	expected
integrations/openclaw/skill-loader.test.ts	127	const	prompt
integrations/openclaw/skill-loader.test.ts	135	const	prompt
integrations/openclaw/skill-loader.test.ts	159	const	defaultPrompt
integrations/openclaw/skill-loader.test.ts	160	const	customPrompt
integrations/openclaw/skill-loader.ts	15	const	DEFAULT_CATEGORIES
integrations/openclaw/skill-loader.ts	27	const	DEFAULT_CREDENTIAL_PATTERNS
integrations/openclaw/skill-loader.ts	44	interface	SkillFrontmatter
integrations/openclaw/skill-loader.ts	52	interface	ParsedSkill
integrations/openclaw/skill-loader.ts	57	function	parseSkillFile
integrations/openclaw/skill-loader.ts	58	const	fmMatch
integrations/openclaw/skill-loader.ts	66	const	fmBlock
integrations/openclaw/skill-loader.ts	67	const	body
integrations/openclaw/skill-loader.ts	70	const	fm
integrations/openclaw/skill-loader.ts	72	const	colonIdx
integrations/openclaw/skill-loader.ts	74	const	key
integrations/openclaw/skill-loader.ts	88	function	normalizeModuleUrlToPath
integrations/openclaw/skill-loader.ts	89	const	normalizedUrl
integrations/openclaw/skill-loader.ts	102	function	resolveSkillsDir
integrations/openclaw/skill-loader.ts	103	const	candidates
integrations/openclaw/skill-loader.ts	107	const	metaDir
integrations/openclaw/skill-loader.ts	130	const	SKILLS_DIR
integrations/openclaw/skill-loader.ts	131	const	RESOLVED_SKILLS_DIR
integrations/openclaw/skill-loader.ts	139	function	safePath
integrations/openclaw/skill-loader.ts	140	const	resolved
integrations/openclaw/skill-loader.ts	150	function	readSkillFile
integrations/openclaw/skill-loader.ts	151	const	filePath
integrations/openclaw/skill-loader.ts	165	function	readDomainOverlay
integrations/openclaw/skill-loader.ts	166	const	filePath
integrations/openclaw/skill-loader.ts	169	const	content
integrations/openclaw/skill-loader.ts	170	const	parsed
integrations/openclaw/skill-loader.ts	172	const	appliesTo
integrations/openclaw/skill-loader.ts	186	function	renderCategoriesBlock
integrations/openclaw/skill-loader.ts	189	const	lines
integrations/openclaw/skill-loader.ts	193	const	ttlLabel
integrations/openclaw/skill-loader.ts	194	const	immLabel
integrations/openclaw/skill-loader.ts	202	function	renderTriageKnobs
integrations/openclaw/skill-loader.ts	209	const	lines
integrations/openclaw/skill-loader.ts	210	const	includeCredentialPatterns
integrations/openclaw/skill-loader.ts	211	const	includeDefaultCredentialPatterns
integrations/openclaw/skill-loader.ts	219	const	hasCustomCredentialPatterns
integrations/openclaw/skill-loader.ts	221	const	patterns
integrations/openclaw/skill-loader.ts	229	const	COMPACT_CUSTOM_RULE_CHAR_BUDGET
integrations/openclaw/skill-loader.ts	230	const	COMPACT_CUSTOM_RULE_PREVIEW_LIMIT
integrations/openclaw/skill-loader.ts	232	function	formatCategoryConfig
integrations/openclaw/skill-loader.ts	236	const	ttlLabel
integrations/openclaw/skill-loader.ts	237	const	immLabel
integrations/openclaw/skill-loader.ts	241	function	renderCompactCategories
integrations/openclaw/skill-loader.ts	246	const	mergedCategories
integrations/openclaw/skill-loader.ts	256	function	renderCompactCustomRules
integrations/openclaw/skill-loader.ts	257	const	includeRules
integrations/openclaw/skill-loader.ts	258	const	excludeRules
integrations/openclaw/skill-loader.ts	263	const	formatRuleList
integrations/openclaw/skill-loader.ts	266	const	lines
integrations/openclaw/skill-loader.ts	274	const	combined
integrations/openclaw/skill-loader.ts	279	const	preview
integrations/openclaw/skill-loader.ts	300	function	ttlToExpirationDate
integrations/openclaw/skill-loader.ts	302	const	match
integrations/openclaw/skill-loader.ts	304	const	days
integrations/openclaw/skill-loader.ts	305	const	date
integrations/openclaw/skill-loader.ts	314	interface	LoadedSkill
integrations/openclaw/skill-loader.ts	324	function	loadSkill
integrations/openclaw/skill-loader.ts	328	const	raw
integrations/openclaw/skill-loader.ts	331	const	parsed
integrations/openclaw/skill-loader.ts	332	const	parts
integrations/openclaw/skill-loader.ts	336	const	overlay
integrations/openclaw/skill-loader.ts	344	const	mergedCats
integrations/openclaw/skill-loader.ts	350	const	knobs
integrations/openclaw/skill-loader.ts	356	const	rulesBlock
integrations/openclaw/skill-loader.ts	390	function	loadTriagePrompt
integrations/openclaw/skill-loader.ts	392	const	triage
integrations/openclaw/skill-loader.ts	398	const	parts
integrations/openclaw/skill-loader.ts	425	const	strategy
integrations/openclaw/skill-loader.ts	516	const	parts
integrations/openclaw/skill-loader.ts	554	function	loadCompactTriagePrompt
integrations/openclaw/skill-loader.ts	559	const	parts
integrations/openclaw/skill-loader.ts	592	const	categoryLines
integrations/openclaw/skill-loader.ts	598	const	knobLines
integrations/openclaw/skill-loader.ts	608	const	customRuleLines
integrations/openclaw/skill-loader.ts	615	const	strategy
integrations/openclaw/skill-loader.ts	665	function	loadDreamPrompt
integrations/openclaw/skill-loader.ts	666	const	dream
integrations/openclaw/skill-loader.ts	674	function	resolveCategories
integrations/openclaw/skill-loader.ts	683	function	resolveCredentialPatterns
integrations/openclaw/skill-loader.ts	690	function	isSkillsMode
integrations/openclaw/sqlite-resilience.test.ts	11	function	vectorStubs
integrations/openclaw/sqlite-resilience.test.ts	23	const	baseConfig
integrations/openclaw/sqlite-resilience.test.ts	31	const	cfg
integrations/openclaw/sqlite-resilience.test.ts	39	const	cfg
integrations/openclaw/sqlite-resilience.test.ts	47	const	cfg
integrations/openclaw/sqlite-resilience.test.ts	104	const	cfg
integrations/openclaw/sqlite-resilience.test.ts	108	const	api
integrations/openclaw/sqlite-resilience.test.ts	109	const	provider
integrations/openclaw/sqlite-resilience.test.ts	129	const	cfg
integrations/openclaw/sqlite-resilience.test.ts	133	const	api
integrations/openclaw/sqlite-resilience.test.ts	134	const	provider
integrations/openclaw/sqlite-resilience.test.ts	188	const	cfg
integrations/openclaw/sqlite-resilience.test.ts	192	const	api
integrations/openclaw/sqlite-resilience.test.ts	193	const	provider
integrations/openclaw/sqlite-resilience.test.ts	202	const	results
integrations/openclaw/sqlite-resilience.test.ts	262	const	warnSpy
integrations/openclaw/sqlite-resilience.test.ts	264	const	cfg
integrations/openclaw/sqlite-resilience.test.ts	268	const	api
integrations/openclaw/sqlite-resilience.test.ts	269	const	provider
integrations/openclaw/sqlite-resilience.test.ts	272	const	results
integrations/openclaw/sqlite-resilience.test.ts	296	const	cfg
integrations/openclaw/sqlite-resilience.test.ts	300	const	api
integrations/openclaw/sqlite-resilience.test.ts	301	const	provider
integrations/openclaw/sqlite-resilience.test.ts	303	const	results
integrations/openclaw/sqlite-resilience.test.ts	316	const	cfg
integrations/openclaw/sqlite-resilience.test.ts	320	const	api
integrations/openclaw/sqlite-resilience.test.ts	321	const	provider
integrations/openclaw/sqlite-resilience.test.ts	371	const	cfg
integrations/openclaw/sqlite-resilience.test.ts	375	const	api
integrations/openclaw/sqlite-resilience.test.ts	376	const	provider
integrations/openclaw/sqlite-resilience.test.ts	384	const	results
integrations/openclaw/sqlite-resilience.test.ts	421	const	cfg
integrations/openclaw/sqlite-resilience.test.ts	431	const	api
integrations/openclaw/sqlite-resilience.test.ts	432	const	provider
integrations/openclaw/sqlite-resilience.test.ts	452	const	cfg
integrations/openclaw/sqlite-resilience.test.ts	460	const	api
integrations/openclaw/sqlite-resilience.test.ts	461	const	provider
integrations/openclaw/sqlite-resilience.test.ts	467	const	embedderCfg
integrations/openclaw/sqlite-resilience.test.ts	471	const	llmCfg
integrations/openclaw/sqlite-resilience.test.ts	477	const	cfg
integrations/openclaw/sqlite-resilience.test.ts	485	const	api
integrations/openclaw/sqlite-resilience.test.ts	486	const	provider
integrations/openclaw/sqlite-resilience.test.ts	507	const	mod
integrations/openclaw/sqlite-resilience.test.ts	543	function	triggerInit
integrations/openclaw/sqlite-resilience.test.ts	545	const	cfg
integrations/openclaw/sqlite-resilience.test.ts	549	const	provider
integrations/openclaw/sqlite-resilience.test.ts	556	const	pg
integrations/openclaw/sqlite-resilience.test.ts	567	const	pg
integrations/openclaw/sqlite-resilience.test.ts	569	const	result
integrations/openclaw/sqlite-resilience.test.ts	576	const	q
integrations/openclaw/sqlite-resilience.test.ts	579	const	first
integrations/openclaw/sqlite-resilience.test.ts	580	const	second
integrations/openclaw/sqlite-resilience.test.ts	604	const	cfg
integrations/openclaw/sqlite-resilience.test.ts	608	const	provider
integrations/openclaw/sqlite-resilience.test.ts	611	const	results
integrations/openclaw/sqlite-resilience.test.ts	646	const	warnSpy
integrations/openclaw/sqlite-resilience.test.ts	648	const	cfg
integrations/openclaw/sqlite-resilience.test.ts	652	const	api
integrations/openclaw/sqlite-resilience.test.ts	653	const	provider
integrations/openclaw/sqlite-resilience.test.ts	657	const	result
integrations/openclaw/sqlite-resilience.test.ts	669	const	warnSpy
integrations/openclaw/sqlite-resilience.test.ts	671	const	cfg
integrations/openclaw/sqlite-resilience.test.ts	675	const	api
integrations/openclaw/sqlite-resilience.test.ts	676	const	provider
integrations/openclaw/sqlite-resilience.test.ts	680	const	result
integrations/openclaw/sqlite-resilience.test.ts	722	const	cfg
integrations/openclaw/sqlite-resilience.test.ts	727	const	api
integrations/openclaw/sqlite-resilience.test.ts	728	const	provider
integrations/openclaw/sqlite-resilience.test.ts	738	const	cfg
integrations/openclaw/sqlite-resilience.test.ts	745	const	api
integrations/openclaw/sqlite-resilience.test.ts	746	const	provider
integrations/openclaw/sqlite-resilience.test.ts	756	const	cfg
integrations/openclaw/sqlite-resilience.test.ts	763	const	api
integrations/openclaw/sqlite-resilience.test.ts	764	const	provider
integrations/openclaw/sqlite-resilience.test.ts	774	const	cfg
integrations/openclaw/sqlite-resilience.test.ts	781	const	api
integrations/openclaw/sqlite-resilience.test.ts	782	const	provider
integrations/openclaw/telemetry.ts	15	const	PLUGIN_VERSION
integrations/openclaw/telemetry.ts	17	const	POSTHOG_API_KEY
integrations/openclaw/telemetry.ts	18	const	POSTHOG_HOST
integrations/openclaw/telemetry.ts	20	const	FLUSH_INTERVAL_MS
integrations/openclaw/telemetry.ts	21	const	FLUSH_THRESHOLD
integrations/openclaw/telemetry.ts	38	function	getOrCreateAnonymousId
integrations/openclaw/telemetry.ts	41	const	auth
integrations/openclaw/telemetry.ts	49	const	newId
integrations/openclaw/telemetry.ts	68	function	maybeBuildIdentifyEvent
integrations/openclaw/telemetry.ts	74	const	auth
integrations/openclaw/telemetry.ts	75	const	storedAnon
integrations/openclaw/telemetry.ts	80	const	identifyEvent
integrations/openclaw/telemetry.ts	111	function	maybeResolveEmail
integrations/openclaw/telemetry.ts	115	const	baseUrl
integrations/openclaw/telemetry.ts	126	const	email
integrations/openclaw/telemetry.ts	133	const	oldId
integrations/openclaw/telemetry.ts	134	const	newId
integrations/openclaw/telemetry.ts	148	function	isTelemetryEnabled
integrations/openclaw/telemetry.ts	151	const	val
integrations/openclaw/telemetry.ts	153	const	s
integrations/openclaw/telemetry.ts	170	function	getDistinctId
integrations/openclaw/telemetry.ts	172	const	auth
integrations/openclaw/telemetry.ts	185	function	ensureFlushTimer
integrations/openclaw/telemetry.ts	205	function	ensureExitHandler
integrations/openclaw/telemetry.ts	210	const	batch
integrations/openclaw/telemetry.ts	212	const	body
integrations/openclaw/telemetry.ts	229	function	flushEvents
integrations/openclaw/telemetry.ts	231	const	batch
integrations/openclaw/telemetry.ts	234	const	body
integrations/openclaw/telemetry.ts	251	function	captureEvent
integrations/openclaw/telemetry.ts	259	const	distinctId
integrations/openclaw/telemetry.ts	270	const	identifyEvent
integrations/openclaw/test-shims/plugin-entry.ts	5	function	definePluginEntry
integrations/openclaw/test-shims/plugin-sdk.ts	5	interface	OpenClawPluginApi
integrations/openclaw/tests/backend-platform.test.ts	10	type	Backend
integrations/openclaw/tests/backend-platform.test.ts	11	type	AddOptions
integrations/openclaw/tests/backend-platform.test.ts	12	type	SearchOptions
integrations/openclaw/tests/backend-platform.test.ts	13	type	ListOptions
integrations/openclaw/tests/backend-platform.test.ts	14	type	DeleteOptions
integrations/openclaw/tests/backend-platform.test.ts	15	type	EntityIds
integrations/openclaw/tests/backend-platform.test.ts	24	const	err
integrations/openclaw/tests/backend-platform.test.ts	31	const	err
integrations/openclaw/tests/backend-platform.test.ts	36	const	err
integrations/openclaw/tests/backend-platform.test.ts	41	const	err
integrations/openclaw/tests/backend-platform.test.ts	51	const	err
integrations/openclaw/tests/backend-platform.test.ts	56	const	err
integrations/openclaw/tests/backend-platform.test.ts	61	const	err
integrations/openclaw/tests/backend-platform.test.ts	71	const	err
integrations/openclaw/tests/backend-platform.test.ts	76	const	err
integrations/openclaw/tests/backend-platform.test.ts	81	const	err
integrations/openclaw/tests/backend-platform.test.ts	93	const	_backendRef
integrations/openclaw/tests/backend-platform.test.ts	94	const	_addOpts
integrations/openclaw/tests/backend-platform.test.ts	95	const	_searchOpts
integrations/openclaw/tests/backend-platform.test.ts	96	const	_listOpts
integrations/openclaw/tests/backend-platform.test.ts	97	const	_deleteOpts
integrations/openclaw/tests/backend-platform.test.ts	98	const	_entityIds
integrations/openclaw/tests/backend-platform.test.ts	114	const	BASE_URL
integrations/openclaw/tests/backend-platform.test.ts	115	const	API_KEY
integrations/openclaw/tests/backend-platform.test.ts	117	function	createBackend
integrations/openclaw/tests/backend-platform.test.ts	121	function	mockFetchResponse
integrations/openclaw/tests/backend-platform.test.ts	140	const	backend
integrations/openclaw/tests/backend-platform.test.ts	145	const	backend
integrations/openclaw/tests/backend-platform.test.ts	150	const	mock
integrations/openclaw/tests/backend-platform.test.ts	159	const	mock
integrations/openclaw/tests/backend-platform.test.ts	162	const	backend
integrations/openclaw/tests/backend-platform.test.ts	163	const	result
integrations/openclaw/tests/backend-platform.test.ts	176	const	body
integrations/openclaw/tests/backend-platform.test.ts	183	const	mock
integrations/openclaw/tests/backend-platform.test.ts	186	const	messages
integrations/openclaw/tests/backend-platform.test.ts	190	const	backend
integrations/openclaw/tests/backend-platform.test.ts	193	const	body
integrations/openclaw/tests/backend-platform.test.ts	201	const	mock
integrations/openclaw/tests/backend-platform.test.ts	206	const	backend
integrations/openclaw/tests/backend-platform.test.ts	207	const	results
integrations/openclaw/tests/backend-platform.test.ts	214	const	body
integrations/openclaw/tests/backend-platform.test.ts	223	const	mock
integrations/openclaw/tests/backend-platform.test.ts	228	const	backend
integrations/openclaw/tests/backend-platform.test.ts	229	const	results
integrations/openclaw/tests/backend-platform.test.ts	235	const	mock
integrations/openclaw/tests/backend-platform.test.ts	238	const	backend
integrations/openclaw/tests/backend-platform.test.ts	239	const	result
integrations/openclaw/tests/backend-platform.test.ts	250	const	mock
integrations/openclaw/tests/backend-platform.test.ts	253	const	backend
integrations/openclaw/tests/backend-platform.test.ts	254	const	result
integrations/openclaw/tests/backend-platform.test.ts	265	const	mock
integrations/openclaw/tests/backend-platform.test.ts	268	const	backend
integrations/openclaw/tests/backend-platform.test.ts	269	const	result
integrations/openclaw/tests/backend-platform.test.ts	286	const	mock
integrations/openclaw/tests/backend-platform.test.ts	289	const	backend
integrations/openclaw/tests/backend-platform.test.ts	290	const	result
integrations/openclaw/tests/backend-platform.test.ts	298	const	mock
integrations/openclaw/tests/backend-platform.test.ts	303	const	backend
integrations/openclaw/tests/backend-platform.test.ts	304	const	result
integrations/openclaw/tests/backend-platform.test.ts	313	const	mock
integrations/openclaw/tests/backend-platform.test.ts	316	const	backend
integrations/openclaw/tests/backend-platform.test.ts	321	const	mock
integrations/openclaw/tests/backend-platform.test.ts	324	const	backend
integrations/openclaw/tests/backend-platform.test.ts	329	const	mock
integrations/openclaw/tests/backend-platform.test.ts	336	const	backend
integrations/openclaw/tests/backend-platform.test.ts	341	const	mock
integrations/openclaw/tests/backend-platform.test.ts	348	const	backend
integrations/openclaw/tests/cli-commands.test.ts	55	interface	MockCommand
integrations/openclaw/tests/cli-commands.test.ts	71	function	createMockCommand
integrations/openclaw/tests/cli-commands.test.ts	72	const	cmd
integrations/openclaw/tests/cli-commands.test.ts	80	const	sub
integrations/openclaw/tests/cli-commands.test.ts	111	function	findCommand
integrations/openclaw/tests/cli-commands.test.ts	114	const	deep
integrations/openclaw/tests/cli-commands.test.ts	124	function	createMockProvider
integrations/openclaw/tests/cli-commands.test.ts	153	function	createMockBackend
integrations/openclaw/tests/cli-commands.test.ts	174	function	createMockCfg
integrations/openclaw/tests/cli-commands.test.ts	194	function	setup
integrations/openclaw/tests/cli-commands.test.ts	195	const	provider
integrations/openclaw/tests/cli-commands.test.ts	196	const	backend
integrations/openclaw/tests/cli-commands.test.ts	197	const	cfg
integrations/openclaw/tests/cli-commands.test.ts	198	const	effectiveUserId
integrations/openclaw/tests/cli-commands.test.ts	199	const	agentUserId
integrations/openclaw/tests/cli-commands.test.ts	200	const	buildSearchOptions
integrations/openclaw/tests/cli-commands.test.ts	205	const	getCurrentSessionId
integrations/openclaw/tests/cli-commands.test.ts	208	const	mockApi
integrations/openclaw/tests/cli-commands.test.ts	227	const	rootProgram
integrations/openclaw/tests/cli-commands.test.ts	231	const	mem0
integrations/openclaw/tests/cli-commands.test.ts	304	const	names
integrations/openclaw/tests/cli-commands.test.ts	319	const	configCmd
integrations/openclaw/tests/cli-commands.test.ts	320	const	configSubs
integrations/openclaw/tests/cli-commands.test.ts	334	const	initCmd
integrations/openclaw/tests/cli-commands.test.ts	373	const	initCmd
integrations/openclaw/tests/cli-commands.test.ts	392	const	initCmd
integrations/openclaw/tests/cli-commands.test.ts	407	const	initCmd
integrations/openclaw/tests/cli-commands.test.ts	419	const	initCmd
integrations/openclaw/tests/cli-commands.test.ts	446	const	initCmd
integrations/openclaw/tests/cli-commands.test.ts	483	const	initCmd
integrations/openclaw/tests/cli-commands.test.ts	502	const	initCmd
integrations/openclaw/tests/cli-commands.test.ts	505	const	origIsTTY
integrations/openclaw/tests/cli-commands.test.ts	519	const	initCmd
integrations/openclaw/tests/cli-commands.test.ts	539	const	initCmd
integrations/openclaw/tests/cli-commands.test.ts	548	const	jsonCall
integrations/openclaw/tests/cli-commands.test.ts	550	const	p
integrations/openclaw/tests/cli-commands.test.ts	555	const	parsed
integrations/openclaw/tests/cli-commands.test.ts	565	const	initCmd
integrations/openclaw/tests/cli-commands.test.ts	575	const	jsonCall
integrations/openclaw/tests/cli-commands.test.ts	577	const	p
integrations/openclaw/tests/cli-commands.test.ts	582	const	parsed
integrations/openclaw/tests/cli-commands.test.ts	593	const	initCmd
integrations/openclaw/tests/cli-commands.test.ts	597	const	jsonCall
integrations/openclaw/tests/cli-commands.test.ts	599	const	p
integrations/openclaw/tests/cli-commands.test.ts	604	const	parsed
integrations/openclaw/tests/cli-commands.test.ts	611	const	initCmd
integrations/openclaw/tests/cli-commands.test.ts	620	const	jsonCall
integrations/openclaw/tests/cli-commands.test.ts	622	const	p
integrations/openclaw/tests/cli-commands.test.ts	627	const	parsed
integrations/openclaw/tests/cli-commands.test.ts	637	const	initCmd
integrations/openclaw/tests/cli-commands.test.ts	646	const	jsonCall
integrations/openclaw/tests/cli-commands.test.ts	648	const	p
integrations/openclaw/tests/cli-commands.test.ts	653	const	parsed
integrations/openclaw/tests/cli-commands.test.ts	664	const	initCmd
integrations/openclaw/tests/cli-commands.test.ts	697	const	addCmd
integrations/openclaw/tests/cli-commands.test.ts	712	const	addCmd
integrations/openclaw/tests/cli-commands.test.ts	725	const	addCmd
integrations/openclaw/tests/cli-commands.test.ts	738	const	addCmd
integrations/openclaw/tests/cli-commands.test.ts	750	const	addCmd
integrations/openclaw/tests/cli-commands.test.ts	767	const	searchCmd
integrations/openclaw/tests/cli-commands.test.ts	784	const	searchCmd
integrations/openclaw/tests/cli-commands.test.ts	793	const	searchCmd
integrations/openclaw/tests/cli-commands.test.ts	807	const	searchCmd
integrations/openclaw/tests/cli-commands.test.ts	821	const	searchCmd
integrations/openclaw/tests/cli-commands.test.ts	838	const	getCmd
integrations/openclaw/tests/cli-commands.test.ts	851	const	getCmd
integrations/openclaw/tests/cli-commands.test.ts	868	const	listCmd
integrations/openclaw/tests/cli-commands.test.ts	890	const	listCmd
integrations/openclaw/tests/cli-commands.test.ts	899	const	listCmd
integrations/openclaw/tests/cli-commands.test.ts	915	const	listCmd
integrations/openclaw/tests/cli-commands.test.ts	932	const	updateCmd
integrations/openclaw/tests/cli-commands.test.ts	943	const	updateCmd
integrations/openclaw/tests/cli-commands.test.ts	960	const	deleteCmd
integrations/openclaw/tests/cli-commands.test.ts	970	const	deleteCmd
integrations/openclaw/tests/cli-commands.test.ts	982	const	deleteCmd
integrations/openclaw/tests/cli-commands.test.ts	984	const	origIsTTY
integrations/openclaw/tests/cli-commands.test.ts	999	const	deleteCmd
integrations/openclaw/tests/cli-commands.test.ts	1010	const	deleteCmd
integrations/openclaw/tests/cli-commands.test.ts	1025	const	deleteCmd
integrations/openclaw/tests/cli-commands.test.ts	1042	const	statusCmd
integrations/openclaw/tests/cli-commands.test.ts	1061	const	statusCmd
integrations/openclaw/tests/cli-commands.test.ts	1074	const	statusCmd
integrations/openclaw/tests/cli-commands.test.ts	1091	const	configCmd
integrations/openclaw/tests/cli-commands.test.ts	1092	const	showCmd
integrations/openclaw/tests/cli-commands.test.ts	1097	const	allOutput
integrations/openclaw/tests/cli-commands.test.ts	1114	const	configCmd
integrations/openclaw/tests/cli-commands.test.ts	1115	const	getCmd
integrations/openclaw/tests/cli-commands.test.ts	1124	const	configCmd
integrations/openclaw/tests/cli-commands.test.ts	1125	const	getCmd
integrations/openclaw/tests/cli-commands.test.ts	1134	const	configCmd
integrations/openclaw/tests/cli-commands.test.ts	1135	const	getCmd
integrations/openclaw/tests/cli-commands.test.ts	1146	const	configCmd
integrations/openclaw/tests/cli-commands.test.ts	1147	const	getCmd
integrations/openclaw/tests/cli-commands.test.ts	1157	const	logged
integrations/openclaw/tests/cli-commands.test.ts	1164	const	configCmd
integrations/openclaw/tests/cli-commands.test.ts	1165	const	getCmd
integrations/openclaw/tests/cli-commands.test.ts	1180	const	configCmd
integrations/openclaw/tests/cli-commands.test.ts	1181	const	setCmd
integrations/openclaw/tests/cli-commands.test.ts	1195	const	configCmd
integrations/openclaw/tests/cli-commands.test.ts	1196	const	setCmd
integrations/openclaw/tests/cli-commands.test.ts	1207	const	configCmd
integrations/openclaw/tests/cli-commands.test.ts	1208	const	setCmd
integrations/openclaw/tests/cli-commands.test.ts	1219	const	configCmd
integrations/openclaw/tests/cli-commands.test.ts	1220	const	setCmd
integrations/openclaw/tests/cli-commands.test.ts	1231	const	configCmd
integrations/openclaw/tests/cli-commands.test.ts	1232	const	setCmd
integrations/openclaw/tests/cli-commands.test.ts	1244	const	configCmd
integrations/openclaw/tests/cli-commands.test.ts	1245	const	setCmd
integrations/openclaw/tests/cli-commands.test.ts	1257	const	configCmd
integrations/openclaw/tests/cli-commands.test.ts	1258	const	setCmd
integrations/openclaw/tests/cli-commands.test.ts	1269	const	configCmd
integrations/openclaw/tests/cli-commands.test.ts	1270	const	setCmd
integrations/openclaw/tests/cli-commands.test.ts	1277	const	logged
integrations/openclaw/tests/cli-commands.test.ts	1299	const	stdoutSpy
integrations/openclaw/tests/cli-commands.test.ts	1300	const	dreamCmd
integrations/openclaw/tests/cli-commands.test.ts	1313	const	stdoutOutput
integrations/openclaw/tests/cli-commands.test.ts	1327	const	stdoutSpy
integrations/openclaw/tests/cli-commands.test.ts	1328	const	dreamCmd
integrations/openclaw/tests/cli-commands.test.ts	1344	const	dreamCmd
integrations/openclaw/tests/cli-commands.test.ts	1359	const	dreamCmd
integrations/openclaw/tests/cli-commands.test.ts	1371	const	dreamCmd
integrations/openclaw/tests/cli-commands.test.ts	1395	const	importCmd
integrations/openclaw/tests/cli-commands.test.ts	1409	const	importCmd
integrations/openclaw/tests/cli-commands.test.ts	1423	const	importCmd
integrations/openclaw/tests/cli-commands.test.ts	1437	const	importCmd
integrations/openclaw/tests/cli-commands.test.ts	1453	const	importCmd
integrations/openclaw/tests/cli-commands.test.ts	1469	const	importCmd
integrations/openclaw/tests/cli-commands.test.ts	1485	const	eventCmd
integrations/openclaw/tests/cli-commands.test.ts	1486	const	listCmd
integrations/openclaw/tests/cli-commands.test.ts	1502	const	eventCmd
integrations/openclaw/tests/cli-commands.test.ts	1503	const	listCmd
integrations/openclaw/tests/cli-commands.test.ts	1513	const	eventCmd
integrations/openclaw/tests/cli-commands.test.ts	1514	const	listCmd
integrations/openclaw/tests/cli-commands.test.ts	1525	const	eventCmd
integrations/openclaw/tests/cli-commands.test.ts	1526	const	statusCmd
integrations/openclaw/tests/cli-commands.test.ts	1539	const	eventCmd
integrations/openclaw/tests/cli-commands.test.ts	1540	const	statusCmd
integrations/openclaw/tests/cli-commands.test.ts	1550	const	provider
integrations/openclaw/tests/cli-commands.test.ts	1551	const	cfg
integrations/openclaw/tests/cli-commands.test.ts	1552	const	mockApi
integrations/openclaw/tests/cli-commands.test.ts	1554	const	root
integrations/openclaw/tests/cli-commands.test.ts	1556	const	mem0
integrations/openclaw/tests/cli-commands.test.ts	1557	const	eventCmd
integrations/openclaw/tests/cli-commands.test.ts	1558	const	listCmd
integrations/openclaw/tests/cli-commands.test.ts	1584	const	provider
integrations/openclaw/tests/cli-commands.test.ts	1585	const	cfg
integrations/openclaw/tests/cli-commands.test.ts	1586	const	mockApi
integrations/openclaw/tests/cli-commands.test.ts	1588	const	root
integrations/openclaw/tests/cli-commands.test.ts	1590	const	mem0
integrations/openclaw/tests/cli-commands.test.ts	1591	const	eventCmd
integrations/openclaw/tests/cli-commands.test.ts	1592	const	statusCmd
integrations/openclaw/tests/cli-commands.test.ts	1625	const	initCmd
integrations/openclaw/tests/cli-commands.test.ts	1626	const	modeOpt
integrations/openclaw/tests/cli-commands.test.ts	1632	const	initCmd
integrations/openclaw/tests/cli-commands.test.ts	1633	const	opt
integrations/openclaw/tests/cli-commands.test.ts	1639	const	initCmd
integrations/openclaw/tests/cli-commands.test.ts	1640	const	opt
integrations/openclaw/tests/cli-commands.test.ts	1653	const	cmd
integrations/openclaw/tests/cli-commands.test.ts	1654	const	opt
integrations/openclaw/tests/cli-commands.test.ts	1661	const	configCmd
integrations/openclaw/tests/cli-commands.test.ts	1662	const	showCmd
integrations/openclaw/tests/cli-commands.test.ts	1664	const	opt
integrations/openclaw/tests/cli-commands.test.ts	1678	const	initCmd
integrations/openclaw/tests/cli-commands.test.ts	1711	const	initCmd
integrations/openclaw/tests/cli-commands.test.ts	1721	const	jsonCall
integrations/openclaw/tests/cli-commands.test.ts	1723	const	p
integrations/openclaw/tests/cli-commands.test.ts	1731	const	parsed
integrations/openclaw/tests/cli-commands.test.ts	1741	const	initCmd
integrations/openclaw/tests/config-file.test.ts	29	const	mockExists
integrations/openclaw/tests/config-file.test.ts	30	const	mockReadText
integrations/openclaw/tests/config-file.test.ts	31	const	mockWriteText
integrations/openclaw/tests/config-file.test.ts	32	const	mockMkdirp
integrations/openclaw/tests/config-file.test.ts	34	function	setConfigFile
integrations/openclaw/tests/config-file.test.ts	39	function	setNoFile
integrations/openclaw/tests/config-file.test.ts	82	const	auth
integrations/openclaw/tests/config-file.test.ts	110	const	auth
integrations/openclaw/tests/config-file.test.ts	144	const	written
integrations/openclaw/tests/config-file.test.ts	170	const	written
integrations/openclaw/tests/config-file.test.ts	207	const	written
integrations/openclaw/tests/config-file.test.ts	208	const	cfg
integrations/openclaw/tests/config.test.ts	24	const	keys
integrations/openclaw/tests/config.test.ts	37	const	cfg
integrations/openclaw/tests/config.test.ts	42	const	cfg
integrations/openclaw/tests/config.test.ts	48	const	cfg
integrations/openclaw/tests/config.test.ts	53	const	cfg
integrations/openclaw/tests/config.test.ts	58	const	cfg
integrations/openclaw/tests/config.test.ts	63	const	cfg
integrations/openclaw/tests/config.test.ts	68	const	cfg
integrations/openclaw/tests/config.test.ts	73	const	cfg
integrations/openclaw/tests/config.test.ts	79	const	cfg
integrations/openclaw/tests/config.test.ts	84	const	cfg
integrations/openclaw/tests/config.test.ts	89	const	cfg
integrations/openclaw/tests/config.test.ts	94	const	cfg
integrations/openclaw/tests/config.test.ts	104	const	cfg
integrations/openclaw/tests/config.test.ts	109	const	cfg
integrations/openclaw/tests/config.test.ts	114	const	cfg
integrations/openclaw/tests/config.test.ts	119	const	cfg
integrations/openclaw/tests/config.test.ts	124	const	cfg
integrations/openclaw/tests/config.test.ts	134	const	cfg
integrations/openclaw/tests/config.test.ts	142	const	cfg
integrations/openclaw/tests/config.test.ts	149	const	cfg
integrations/openclaw/tests/config.test.ts	165	const	cfg
integrations/openclaw/tests/config.test.ts	175	const	cfg
integrations/openclaw/tests/config.test.ts	184	const	cfg
integrations/openclaw/tests/config.test.ts	189	const	cfg
integrations/openclaw/tests/config.test.ts	194	const	cfg
integrations/openclaw/tests/config.test.ts	199	const	cfg
integrations/openclaw/tests/config.test.ts	263	const	cfg
integrations/openclaw/tests/config.test.ts	271	const	cfg
integrations/openclaw/tests/config.test.ts	279	const	cfg
integrations/openclaw/tests/config.test.ts	284	const	cfg
integrations/openclaw/tests/config.test.ts	292	const	custom
integrations/openclaw/tests/config.test.ts	293	const	cfg
integrations/openclaw/tests/config.test.ts	302	const	custom
integrations/openclaw/tests/config.test.ts	303	const	cfg
integrations/openclaw/tests/config.test.ts	311	const	cats
integrations/openclaw/tests/config.test.ts	312	const	cfg
integrations/openclaw/tests/config.test.ts	320	const	cfg
integrations/openclaw/tests/config.test.ts	334	const	ossConfig
integrations/openclaw/tests/config.test.ts	344	const	cfg
integrations/openclaw/tests/config.test.ts	350	const	cfg
integrations/openclaw/tests/config.test.ts	355	const	cfg
integrations/openclaw/tests/config.test.ts	360	const	cfg
integrations/openclaw/tests/config.test.ts	370	const	skillsConfig
integrations/openclaw/tests/config.test.ts	402	const	cfg
integrations/openclaw/tests/config.test.ts	410	const	cfg
integrations/openclaw/tests/config.test.ts	415	const	cfg
integrations/openclaw/tests/config.test.ts	420	const	cfg
integrations/openclaw/tests/config.test.ts	425	const	cfg
integrations/openclaw/tests/config.test.ts	435	const	cfg
integrations/openclaw/tests/config.test.ts	443	const	cfg
integrations/openclaw/tests/config.test.ts	451	const	cfg
integrations/openclaw/tests/config.test.ts	468	const	cfg
integrations/openclaw/tests/config.test.ts	475	const	cfg
integrations/openclaw/tests/config.test.ts	480	const	cfg
integrations/openclaw/tests/dream-gate.test.ts	32	const	mockReadText
integrations/openclaw/tests/dream-gate.test.ts	33	const	mockWriteText
integrations/openclaw/tests/dream-gate.test.ts	34	const	mockMkdirp
integrations/openclaw/tests/dream-gate.test.ts	35	const	mockUnlink
integrations/openclaw/tests/dream-gate.test.ts	37	const	STATE_DIR
integrations/openclaw/tests/dream-gate.test.ts	39	interface	DreamState
integrations/openclaw/tests/dream-gate.test.ts	45	function	setDreamState
integrations/openclaw/tests/dream-gate.test.ts	54	function	setNoState
integrations/openclaw/tests/dream-gate.test.ts	60	function	getWrittenState
integrations/openclaw/tests/dream-gate.test.ts	61	const	call
integrations/openclaw/tests/dream-gate.test.ts	88	const	written
integrations/openclaw/tests/dream-gate.test.ts	103	const	stateWrites
integrations/openclaw/tests/dream-gate.test.ts	124	const	now
integrations/openclaw/tests/dream-gate.test.ts	134	const	result
integrations/openclaw/tests/dream-gate.test.ts	140	const	now
integrations/openclaw/tests/dream-gate.test.ts	150	const	result
integrations/openclaw/tests/dream-gate.test.ts	159	const	now
integrations/openclaw/tests/dream-gate.test.ts	169	const	result
integrations/openclaw/tests/dream-gate.test.ts	178	const	now
integrations/openclaw/tests/dream-gate.test.ts	188	const	result
integrations/openclaw/tests/dream-gate.test.ts	199	const	result
integrations/openclaw/tests/dream-gate.test.ts	206	const	result
integrations/openclaw/tests/dream-gate.test.ts	226	const	now
integrations/openclaw/tests/dream-gate.test.ts	235	const	result
integrations/openclaw/tests/dream-gate.test.ts	239	const	lockWrite
integrations/openclaw/tests/dream-gate.test.ts	243	const	lockData
integrations/openclaw/tests/dream-gate.test.ts	250	const	now
integrations/openclaw/tests/dream-gate.test.ts	264	const	result
integrations/openclaw/tests/dream-gate.test.ts	268	const	lockWrites
integrations/openclaw/tests/dream-gate.test.ts	275	const	now
integrations/openclaw/tests/dream-gate.test.ts	290	const	result
integrations/openclaw/tests/dream-gate.test.ts	297	const	lockWrite
integrations/openclaw/tests/dream-gate.test.ts	331	const	now
integrations/openclaw/tests/dream-gate.test.ts	342	const	written
integrations/openclaw/tests/dream-gate.test.ts	357	const	state
integrations/openclaw/tests/dream-gate.test.ts	366	const	persisted
integrations/openclaw/tests/dream-gate.test.ts	373	const	state
integrations/openclaw/tests/filtering.test.ts	72	const	messages
integrations/openclaw/tests/filtering.test.ts	79	const	filtered
integrations/openclaw/tests/filtering.test.ts	87	const	messages
integrations/openclaw/tests/filtering.test.ts	92	const	filtered
integrations/openclaw/tests/json-helpers.test.ts	17	const	parsed
integrations/openclaw/tests/json-helpers.test.ts	33	const	parsed
integrations/openclaw/tests/json-helpers.test.ts	40	const	input
integrations/openclaw/tests/json-helpers.test.ts	41	const	result
integrations/openclaw/tests/json-helpers.test.ts	47	const	result
integrations/openclaw/tests/json-helpers.test.ts	52	const	result
integrations/openclaw/tests/oss-wizard.test.ts	24	const	openai
integrations/openclaw/tests/oss-wizard.test.ts	30	const	ollama
integrations/openclaw/tests/oss-wizard.test.ts	52	const	result
integrations/openclaw/tests/oss-wizard.test.ts	60	const	result
integrations/openclaw/tests/oss-wizard.test.ts	68	const	result
integrations/openclaw/tests/oss-wizard.test.ts	73	const	result
integrations/openclaw/tests/oss-wizard.test.ts	81	const	result
integrations/openclaw/tests/oss-wizard.test.ts	87	const	result
integrations/openclaw/tests/oss-wizard.test.ts	95	const	result
integrations/openclaw/tests/oss-wizard.test.ts	107	const	qdrant
integrations/openclaw/tests/oss-wizard.test.ts	114	const	pg
integrations/openclaw/tests/oss-wizard.test.ts	123	const	result
integrations/openclaw/tests/oss-wizard.test.ts	130	const	result
integrations/openclaw/tests/oss-wizard.test.ts	137	const	result
integrations/openclaw/tests/oss-wizard.test.ts	143	const	result
integrations/openclaw/tests/oss-wizard.test.ts	161	const	result
integrations/openclaw/tests/oss-wizard.test.ts	167	const	result
integrations/openclaw/tests/oss-wizard.test.ts	172	const	r1
integrations/openclaw/tests/oss-wizard.test.ts	173	const	r2
integrations/openclaw/tests/oss-wizard.test.ts	178	const	result
integrations/openclaw/tests/oss-wizard.test.ts	185	const	result
integrations/openclaw/tests/oss-wizard.test.ts	196	const	result
integrations/openclaw/tests/oss-wizard.test.ts	204	const	result
integrations/openclaw/tests/oss-wizard.test.ts	212	const	result
integrations/openclaw/tests/oss-wizard.test.ts	220	const	result
integrations/openclaw/tests/oss-wizard.test.ts	225	const	result
integrations/openclaw/tests/oss-wizard.test.ts	230	const	result
integrations/openclaw/tests/oss-wizard.test.ts	235	const	result
integrations/openclaw/tests/providers.test.ts	19	function	createMockProvider
integrations/openclaw/tests/providers.test.ts	38	const	DEFAULT_USER
integrations/openclaw/tests/providers.test.ts	84	const	provider
integrations/openclaw/tests/providers.test.ts	122	const	provider
integrations/openclaw/tests/providers.test.ts	123	const	backend
integrations/openclaw/tests/providers.test.ts	125	const	results
integrations/openclaw/tests/providers.test.ts	143	const	provider
integrations/openclaw/tests/providers.test.ts	144	const	backend
integrations/openclaw/tests/providers.test.ts	165	const	provider
integrations/openclaw/tests/providers.test.ts	166	const	backend
integrations/openclaw/tests/providers.test.ts	168	const	result
integrations/openclaw/tests/providers.test.ts	178	const	provider
integrations/openclaw/tests/providers.test.ts	179	const	backend
integrations/openclaw/tests/providers.test.ts	181	const	messages
integrations/openclaw/tests/providers.test.ts	195	const	provider
integrations/openclaw/tests/providers.test.ts	196	const	backend
integrations/openclaw/tests/providers.test.ts	222	const	provider
integrations/openclaw/tests/providers.test.ts	223	const	backend
integrations/openclaw/tests/providers.test.ts	225	const	result
integrations/openclaw/tests/providers.test.ts	238	const	provider
integrations/openclaw/tests/providers.test.ts	239	const	backend
integrations/openclaw/tests/providers.test.ts	241	const	results
integrations/openclaw/tests/providers.test.ts	252	const	provider
integrations/openclaw/tests/providers.test.ts	253	const	backend
integrations/openclaw/tests/providers.test.ts	271	const	provider
integrations/openclaw/tests/providers.test.ts	272	const	backend
integrations/openclaw/tests/providers.test.ts	274	const	result
integrations/openclaw/tests/providers.test.ts	282	const	provider
integrations/openclaw/tests/providers.test.ts	283	const	warnSpy
integrations/openclaw/tests/providers.test.ts	284	const	backend
integrations/openclaw/tests/providers.test.ts	286	const	result
integrations/openclaw/tests/providers.test.ts	305	const	provider
integrations/openclaw/tests/providers.test.ts	306	const	backend
integrations/openclaw/tests/providers.test.ts	308	const	result
integrations/openclaw/tests/providers.test.ts	315	const	provider
integrations/openclaw/tests/providers.test.ts	316	const	backend
integrations/openclaw/tests/providers.test.ts	318	const	result
integrations/openclaw/tests/providers.test.ts	334	const	provider
integrations/openclaw/tests/providers.test.ts	335	const	backend
integrations/openclaw/tests/providers.test.ts	349	const	provider
integrations/openclaw/tests/providers.test.ts	350	const	backend
integrations/openclaw/tests/providers.test.ts	352	const	result
integrations/openclaw/tests/tools.test.ts	25	function	createMockToolDeps
integrations/openclaw/tests/tools.test.ts	83	const	ctx
integrations/openclaw/tests/tools.test.ts	89	const	ctx
integrations/openclaw/tests/tools.test.ts	94	const	names
integrations/openclaw/tests/tools.test.ts	111	const	ctx
integrations/openclaw/tests/tools.test.ts	114	const	calls
integrations/openclaw/tests/tools.test.ts	127	const	factories
integrations/openclaw/tests/tools.test.ts	140	const	ctx
integrations/openclaw/tests/tools.test.ts	141	const	tool
integrations/openclaw/tests/tools.test.ts	161	const	ctx
integrations/openclaw/tests/tools.test.ts	162	const	tool
integrations/openclaw/tests/tools.test.ts	164	const	result
integrations/openclaw/tests/tools.test.ts	178	const	ctx
integrations/openclaw/tests/tools.test.ts	189	const	tool
integrations/openclaw/tests/tools.test.ts	191	const	result
integrations/openclaw/tests/tools.test.ts	198	const	ctx
integrations/openclaw/tests/tools.test.ts	209	const	tool
integrations/openclaw/tests/tools.test.ts	211	const	result
integrations/openclaw/tests/tools.test.ts	219	const	ctx
integrations/openclaw/tests/tools.test.ts	220	const	tool
integrations/openclaw/tests/tools.test.ts	235	const	ctx
integrations/openclaw/tests/tools.test.ts	236	const	tool
integrations/openclaw/tests/tools.test.ts	244	const	searchMock
integrations/openclaw/tests/tools.test.ts	247	const	ctx
integrations/openclaw/tests/tools.test.ts	259	const	tool
integrations/openclaw/tests/tools.test.ts	261	const	result
integrations/openclaw/tests/tools.test.ts	277	const	searchMock
integrations/openclaw/tests/tools.test.ts	289	const	ctx
integrations/openclaw/tests/tools.test.ts	301	const	tool
integrations/openclaw/tests/tools.test.ts	303	const	result
integrations/openclaw/tests/tools.test.ts	310	const	ids
integrations/openclaw/tests/tools.test.ts	321	const	ctx
integrations/openclaw/tests/tools.test.ts	322	const	tool
integrations/openclaw/tests/tools.test.ts	324	const	result
integrations/openclaw/tests/tools.test.ts	329	const	addCall
integrations/openclaw/tests/tools.test.ts	339	const	ctx
integrations/openclaw/tests/tools.test.ts	340	const	tool
integrations/openclaw/tests/tools.test.ts	342	const	result
integrations/openclaw/tests/tools.test.ts	349	const	ctx
integrations/openclaw/tests/tools.test.ts	350	const	tool
integrations/openclaw/tests/tools.test.ts	352	const	result
integrations/openclaw/tests/tools.test.ts	357	const	addCall
integrations/openclaw/tests/tools.test.ts	366	const	ctx
integrations/openclaw/tests/tools.test.ts	377	const	tool
integrations/openclaw/tests/tools.test.ts	379	const	result
integrations/openclaw/tests/tools.test.ts	386	const	addMock
integrations/openclaw/tests/tools.test.ts	389	const	ctx
integrations/openclaw/tests/tools.test.ts	401	const	tool
integrations/openclaw/tests/tools.test.ts	403	const	result
integrations/openclaw/tests/tools.test.ts	409	const	addOpts
integrations/openclaw/tests/tools.test.ts	416	const	ctx
integrations/openclaw/tests/tools.test.ts	421	const	tool
integrations/openclaw/tests/tools.test.ts	423	const	result
integrations/openclaw/tests/tools.test.ts	430	const	searchMock
integrations/openclaw/tests/tools.test.ts	431	const	addMock
integrations/openclaw/tests/tools.test.ts	434	const	ctx
integrations/openclaw/tests/tools.test.ts	446	const	tool
integrations/openclaw/tests/tools.test.ts	462	const	ctx
integrations/openclaw/tests/tools.test.ts	463	const	tool
integrations/openclaw/tests/tools.test.ts	465	const	result
integrations/openclaw/tests/tools.test.ts	476	const	ctx
integrations/openclaw/tests/tools.test.ts	487	const	tool
integrations/openclaw/tests/tools.test.ts	489	const	result
integrations/openclaw/tests/tools.test.ts	502	const	ctx
integrations/openclaw/tests/tools.test.ts	503	const	tool
integrations/openclaw/tests/tools.test.ts	505	const	result
integrations/openclaw/tests/tools.test.ts	514	const	searchMock
integrations/openclaw/tests/tools.test.ts	517	const	deleteMock
integrations/openclaw/tests/tools.test.ts	518	const	ctx
integrations/openclaw/tests/tools.test.ts	529	const	tool
integrations/openclaw/tests/tools.test.ts	531	const	result
integrations/openclaw/tests/tools.test.ts	542	const	searchMock
integrations/openclaw/tests/tools.test.ts	546	const	deleteMock
integrations/openclaw/tests/tools.test.ts	547	const	ctx
integrations/openclaw/tests/tools.test.ts	558	const	tool
integrations/openclaw/tests/tools.test.ts	560	const	result
integrations/openclaw/tests/tools.test.ts	572	const	ctx
integrations/openclaw/tests/tools.test.ts	583	const	tool
integrations/openclaw/tests/tools.test.ts	585	const	result
integrations/openclaw/tests/tools.test.ts	592	const	ctx
integrations/openclaw/tests/tools.test.ts	593	const	tool
integrations/openclaw/tests/tools.test.ts	595	const	result
integrations/openclaw/tests/tools.test.ts	602	const	deleteAllMock
integrations/openclaw/tests/tools.test.ts	603	const	ctx
integrations/openclaw/tests/tools.test.ts	615	const	tool
integrations/openclaw/tests/tools.test.ts	617	const	result
integrations/openclaw/tests/tools.test.ts	628	const	ctx
integrations/openclaw/tests/tools.test.ts	629	const	tool
integrations/openclaw/tests/tools.test.ts	631	const	result
integrations/openclaw/tests/tools.test.ts	640	const	ctx
integrations/openclaw/tests/tools.test.ts	645	const	tool
integrations/openclaw/tests/tools.test.ts	647	const	result
integrations/openclaw/tests/tools.test.ts	654	const	ctx
integrations/openclaw/tests/tools.test.ts	665	const	tool
integrations/openclaw/tests/tools.test.ts	667	const	result
integrations/openclaw/tests/tools.test.ts	680	const	ctx
integrations/openclaw/tests/tools.test.ts	681	const	tool
integrations/openclaw/tests/tools.test.ts	683	const	result
integrations/openclaw/tests/tools.test.ts	693	const	ctx
integrations/openclaw/tests/tools.test.ts	704	const	tool
integrations/openclaw/tests/tools.test.ts	706	const	result
integrations/openclaw/tests/tools.test.ts	713	const	ctx
integrations/openclaw/tests/tools.test.ts	724	const	tool
integrations/openclaw/tests/tools.test.ts	726	const	result
integrations/openclaw/tests/tools.test.ts	733	const	ctx
integrations/openclaw/tests/tools.test.ts	734	const	tool
integrations/openclaw/tests/tools.test.ts	745	const	getAllMock
integrations/openclaw/tests/tools.test.ts	755	const	ctx
integrations/openclaw/tests/tools.test.ts	767	const	tool
integrations/openclaw/tests/tools.test.ts	769	const	result
integrations/openclaw/tests/tools.test.ts	772	const	ids
integrations/openclaw/tests/tools.test.ts	777	const	getAllMock
integrations/openclaw/tests/tools.test.ts	780	const	ctx
integrations/openclaw/tests/tools.test.ts	792	const	tool
integrations/openclaw/tests/tools.test.ts	794	const	result
integrations/openclaw/tests/tools.test.ts	798	const	opts
integrations/openclaw/tests/tools.test.ts	810	const	ctx
integrations/openclaw/tests/tools.test.ts	811	const	tool
integrations/openclaw/tests/tools.test.ts	813	const	result
integrations/openclaw/tests/tools.test.ts	829	const	ctx
integrations/openclaw/tests/tools.test.ts	830	const	tool
integrations/openclaw/tests/tools.test.ts	832	const	longText
integrations/openclaw/tests/tools.test.ts	833	const	result
integrations/openclaw/tests/tools.test.ts	846	const	ctx
integrations/openclaw/tests/tools.test.ts	851	const	tool
integrations/openclaw/tests/tools.test.ts	853	const	result
integrations/openclaw/tests/tools.test.ts	866	const	ctx
integrations/openclaw/tests/tools.test.ts	877	const	tool
integrations/openclaw/tests/tools.test.ts	879	const	result
integrations/openclaw/tools/index.ts	14	interface	ToolDeps
integrations/openclaw/tools/index.ts	29	function	registerAllTools
integrations/openclaw/tools/index.ts	31	const	nonOptional
integrations/openclaw/tools/memory-add.ts	8	function	createMemoryAddTool
integrations/openclaw/tools/memory-add.ts	27	const	p
integrations/openclaw/tools/memory-add.ts	32	const	rawFacts
integrations/openclaw/tools/memory-add.ts	38	const	allFacts
integrations/openclaw/tools/memory-add.ts	46	const	start
integrations/openclaw/tools/memory-add.ts	48	const	currentSessionId
integrations/openclaw/tools/memory-add.ts	54	const	uid
integrations/openclaw/tools/memory-add.ts	55	const	runId
integrations/openclaw/tools/memory-add.ts	58	const	rawMetadata
integrations/openclaw/tools/memory-add.ts	59	const	category
integrations/openclaw/tools/memory-add.ts	60	const	importance
integrations/openclaw/tools/memory-add.ts	61	const	parsedMetadata
integrations/openclaw/tools/memory-add.ts	67	const	addOpts
integrations/openclaw/tools/memory-add.ts	73	const	result
integrations/openclaw/tools/memory-add.ts	74	const	count
integrations/openclaw/tools/memory-add.ts	84	const	combinedText
integrations/openclaw/tools/memory-add.ts	86	const	result
integrations/openclaw/tools/memory-add.ts	87	const	added
integrations/openclaw/tools/memory-add.ts	88	const	updated
integrations/openclaw/tools/memory-add.ts	89	const	summary
integrations/openclaw/tools/memory-delete.ts	5	function	createMemoryDeleteTool
integrations/openclaw/tools/memory-delete.ts	27	const	start
integrations/openclaw/tools/memory-delete.ts	40	const	uid
integrations/openclaw/tools/memory-delete.ts	41	const	results
integrations/openclaw/tools/memory-delete.ts	49	const	list
integrations/openclaw/tools/memory-delete.ts	62	const	uid
integrations/openclaw/tools/memory-event-list.ts	4	function	createMemoryEventListTool
integrations/openclaw/tools/memory-event-list.ts	13	const	start
integrations/openclaw/tools/memory-event-list.ts	23	const	results
integrations/openclaw/tools/memory-event-list.ts	32	const	rows
integrations/openclaw/tools/memory-event-list.ts	33	const	evId
integrations/openclaw/tools/memory-event-list.ts	34	const	evType
integrations/openclaw/tools/memory-event-list.ts	35	const	status
integrations/openclaw/tools/memory-event-list.ts	36	const	latency
integrations/openclaw/tools/memory-event-list.ts	38	const	created
integrations/openclaw/tools/memory-event-list.ts	42	const	text
integrations/openclaw/tools/memory-event-status.ts	4	function	createMemoryEventStatusTool
integrations/openclaw/tools/memory-event-status.ts	16	const	start
integrations/openclaw/tools/memory-event-status.ts	26	const	ev
integrations/openclaw/tools/memory-event-status.ts	28	const	status
integrations/openclaw/tools/memory-event-status.ts	29	const	evType
integrations/openclaw/tools/memory-event-status.ts	30	const	latency
integrations/openclaw/tools/memory-event-status.ts	32	const	created
integrations/openclaw/tools/memory-event-status.ts	33	const	updated
integrations/openclaw/tools/memory-event-status.ts	37	const	results
integrations/openclaw/tools/memory-event-status.ts	39	const	resultLines
integrations/openclaw/tools/memory-event-status.ts	40	const	memId
integrations/openclaw/tools/memory-event-status.ts	41	const	data
integrations/openclaw/tools/memory-event-status.ts	42	const	memory
integrations/openclaw/tools/memory-event-status.ts	43	const	evName
integrations/openclaw/tools/memory-get.ts	4	function	createMemoryGetTool
integrations/openclaw/tools/memory-get.ts	17	const	start
integrations/openclaw/tools/memory-get.ts	19	const	memory
integrations/openclaw/tools/memory-list.ts	5	function	createMemoryListTool
integrations/openclaw/tools/memory-list.ts	27	const	start
integrations/openclaw/tools/memory-list.ts	30	const	uid
integrations/openclaw/tools/memory-list.ts	31	const	currentSessionId
integrations/openclaw/tools/memory-list.ts	38	const	longTerm
integrations/openclaw/tools/memory-list.ts	41	const	seen
integrations/openclaw/tools/memory-list.ts	51	const	text
integrations/openclaw/tools/memory-search.ts	5	function	createMemorySearchTool
integrations/openclaw/tools/memory-search.ts	36	const	start
integrations/openclaw/tools/memory-search.ts	39	const	uid
integrations/openclaw/tools/memory-search.ts	40	const	currentSessionId
integrations/openclaw/tools/memory-search.ts	42	const	applyFilters
integrations/openclaw/tools/memory-search.ts	55	const	longTerm
integrations/openclaw/tools/memory-search.ts	60	const	seen
integrations/openclaw/tools/memory-search.ts	70	const	text
integrations/openclaw/tools/memory-update.ts	5	function	createMemoryUpdateTool
integrations/openclaw/tools/memory-update.ts	19	const	start
integrations/openclaw/types.ts	5	type	Mem0Mode
integrations/openclaw/types.ts	7	type	Mem0Config
integrations/openclaw/types.ts	35	interface	AddOptions
integrations/openclaw/types.ts	47	interface	SearchOptions
integrations/openclaw/types.ts	61	interface	CategoryConfig
integrations/openclaw/types.ts	67	interface	SkillsConfig
integrations/openclaw/types.ts	109	interface	ListOptions
integrations/openclaw/types.ts	116	interface	MemoryItem
integrations/openclaw/types.ts	127	interface	AddResultItem
integrations/openclaw/types.ts	133	interface	AddResult
integrations/openclaw/types.ts	137	interface	Mem0Provider
integrations/pi-agent-plugin/src/capture/index.ts	8	interface	MessageLike
integrations/pi-agent-plugin/src/capture/index.ts	13	function	extractText
integrations/pi-agent-plugin/src/capture/index.ts	16	const	texts
integrations/pi-agent-plugin/src/capture/index.ts	24	function	extractConversation
integrations/pi-agent-plugin/src/capture/index.ts	27	const	result
integrations/pi-agent-plugin/src/capture/index.ts	31	const	text
integrations/pi-agent-plugin/src/capture/index.ts	39	function	setupAutoCapture
integrations/pi-agent-plugin/src/capture/index.ts	49	const	messages
integrations/pi-agent-plugin/src/capture/index.ts	50	const	conversation
integrations/pi-agent-plugin/src/capture/index.ts	53	const	scopeCtx
integrations/pi-agent-plugin/src/capture/index.ts	54	const	addParams
integrations/pi-agent-plugin/src/commands.test.ts	17	function	makeMem0
integrations/pi-agent-plugin/src/commands.test.ts	28	function	makePi
integrations/pi-agent-plugin/src/commands.test.ts	29	const	commands
integrations/pi-agent-plugin/src/commands.test.ts	40	function	makeCtx
integrations/pi-agent-plugin/src/commands.test.ts	52	const	defaultConfig
integrations/pi-agent-plugin/src/commands.test.ts	62	const	scopeCtx
integrations/pi-agent-plugin/src/commands.test.ts	76	const	names
integrations/pi-agent-plugin/src/commands.test.ts	89	const	ctx
integrations/pi-agent-plugin/src/commands.test.ts	96	const	ctx
integrations/pi-agent-plugin/src/commands.test.ts	109	const	ctx
integrations/pi-agent-plugin/src/commands.test.ts	123	const	ctx
integrations/pi-agent-plugin/src/commands.test.ts	139	const	ctx
integrations/pi-agent-plugin/src/commands.test.ts	152	const	ctx
integrations/pi-agent-plugin/src/commands.test.ts	182	const	ctx
integrations/pi-agent-plugin/src/commands.test.ts	202	const	ctx
integrations/pi-agent-plugin/src/commands.test.ts	218	const	ctx
integrations/pi-agent-plugin/src/commands.test.ts	234	const	ctx
integrations/pi-agent-plugin/src/commands.test.ts	243	const	ctx
integrations/pi-agent-plugin/src/commands.test.ts	256	const	ctx
integrations/pi-agent-plugin/src/commands.test.ts	279	const	ctx
integrations/pi-agent-plugin/src/commands.test.ts	299	const	ctx
integrations/pi-agent-plugin/src/commands.test.ts	314	const	ctx
integrations/pi-agent-plugin/src/commands.test.ts	325	const	ctx
integrations/pi-agent-plugin/src/commands.test.ts	336	const	ctx
integrations/pi-agent-plugin/src/commands.test.ts	352	const	ctx
integrations/pi-agent-plugin/src/commands.test.ts	362	const	call
integrations/pi-agent-plugin/src/commands.test.ts	371	const	ctx
integrations/pi-agent-plugin/src/commands.test.ts	383	const	ctx
integrations/pi-agent-plugin/src/commands.test.ts	398	const	ctx
integrations/pi-agent-plugin/src/commands.test.ts	413	const	ctx
integrations/pi-agent-plugin/src/commands.test.ts	421	const	ctx
integrations/pi-agent-plugin/src/commands.test.ts	433	const	ctx
integrations/pi-agent-plugin/src/commands.test.ts	445	const	ctx
integrations/pi-agent-plugin/src/commands.test.ts	456	const	ctx
integrations/pi-agent-plugin/src/commands.test.ts	471	const	ctx
integrations/pi-agent-plugin/src/commands.test.ts	493	const	ctx
integrations/pi-agent-plugin/src/commands.ts	12	const	SEARCH_TOP_K
integrations/pi-agent-plugin/src/commands.ts	14	function	registerCommands
integrations/pi-agent-plugin/src/commands.ts	21	const	sendFeedback
integrations/pi-agent-plugin/src/commands.ts	25	const	pluralize
integrations/pi-agent-plugin/src/commands.ts	28	const	searchMemories
integrations/pi-agent-plugin/src/commands.ts	29	const	filters
integrations/pi-agent-plugin/src/commands.ts	30	const	result
integrations/pi-agent-plugin/src/commands.ts	42	const	text
integrations/pi-agent-plugin/src/commands.ts	48	const	addParams
integrations/pi-agent-plugin/src/commands.ts	49	const	result
integrations/pi-agent-plugin/src/commands.ts	55	const	storedItems
integrations/pi-agent-plugin/src/commands.ts	58	const	items
integrations/pi-agent-plugin/src/commands.ts	69	const	query
integrations/pi-agent-plugin/src/commands.ts	75	const	memories
integrations/pi-agent-plugin/src/commands.ts	83	const	forgotten
integrations/pi-agent-plugin/src/commands.ts	92	const	target
integrations/pi-agent-plugin/src/commands.ts	93	const	confirmed
integrations/pi-agent-plugin/src/commands.ts	103	const	labels
integrations/pi-agent-plugin/src/commands.ts	104	const	selected
integrations/pi-agent-plugin/src/commands.ts	112	const	idx
integrations/pi-agent-plugin/src/commands.ts	114	const	target
integrations/pi-agent-plugin/src/commands.ts	123	const	query
integrations/pi-agent-plugin/src/commands.ts	129	const	memories
integrations/pi-agent-plugin/src/commands.ts	151	const	raw
integrations/pi-agent-plugin/src/commands.ts	152	const	validScopes
integrations/pi-agent-plugin/src/commands.ts	157	const	scope
integrations/pi-agent-plugin/src/commands.ts	158	const	filters
integrations/pi-agent-plugin/src/commands.ts	159	const	result
integrations/pi-agent-plugin/src/commands.ts	160	const	memories
integrations/pi-agent-plugin/src/commands.ts	168	const	groups
integrations/pi-agent-plugin/src/commands.ts	169	const	lines
integrations/pi-agent-plugin/src/commands.ts	207	const	query
integrations/pi-agent-plugin/src/commands.ts	213	const	memories
integrations/pi-agent-plugin/src/commands.ts	221	const	pinned
integrations/pi-agent-plugin/src/commands.ts	228	const	alreadyPinned
integrations/pi-agent-plugin/src/commands.ts	233	const	target
integrations/pi-agent-plugin/src/commands.ts	234	const	text
integrations/pi-agent-plugin/src/commands.ts	239	const	confirmed
integrations/pi-agent-plugin/src/commands.ts	249	const	labels
integrations/pi-agent-plugin/src/commands.ts	250	const	selected
integrations/pi-agent-plugin/src/commands.ts	258	const	idx
integrations/pi-agent-plugin/src/commands.ts	260	const	target
integrations/pi-agent-plugin/src/commands.ts	261	const	selectedText
integrations/pi-agent-plugin/src/commands.ts	274	const	scope
integrations/pi-agent-plugin/src/commands.ts	275	const	valid
integrations/pi-agent-plugin/src/commands.ts	308	const	scopeCtx
integrations/pi-agent-plugin/src/commands.ts	309	const	filters
integrations/pi-agent-plugin/src/commands.ts	314	const	result
integrations/pi-agent-plugin/src/commands.ts	321	const	lines
integrations/pi-agent-plugin/src/config/index.ts	6	const	AGENT_ROOT
integrations/pi-agent-plugin/src/config/index.ts	7	const	CONFIG_DIR
integrations/pi-agent-plugin/src/config/index.ts	8	const	CONFIG_PATH
integrations/pi-agent-plugin/src/config/index.ts	10	const	DEFAULT_DREAM
integrations/pi-agent-plugin/src/config/index.ts	18	const	DEFAULT_CONFIG
integrations/pi-agent-plugin/src/config/index.ts	28	function	loadConfig
integrations/pi-agent-plugin/src/config/index.ts	33	const	raw
integrations/pi-agent-plugin/src/config/index.ts	40	const	dream
integrations/pi-agent-plugin/src/config/index.ts	45	const	config
integrations/pi-agent-plugin/src/dream/index.ts	5	const	LOCK_STALE_MS
integrations/pi-agent-plugin/src/dream/index.ts	7	const	DEFAULTS
integrations/pi-agent-plugin/src/dream/index.ts	15	function	statePath
integrations/pi-agent-plugin/src/dream/index.ts	19	function	lockPath
integrations/pi-agent-plugin/src/dream/index.ts	23	function	ensureDir
integrations/pi-agent-plugin/src/dream/index.ts	29	function	readState
integrations/pi-agent-plugin/src/dream/index.ts	31	const	raw
integrations/pi-agent-plugin/src/dream/index.ts	38	function	writeState
integrations/pi-agent-plugin/src/dream/index.ts	43	function	incrementSessionCount
integrations/pi-agent-plugin/src/dream/index.ts	44	const	state
integrations/pi-agent-plugin/src/dream/index.ts	52	function	checkCheapGates
integrations/pi-agent-plugin/src/dream/index.ts	56	const	minHours
integrations/pi-agent-plugin/src/dream/index.ts	57	const	minSessions
integrations/pi-agent-plugin/src/dream/index.ts	58	const	state
integrations/pi-agent-plugin/src/dream/index.ts	60	const	hoursSince
integrations/pi-agent-plugin/src/dream/index.ts	72	function	checkMemoryGate
integrations/pi-agent-plugin/src/dream/index.ts	76	const	minMemories
integrations/pi-agent-plugin/src/dream/index.ts	83	function	acquireDreamLock
integrations/pi-agent-plugin/src/dream/index.ts	85	const	lp
integrations/pi-agent-plugin/src/dream/index.ts	88	const	raw
integrations/pi-agent-plugin/src/dream/index.ts	89	const	lock
integrations/pi-agent-plugin/src/dream/index.ts	96	const	lock
integrations/pi-agent-plugin/src/dream/index.ts	105	function	releaseDreamLock
integrations/pi-agent-plugin/src/dream/index.ts	109	function	recordDreamCompletion
integrations/pi-agent-plugin/src/dream/index.ts	110	const	state
integrations/pi-agent-plugin/src/dream/prompt.ts	1	const	DREAM_PROTOCOL
integrations/pi-agent-plugin/src/entry.test.ts	5	const	originalEnv
integrations/pi-agent-plugin/src/entry.test.ts	30	const	result
integrations/pi-agent-plugin/src/entry.test.ts	37	const	search
integrations/pi-agent-plugin/src/entry.test.ts	54	const	out
integrations/pi-agent-plugin/src/entry.test.ts	60	const	out
integrations/pi-agent-plugin/src/entry.ts	23	function	resolveUserId
integrations/pi-agent-plugin/src/entry.ts	37	function	buildRecallContext
integrations/pi-agent-plugin/src/entry.ts	43	const	q
integrations/pi-agent-plugin/src/entry.ts	46	const	res
integrations/pi-agent-plugin/src/entry.ts	47	const	memories
integrations/pi-agent-plugin/src/entry.ts	55	function	mem0Extension
integrations/pi-agent-plugin/src/entry.ts	56	const	config
integrations/pi-agent-plugin/src/entry.ts	63	const	mem0
integrations/pi-agent-plugin/src/entry.ts	65	const	scopeCtx
integrations/pi-agent-plugin/src/entry.ts	71	function	getScopeCtx
integrations/pi-agent-plugin/src/entry.ts	75	const	telemetryCtx
integrations/pi-agent-plugin/src/entry.ts	92	const	sessionFile
integrations/pi-agent-plugin/src/entry.ts	115	const	recall
integrations/pi-agent-plugin/src/entry.ts	123	const	gates
integrations/pi-agent-plugin/src/entry.ts	126	const	filters
integrations/pi-agent-plugin/src/entry.ts	127	const	result
integrations/pi-agent-plugin/src/entry.ts	128	const	count
integrations/pi-agent-plugin/src/entry.ts	130	const	memGate
integrations/pi-agent-plugin/src/entry.ts	152	const	messages
integrations/pi-agent-plugin/src/entry.ts	153	const	hadWriteAction
integrations/pi-agent-plugin/src/entry.ts	155	const	content
integrations/pi-agent-plugin/src/memory/formatting.ts	1	interface	MemoryLike
integrations/pi-agent-plugin/src/memory/formatting.ts	8	function	formatAge
integrations/pi-agent-plugin/src/memory/formatting.ts	9	const	d
integrations/pi-agent-plugin/src/memory/formatting.ts	10	const	ms
integrations/pi-agent-plugin/src/memory/formatting.ts	11	const	minutes
integrations/pi-agent-plugin/src/memory/formatting.ts	13	const	hours
integrations/pi-agent-plugin/src/memory/formatting.ts	15	const	days
integrations/pi-agent-plugin/src/memory/formatting.ts	19	function	formatMemoryCompact
integrations/pi-agent-plugin/src/memory/formatting.ts	20	const	cat
integrations/pi-agent-plugin/src/memory/formatting.ts	21	const	age
integrations/pi-agent-plugin/src/memory/formatting.ts	25	function	formatMemoryList
integrations/pi-agent-plugin/src/memory/formatting.ts	32	function	groupByCategory
integrations/pi-agent-plugin/src/memory/formatting.ts	35	const	groups
integrations/pi-agent-plugin/src/memory/formatting.ts	37	const	cat
integrations/pi-agent-plugin/src/memory/formatting.ts	38	const	list
integrations/pi-agent-plugin/src/memory/scoping.test.ts	4	const	mockExecFileSync
integrations/pi-agent-plugin/src/memory/scoping.test.ts	24	const	root
integrations/pi-agent-plugin/src/memory/scoping.test.ts	25	const	sub
integrations/pi-agent-plugin/src/memory/scoping.test.ts	44	const	id
integrations/pi-agent-plugin/src/memory/scoping.test.ts	49	const	a
integrations/pi-agent-plugin/src/memory/scoping.test.ts	50	const	b
integrations/pi-agent-plugin/src/memory/scoping.test.ts	56	const	ctx
integrations/pi-agent-plugin/src/memory/scoping.test.ts	72	const	ctx
integrations/pi-agent-plugin/src/memory/scoping.ts	6	function	detectAppId
integrations/pi-agent-plugin/src/memory/scoping.ts	8	const	root
integrations/pi-agent-plugin/src/memory/scoping.ts	20	function	detectRunId
integrations/pi-agent-plugin/src/memory/scoping.ts	25	function	resolveSearchFilters
integrations/pi-agent-plugin/src/memory/scoping.ts	39	function	resolveAddParams
integrations/pi-agent-plugin/src/memory/tools.ts	11	interface	MemoryResult
integrations/pi-agent-plugin/src/memory/tools.ts	17	const	MAX_OUTPUT_LINES
integrations/pi-agent-plugin/src/memory/tools.ts	18	const	MAX_OUTPUT_BYTES
integrations/pi-agent-plugin/src/memory/tools.ts	20	function	truncateOutput
integrations/pi-agent-plugin/src/memory/tools.ts	21	const	lines
integrations/pi-agent-plugin/src/memory/tools.ts	26	const	kept
integrations/pi-agent-plugin/src/memory/tools.ts	32	const	dropped
integrations/pi-agent-plugin/src/memory/tools.ts	39	interface	ToolParams
integrations/pi-agent-plugin/src/memory/tools.ts	47	function	buildToolExecute
integrations/pi-agent-plugin/src/memory/tools.ts	53	const	scope
integrations/pi-agent-plugin/src/memory/tools.ts	59	const	filters
integrations/pi-agent-plugin/src/memory/tools.ts	60	const	result
integrations/pi-agent-plugin/src/memory/tools.ts	61	const	memories
integrations/pi-agent-plugin/src/memory/tools.ts	71	const	addParams
integrations/pi-agent-plugin/src/memory/tools.ts	72	const	result
integrations/pi-agent-plugin/src/memory/tools.ts	76	const	res
integrations/pi-agent-plugin/src/memory/tools.ts	77	const	msg
integrations/pi-agent-plugin/src/memory/tools.ts	86	const	filters
integrations/pi-agent-plugin/src/memory/tools.ts	87	const	result
integrations/pi-agent-plugin/src/memory/tools.ts	88	const	memories
integrations/pi-agent-plugin/src/memory/tools.ts	99	const	updateResult
integrations/pi-agent-plugin/src/memory/tools.ts	100	const	res
integrations/pi-agent-plugin/src/memory/tools.ts	110	const	result
integrations/pi-agent-plugin/src/memory/tools.ts	119	const	delParams
integrations/pi-agent-plugin/src/memory/tools.ts	120	const	result
integrations/pi-agent-plugin/src/memory/tools.ts	130	function	registerMemoryTool
integrations/pi-agent-plugin/src/memory/tools.ts	192	const	scopeCtx
integrations/pi-agent-plugin/src/memory/tools.ts	193	const	exec
integrations/pi-agent-plugin/src/memory/tools.ts	194	const	start
integrations/pi-agent-plugin/src/memory/tools.ts	196	const	result
integrations/pi-agent-plugin/src/memory/tools.ts	197	const	details
integrations/pi-agent-plugin/src/prompt.ts	1	const	MEMORY_POLICY
integrations/pi-agent-plugin/src/telemetry.test.ts	10	const	CTX
integrations/pi-agent-plugin/src/telemetry.test.ts	12	function	findEvent
integrations/pi-agent-plugin/src/telemetry.test.ts	33	const	ev
integrations/pi-agent-plugin/src/telemetry.test.ts	35	const	props
integrations/pi-agent-plugin/src/telemetry.test.ts	45	const	ev
integrations/pi-agent-plugin/src/telemetry.ts	16	const	POSTHOG_API_KEY
integrations/pi-agent-plugin/src/telemetry.ts	17	const	POSTHOG_HOST
integrations/pi-agent-plugin/src/telemetry.ts	19	const	FLUSH_INTERVAL_MS
integrations/pi-agent-plugin/src/telemetry.ts	20	const	FLUSH_THRESHOLD
integrations/pi-agent-plugin/src/telemetry.ts	25	function	_loadPluginVersion
integrations/pi-agent-plugin/src/telemetry.ts	27	const	pkgUrl
integrations/pi-agent-plugin/src/telemetry.ts	28	const	pkg
integrations/pi-agent-plugin/src/telemetry.ts	35	const	PLUGIN_VERSION
integrations/pi-agent-plugin/src/telemetry.ts	39	function	isTelemetryEnabled
integrations/pi-agent-plugin/src/telemetry.ts	41	const	val
integrations/pi-agent-plugin/src/telemetry.ts	43	const	s
integrations/pi-agent-plugin/src/telemetry.ts	54	const	TELEMETRY_ID_PATH
integrations/pi-agent-plugin/src/telemetry.ts	58	function	getOrCreateAnonymousId
integrations/pi-agent-plugin/src/telemetry.ts	62	const	data
integrations/pi-agent-plugin/src/telemetry.ts	70	const	newId
integrations/pi-agent-plugin/src/telemetry.ts	79	function	getDistinctId
integrations/pi-agent-plugin/src/telemetry.ts	88	function	maybeBuildIdentifyEvent
integrations/pi-agent-plugin/src/telemetry.ts	96	const	data
integrations/pi-agent-plugin/src/telemetry.ts	97	const	storedAnon
integrations/pi-agent-plugin/src/telemetry.ts	102	const	identifyEvent
integrations/pi-agent-plugin/src/telemetry.ts	120	function	ensureFlushTimer
integrations/pi-agent-plugin/src/telemetry.ts	130	function	ensureExitHandler
integrations/pi-agent-plugin/src/telemetry.ts	135	const	batch
integrations/pi-agent-plugin/src/telemetry.ts	137	const	body
integrations/pi-agent-plugin/src/telemetry.ts	152	function	flushEvents
integrations/pi-agent-plugin/src/telemetry.ts	154	const	batch
integrations/pi-agent-plugin/src/telemetry.ts	157	const	body
integrations/pi-agent-plugin/src/telemetry.ts	171	function	captureEvent
integrations/pi-agent-plugin/src/telemetry.ts	179	const	distinctId
integrations/pi-agent-plugin/src/telemetry.ts	181	const	identifyEvent
integrations/pi-agent-plugin/src/telemetry.ts	210	function	captureToolEvent
integrations/pi-agent-plugin/src/telemetry.ts	218	function	captureCommandEvent
integrations/pi-agent-plugin/src/telemetry.ts	228	function	_getEventQueue
integrations/pi-agent-plugin/src/telemetry.ts	232	function	_resetForTesting
integrations/pi-agent-plugin/src/types.ts	1	type	Scope
integrations/pi-agent-plugin/src/types.ts	3	interface	DreamConfig
integrations/pi-agent-plugin/src/types.ts	11	interface	Mem0Config
integrations/pi-agent-plugin/src/types.ts	21	interface	DreamState
integrations/pi-agent-plugin/src/types.ts	27	interface	DreamLock
integrations/pi-agent-plugin/src/types.ts	32	interface	ScopeContext
integrations/pi-agent-plugin/src/types.ts	38	interface	CustomCategory
integrations/pi-agent-plugin/src/types.ts	42	const	DEFAULT_CUSTOM_CATEGORIES
integrations/pi-agent-plugin/tests/capture.test.ts	6	const	messages
integrations/pi-agent-plugin/tests/capture.test.ts	10	const	result
integrations/pi-agent-plugin/tests/capture.test.ts	17	const	messages
integrations/pi-agent-plugin/tests/capture.test.ts	23	const	result
integrations/pi-agent-plugin/tests/capture.test.ts	30	const	messages
integrations/pi-agent-plugin/tests/capture.test.ts	34	const	result
integrations/pi-agent-plugin/tests/capture.test.ts	41	const	messages
integrations/pi-agent-plugin/tests/capture.test.ts	46	const	result
integrations/pi-agent-plugin/tests/capture.test.ts	52	const	messages
integrations/pi-agent-plugin/tests/capture.test.ts	55	const	result
integrations/pi-agent-plugin/tests/config.test.ts	8	const	originalEnv
integrations/pi-agent-plugin/tests/config.test.ts	23	const	config
integrations/pi-agent-plugin/tests/config.test.ts	32	const	config
integrations/pi-agent-plugin/tests/config.test.ts	43	const	config
integrations/pi-agent-plugin/tests/config.test.ts	56	const	config
integrations/pi-agent-plugin/tests/dream.test.ts	7	const	STATE_DIR
integrations/pi-agent-plugin/tests/dream.test.ts	20	const	result
integrations/pi-agent-plugin/tests/dream.test.ts	29	const	result
integrations/pi-agent-plugin/tests/dream.test.ts	38	const	result
integrations/pi-agent-plugin/tests/formatting.test.ts	20	const	mem
integrations/pi-agent-plugin/tests/formatting.test.ts	26	const	line
integrations/pi-agent-plugin/tests/formatting.test.ts	35	const	memories
integrations/pi-agent-plugin/tests/formatting.test.ts	39	const	output
integrations/pi-agent-plugin/tests/scoping.test.ts	5	const	ctx
integrations/pi-agent-plugin/tests/telemetry.test.ts	36	const	queue
integrations/pi-agent-plugin/tests/telemetry.test.ts	39	const	props
integrations/pi-agent-plugin/tests/telemetry.test.ts	48	const	queue
integrations/pi-agent-plugin/tests/telemetry.test.ts	55	const	queue
integrations/pi-agent-plugin/tests/telemetry.test.ts	98	const	queue
integrations/pi-agent-plugin/tests/telemetry.test.ts	101	const	props
integrations/pi-agent-plugin/tests/telemetry.test.ts	109	const	queue
integrations/pi-agent-plugin/tests/telemetry.test.ts	112	const	props
integrations/pi-agent-plugin/tests/tools.test.ts	5	const	mockMem0
integrations/pi-agent-plugin/tests/tools.test.ts	13	const	scopeCtx
integrations/pi-agent-plugin/tests/tools.test.ts	20	const	execute
integrations/pi-agent-plugin/tests/tools.test.ts	33	const	call
integrations/pi-agent-plugin/tests/tools.test.ts	56	const	fullId
integrations/vercel-ai-sdk/config/test-config.ts	6	interface	Provider
integrations/vercel-ai-sdk/config/test-config.ts	12	const	testConfig
integrations/vercel-ai-sdk/config/test-config.ts	60	const	options
integrations/vercel-ai-sdk/config/test-config.ts	68	const	response
integrations/vercel-ai-sdk/config/test-config.ts	69	const	data
integrations/vercel-ai-sdk/config/test-config.ts	70	const	entity
integrations/vercel-ai-sdk/config/test-config.ts	87	const	options
integrations/vercel-ai-sdk/config/test-config.ts	95	const	response
integrations/vercel-ai-sdk/src/mem0-facade.ts	7	class	Mem0
integrations/vercel-ai-sdk/src/mem0-generic-language-model.ts	16	const	generateRandomId
integrations/vercel-ai-sdk/src/mem0-generic-language-model.ts	20	class	Mem0GenericLanguageModel
integrations/vercel-ai-sdk/src/mem0-generic-language-model.ts	47	const	memories
integrations/vercel-ai-sdk/src/mem0-generic-language-model.ts	49	const	mySystemPrompt
integrations/vercel-ai-sdk/src/mem0-generic-language-model.ts	60	const	memoriesPrompt
integrations/vercel-ai-sdk/src/mem0-generic-language-model.ts	63	const	updatedPrompts
integrations/vercel-ai-sdk/src/mem0-generic-language-model.ts	66	const	systemPrompt
integrations/vercel-ai-sdk/src/mem0-generic-language-model.ts	81	const	provider
integrations/vercel-ai-sdk/src/mem0-generic-language-model.ts	82	const	mem0_api_key
integrations/vercel-ai-sdk/src/mem0-generic-language-model.ts	84	const	settings
integrations/vercel-ai-sdk/src/mem0-generic-language-model.ts	91	const	mem0Config
integrations/vercel-ai-sdk/src/mem0-generic-language-model.ts	97	const	selector
integrations/vercel-ai-sdk/src/mem0-generic-language-model.ts	101	const	model
integrations/vercel-ai-sdk/src/mem0-generic-language-model.ts	103	const	ans
integrations/vercel-ai-sdk/src/mem0-generic-language-model.ts	112	const	mem0Source
integrations/vercel-ai-sdk/src/mem0-generic-language-model.ts	136	const	provider
integrations/vercel-ai-sdk/src/mem0-generic-language-model.ts	137	const	mem0_api_key
integrations/vercel-ai-sdk/src/mem0-generic-language-model.ts	139	const	settings
integrations/vercel-ai-sdk/src/mem0-generic-language-model.ts	146	const	mem0Config
integrations/vercel-ai-sdk/src/mem0-generic-language-model.ts	152	const	selector
integrations/vercel-ai-sdk/src/mem0-generic-language-model.ts	156	const	baseModel
integrations/vercel-ai-sdk/src/mem0-generic-language-model.ts	158	const	streamResponse
integrations/vercel-ai-sdk/src/mem0-provider-selector.ts	5	class	Mem0ClassSelector
integrations/vercel-ai-sdk/src/mem0-provider.ts	8	interface	Mem0Provider
integrations/vercel-ai-sdk/src/mem0-provider.ts	20	interface	Mem0ProviderSettings
integrations/vercel-ai-sdk/src/mem0-provider.ts	48	function	createMem0
integrations/vercel-ai-sdk/src/mem0-provider.ts	53	const	baseURL
integrations/vercel-ai-sdk/src/mem0-provider.ts	55	const	getHeaders
integrations/vercel-ai-sdk/src/mem0-provider.ts	59	const	createGenericModel
integrations/vercel-ai-sdk/src/mem0-provider.ts	79	const	createCompletionModel
integrations/vercel-ai-sdk/src/mem0-provider.ts	100	const	createChatModel
integrations/vercel-ai-sdk/src/mem0-provider.ts	121	const	provider
integrations/vercel-ai-sdk/src/mem0-provider.ts	142	const	mem0
integrations/vercel-ai-sdk/src/mem0-types.ts	7	type	Mem0ChatModelId
integrations/vercel-ai-sdk/src/mem0-types.ts	10	interface	Mem0ConfigSettings
integrations/vercel-ai-sdk/src/mem0-types.ts	27	interface	Mem0ChatConfig
integrations/vercel-ai-sdk/src/mem0-types.ts	29	type	LLMProviderSettings
integrations/vercel-ai-sdk/src/mem0-types.ts	31	interface	Mem0Config
integrations/vercel-ai-sdk/src/mem0-types.ts	32	interface	Mem0ChatSettings
integrations/vercel-ai-sdk/src/mem0-utils.ts	4	interface	MultimodalContent
integrations/vercel-ai-sdk/src/mem0-utils.ts	18	interface	FileContent
integrations/vercel-ai-sdk/src/mem0-utils.ts	24	interface	Message
integrations/vercel-ai-sdk/src/mem0-utils.ts	29	const	flattenPrompt
integrations/vercel-ai-sdk/src/mem0-utils.ts	41	const	content
integrations/vercel-ai-sdk/src/mem0-utils.ts	66	const	convertToMem0Format
integrations/vercel-ai-sdk/src/mem0-utils.ts	154	const	obj
integrations/vercel-ai-sdk/src/mem0-utils.ts	236	const	searchInternalMemories
integrations/vercel-ai-sdk/src/mem0-utils.ts	239	const	filters
integrations/vercel-ai-sdk/src/mem0-utils.ts	255	const	apiKey
integrations/vercel-ai-sdk/src/mem0-utils.ts	261	const	body
integrations/vercel-ai-sdk/src/mem0-utils.ts	276	const	options
integrations/vercel-ai-sdk/src/mem0-utils.ts	285	const	baseUrl
integrations/vercel-ai-sdk/src/mem0-utils.ts	286	const	response
integrations/vercel-ai-sdk/src/mem0-utils.ts	290	const	data
integrations/vercel-ai-sdk/src/mem0-utils.ts	298	const	addMemories
integrations/vercel-ai-sdk/src/mem0-utils.ts	306	const	response
integrations/vercel-ai-sdk/src/mem0-utils.ts	314	const	updateMemories
integrations/vercel-ai-sdk/src/mem0-utils.ts	316	const	apiKey
integrations/vercel-ai-sdk/src/mem0-utils.ts	322	const	body
integrations/vercel-ai-sdk/src/mem0-utils.ts	330	const	options
integrations/vercel-ai-sdk/src/mem0-utils.ts	339	const	baseUrl
integrations/vercel-ai-sdk/src/mem0-utils.ts	340	const	response
integrations/vercel-ai-sdk/src/mem0-utils.ts	344	const	data
integrations/vercel-ai-sdk/src/mem0-utils.ts	352	const	retrieveMemories
integrations/vercel-ai-sdk/src/mem0-utils.ts	354	const	message
integrations/vercel-ai-sdk/src/mem0-utils.ts	355	const	systemPrompt
integrations/vercel-ai-sdk/src/mem0-utils.ts	357	const	data
integrations/vercel-ai-sdk/src/mem0-utils.ts	359	const	memories
integrations/vercel-ai-sdk/src/mem0-utils.ts	365	const	memoriesText
integrations/vercel-ai-sdk/src/mem0-utils.ts	376	const	getMemories
integrations/vercel-ai-sdk/src/mem0-utils.ts	378	const	message
integrations/vercel-ai-sdk/src/mem0-utils.ts	379	const	data
integrations/vercel-ai-sdk/src/mem0-utils.ts	388	const	searchMemories
integrations/vercel-ai-sdk/src/mem0-utils.ts	390	const	message
integrations/vercel-ai-sdk/src/mem0-utils.ts	391	const	memories
integrations/vercel-ai-sdk/src/provider-response-provider.ts	10	class	Mem0AITextGenerator
integrations/vercel-ai-sdk/src/provider-response-provider.ts	72	const	result
integrations/vercel-ai-sdk/src/provider-response-provider.ts	77	const	result
integrations/vercel-ai-sdk/src/provider-response-provider.ts	82	type	ProviderSettings
integrations/vercel-ai-sdk/src/stream-utils.ts	1	function	filterStream
integrations/vercel-ai-sdk/src/stream-utils.ts	2	const	reader
integrations/vercel-ai-sdk/src/stream-utils.ts	3	const	filteredStream
integrations/vercel-ai-sdk/src/stream-utils.ts	12	const	chunk
integrations/vercel-ai-sdk/tests/generate-output.test.ts	7	interface	Provider
integrations/vercel-ai-sdk/tests/generate-output.test.ts	24	const	messages
integrations/vercel-ai-sdk/tests/generate-output.test.ts	71	const	baseModel
integrations/vercel-ai-sdk/tests/generate-output.test.ts	76	const	model
integrations/vercel-ai-sdk/tests/mem0-provider-tests/mem0-cohere.test.ts	26	const	messages
integrations/vercel-ai-sdk/tests/mem0-provider-tests/mem0-cohere.test.ts	49	const	prompt
integrations/vercel-ai-sdk/tests/mem0-provider-tests/mem0-google.test.ts	26	const	messages
integrations/vercel-ai-sdk/tests/mem0-provider-tests/mem0-google.test.ts	48	const	prompt
integrations/vercel-ai-sdk/tests/mem0-provider-tests/mem0-groq.test.ts	27	const	messages
integrations/vercel-ai-sdk/tests/mem0-provider-tests/mem0-groq.test.ts	50	const	prompt
integrations/vercel-ai-sdk/tests/mem0-provider-tests/mem0-openai-structured-ouput.test.ts	8	interface	Provider
integrations/vercel-ai-sdk/tests/mem0-provider-tests/mem0-openai-structured-ouput.test.ts	14	const	provider
integrations/vercel-ai-sdk/tests/mem0-provider-tests/mem0-openai-structured-ouput.test.ts	108	const	cars
integrations/vercel-ai-sdk/tests/mem0-provider-tests/mem0-openai.test.ts	25	const	messages
integrations/vercel-ai-sdk/tests/mem0-provider-tests/mem0-openai.test.ts	46	const	prompt
integrations/vercel-ai-sdk/tests/mem0-provider-tests/mem0_anthropic.test.ts	27	const	messages
integrations/vercel-ai-sdk/tests/mem0-provider-tests/mem0_anthropic.test.ts	49	const	prompt
integrations/vercel-ai-sdk/tests/mem0-toolcalls.test.ts	21	const	mem0OpenAI
integrations/vercel-ai-sdk/tests/mem0-toolcalls.test.ts	29	const	result
integrations/vercel-ai-sdk/tests/mem0-toolcalls.test.ts	64	const	mem0Anthropic
integrations/vercel-ai-sdk/tests/mem0-toolcalls.test.ts	72	const	result
integrations/vercel-ai-sdk/tests/memory-core.test.ts	11	const	messages
integrations/vercel-ai-sdk/tests/memory-core.test.ts	22	const	response
integrations/vercel-ai-sdk/tests/memory-core.test.ts	37	const	messages
integrations/vercel-ai-sdk/tests/memory-core.test.ts	51	const	prompt
integrations/vercel-ai-sdk/tests/memory-core.test.ts	52	const	response
integrations/vercel-ai-sdk/tests/memory-core.test.ts	59	const	messages
integrations/vercel-ai-sdk/tests/memory-core.test.ts	69	const	response
integrations/vercel-ai-sdk/tests/text-properties.test.ts	4	interface	Provider
integrations/vercel-ai-sdk/tests/text-properties.test.ts	20	const	chunkTexts
integrations/vercel-ai-sdk/tests/utils-test/anthropic-integration.test.ts	23	const	messages
integrations/vercel-ai-sdk/tests/utils-test/anthropic-integration.test.ts	34	const	memories
integrations/vercel-ai-sdk/tests/utils-test/anthropic-integration.test.ts	49	const	prompt
integrations/vercel-ai-sdk/tests/utils-test/anthropic-integration.test.ts	50	const	memories
integrations/vercel-ai-sdk/tests/utils-test/cohere-integration.test.ts	22	const	messages
integrations/vercel-ai-sdk/tests/utils-test/cohere-integration.test.ts	33	const	memories
integrations/vercel-ai-sdk/tests/utils-test/cohere-integration.test.ts	48	const	prompt
integrations/vercel-ai-sdk/tests/utils-test/cohere-integration.test.ts	49	const	memories
integrations/vercel-ai-sdk/tests/utils-test/google-integration.test.ts	22	const	messages
integrations/vercel-ai-sdk/tests/utils-test/google-integration.test.ts	33	const	memories
integrations/vercel-ai-sdk/tests/utils-test/google-integration.test.ts	47	const	prompt
integrations/vercel-ai-sdk/tests/utils-test/google-integration.test.ts	48	const	memories
integrations/vercel-ai-sdk/tests/utils-test/groq-integration.test.ts	23	const	messages
integrations/vercel-ai-sdk/tests/utils-test/groq-integration.test.ts	34	const	memories
integrations/vercel-ai-sdk/tests/utils-test/groq-integration.test.ts	49	const	prompt
integrations/vercel-ai-sdk/tests/utils-test/groq-integration.test.ts	50	const	memories
integrations/vercel-ai-sdk/tests/utils-test/openai-integration.test.ts	22	const	messages
integrations/vercel-ai-sdk/tests/utils-test/openai-integration.test.ts	33	const	memories
integrations/vercel-ai-sdk/tests/utils-test/openai-integration.test.ts	47	const	prompt
integrations/vercel-ai-sdk/tests/utils-test/openai-integration.test.ts	48	const	memories
integrations/vercel-ai-sdk/tests/v3-provider-contract.test.ts	8	const	mockFetch
integrations/vercel-ai-sdk/tests/v3-provider-contract.test.ts	38	const	model
integrations/vercel-ai-sdk/tests/v3-provider-contract.test.ts	93	const	supportedProviders
integrations/vercel-ai-sdk/tests/v3-provider-contract.test.ts	96	const	selector
integrations/vercel-ai-sdk/tests/v3-provider-contract.test.ts	110	const	selector
integrations/vercel-ai-sdk/tests/v3-provider-contract.test.ts	114	const	provider
integrations/vercel-ai-sdk/tests/v3-provider-contract.test.ts	123	const	provider
integrations/vercel-ai-sdk/tests/v3-provider-contract.test.ts	129	const	chatModel
integrations/vercel-ai-sdk/tests/v3-provider-contract.test.ts	136	const	provider
integrations/vercel-ai-sdk/tests/v3-provider-contract.test.ts	142	const	completionModel
integrations/vercel-ai-sdk/tests/v3-provider-contract.test.ts	151	const	provider
integrations/vercel-ai-sdk/tests/v3-provider-contract.test.ts	155	const	model
integrations/vercel-ai-sdk/tests/v3-provider-contract.test.ts	162	const	googleModel
integrations/vercel-ai-sdk/tests/v3-provider-contract.test.ts	167	const	geminiModel
integrations/vercel-ai-sdk/tests/v3-provider-contract.test.ts	180	const	config
integrations/vercel-ai-sdk/tests/v3-provider-contract.test.ts	190	const	model
integrations/vercel-ai-sdk/tests/v3-provider-contract.test.ts	200	const	originalPrompt
integrations/vercel-ai-sdk/tests/v3-provider-contract.test.ts	203	const	originalLength
integrations/vercel-ai-sdk/tests/v3-provider-contract.test.ts	219	const	processMemories
integrations/vercel-ai-sdk/tests/v3-provider-contract.test.ts	239	const	result
integrations/vercel-ai-sdk/tests/v3-provider-contract.test.ts	257	const	result
integrations/vercel-ai-sdk/tests/v3-provider-contract.test.ts	270	const	result
integrations/vercel-ai-sdk/tests/v3-provider-contract.test.ts	285	const	result
integrations/vercel-ai-sdk/tests/v3-provider-contract.test.ts	299	const	result
integrations/vercel-ai-sdk/tests/v3-provider-contract.test.ts	314	const	result
integrations/vercel-ai-sdk/tests/v3-provider-contract.test.ts	335	const	body
integrations/vercel-ai-sdk/tests/v3-provider-contract.test.ts	351	const	url
integrations/vercel-ai-sdk/tests/v3-provider-contract.test.ts	368	const	url
integrations/vercel-ai-sdk/tests/v3-provider-contract.test.ts	386	const	body
integrations/vercel-ai-sdk/tests/v3-provider-contract.test.ts	404	const	body
integrations/vercel-ai-sdk/tests/v3-provider-contract.test.ts	426	const	body
integrations/vercel-ai-sdk/tests/v3-provider-contract.test.ts	439	const	config
integrations/vercel-ai-sdk/tests/v3-provider-contract.test.ts	463	const	body
integrations/vercel-ai-sdk/tests/v3-provider-contract.test.ts	481	const	body
mem0-ts/src/client/config.ts	11	interface	Mem0AnonIds
mem0-ts/src/client/config.ts	17	interface	NodeFs
mem0-ts/src/client/config.ts	24	function	getNodeFs
mem0-ts/src/client/config.ts	33	const	fsMod
mem0-ts/src/client/config.ts	34	const	pathMod
mem0-ts/src/client/config.ts	35	const	osMod
mem0-ts/src/client/config.ts	36	const	cryptoMod
mem0-ts/src/client/config.ts	37	const	dir
mem0-ts/src/client/config.ts	49	function	loadConfig
mem0-ts/src/client/config.ts	52	const	parsed
mem0-ts/src/client/config.ts	59	function	writeConfig
mem0-ts/src/client/config.ts	64	function	aliasPairMarker
mem0-ts/src/client/config.ts	71	function	randomUserId
mem0-ts/src/client/config.ts	81	function	getOrCreateMem0UserId
mem0-ts/src/client/config.ts	82	const	node
mem0-ts/src/client/config.ts	85	const	config
mem0-ts/src/client/config.ts	89	const	userId
mem0-ts/src/client/config.ts	98	function	readMem0AnonIds
mem0-ts/src/client/config.ts	99	const	node
mem0-ts/src/client/config.ts	101	const	config
mem0-ts/src/client/config.ts	103	const	telemetry
mem0-ts/src/client/config.ts	121	function	isMem0Aliased
mem0-ts/src/client/config.ts	126	const	node
mem0-ts/src/client/config.ts	128	const	config
mem0-ts/src/client/config.ts	130	const	telemetry
mem0-ts/src/client/config.ts	134	const	aliasedPairs
mem0-ts/src/client/config.ts	140	function	markMem0Aliased
mem0-ts/src/client/config.ts	144	const	node
mem0-ts/src/client/config.ts	147	const	config
mem0-ts/src/client/config.ts	148	const	telemetry
mem0-ts/src/client/config.ts	152	const	aliasedPairs
mem0-ts/src/client/config.ts	155	const	marker
mem0-ts/src/client/mem0.ts	40	const	ENTITY_PARAMS
mem0-ts/src/client/mem0.ts	55	function	rejectTopLevelEntityParams
mem0-ts/src/client/mem0.ts	59	const	invalidKeys
mem0-ts/src/client/mem0.ts	70	function	encodePathSegment
mem0-ts/src/client/mem0.ts	74	class	APIError
mem0-ts/src/client/mem0.ts	81	interface	ClientOptions
mem0-ts/src/client/mem0.ts	86	class	MemoryClient
mem0-ts/src/client/mem0.ts	156	const	email
mem0-ts/src/client/mem0.ts	158	const	sharedAnonId
mem0-ts/src/client/mem0.ts	159	const	anonIds
mem0-ts/src/client/mem0.ts	161	const	candidates
mem0-ts/src/client/mem0.ts	164	const	seen
mem0-ts/src/client/mem0.ts	188	const	response
mem0-ts/src/client/mem0.ts	197	const	errorData
mem0-ts/src/client/mem0.ts	200	const	jsonResponse
mem0-ts/src/client/mem0.ts	208	const	payload
mem0-ts/src/client/mem0.ts	221	const	response
mem0-ts/src/client/mem0.ts	267	const	payload
mem0-ts/src/client/mem0.ts	268	const	payloadKeys
mem0-ts/src/client/mem0.ts	271	const	response
mem0-ts/src/client/mem0.ts	308	const	payload
mem0-ts/src/client/mem0.ts	314	const	payloadKeys
mem0-ts/src/client/mem0.ts	317	const	response
mem0-ts/src/client/mem0.ts	344	const	payloadKeys
mem0-ts/src/client/mem0.ts	347	const	body
mem0-ts/src/client/mem0.ts	357	const	response
mem0-ts/src/client/mem0.ts	373	const	payloadKeys
mem0-ts/src/client/mem0.ts	376	const	payload
mem0-ts/src/client/mem0.ts	383	const	response
mem0-ts/src/client/mem0.ts	400	const	snakeOptions
mem0-ts/src/client/mem0.ts	402	const	query
mem0-ts/src/client/mem0.ts	416	const	payloadKeys
mem0-ts/src/client/mem0.ts	418	const	snakeOptions
mem0-ts/src/client/mem0.ts	420	const	params
mem0-ts/src/client/mem0.ts	421	const	response
mem0-ts/src/client/mem0.ts	434	const	response
mem0-ts/src/client/mem0.ts	450	const	params
mem0-ts/src/client/mem0.ts	454	const	response
mem0-ts/src/client/mem0.ts	472	const	response
mem0-ts/src/client/mem0.ts	504	const	entities
mem0-ts/src/client/mem0.ts	542	const	memoriesBody
mem0-ts/src/client/mem0.ts	546	const	response
mem0-ts/src/client/mem0.ts	560	const	memoriesBody
mem0-ts/src/client/mem0.ts	563	const	response
mem0-ts/src/client/mem0.ts	576	const	payloadKeys
mem0-ts/src/client/mem0.ts	586	const	params
mem0-ts/src/client/mem0.ts	589	const	response
mem0-ts/src/client/mem0.ts	609	const	response
mem0-ts/src/client/mem0.ts	624	const	project_id
mem0-ts/src/client/mem0.ts	625	const	response
mem0-ts/src/client/mem0.ts	637	const	body
mem0-ts/src/client/mem0.ts	642	const	response
mem0-ts/src/client/mem0.ts	658	const	body
mem0-ts/src/client/mem0.ts	662	const	response
mem0-ts/src/client/mem0.ts	678	const	webhook_id
mem0-ts/src/client/mem0.ts	679	const	response
mem0-ts/src/client/mem0.ts	691	const	payloadKeys
mem0-ts/src/client/mem0.ts	693	const	response
mem0-ts/src/client/mem0.ts	718	const	response
mem0-ts/src/client/mem0.ts	745	const	response
mem0-ts/src/client/mem0.types.ts	2	interface	EntityOptions
mem0-ts/src/client/mem0.types.ts	10	interface	AddMemoryOptions
mem0-ts/src/client/mem0.types.ts	20	interface	SearchMemoryOptions
mem0-ts/src/client/mem0.types.ts	32	interface	GetAllMemoryOptions
mem0-ts/src/client/mem0.types.ts	43	interface	DeleteAllMemoryOptions
mem0-ts/src/client/mem0.types.ts	45	interface	DeleteMemoryOptions
mem0-ts/src/client/mem0.types.ts	55	interface	ProjectOptions
mem0-ts/src/client/mem0.types.ts	59	interface	PromptUpdatePayload
mem0-ts/src/client/mem0.types.ts	77	enum	Feedback
mem0-ts/src/client/mem0.types.ts	84	interface	MultiModalMessages
mem0-ts/src/client/mem0.types.ts	91	interface	Messages
mem0-ts/src/client/mem0.types.ts	96	interface	Message
mem0-ts/src/client/mem0.types.ts	99	interface	MemoryData
mem0-ts/src/client/mem0.types.ts	103	enum	Event
mem0-ts/src/client/mem0.types.ts	110	interface	Memory
mem0-ts/src/client/mem0.types.ts	131	interface	MemoryHistory
mem0-ts/src/client/mem0.types.ts	144	interface	MemoryUpdateBody
mem0-ts/src/client/mem0.types.ts	149	interface	User
mem0-ts/src/client/mem0.types.ts	159	interface	AllUsers
mem0-ts/src/client/mem0.types.ts	166	interface	PaginatedMemories
mem0-ts/src/client/mem0.types.ts	173	interface	ProjectResponse
mem0-ts/src/client/mem0.types.ts	181	interface	custom_categories
mem0-ts/src/client/mem0.types.ts	186	enum	WebhookEvent
mem0-ts/src/client/mem0.types.ts	193	interface	Webhook
mem0-ts/src/client/mem0.types.ts	204	interface	WebhookCreatePayload
mem0-ts/src/client/mem0.types.ts	210	interface	WebhookUpdatePayload
mem0-ts/src/client/mem0.types.ts	218	interface	FeedbackPayload
mem0-ts/src/client/mem0.types.ts	224	interface	CreateMemoryExportPayload
mem0-ts/src/client/mem0.types.ts	230	interface	GetMemoryExportPayload
mem0-ts/src/client/telemetry.ts	15	const	POSTHOG_API_KEY
mem0-ts/src/client/telemetry.ts	16	const	POSTHOG_HOST
mem0-ts/src/client/telemetry.ts	19	function	generateHash
mem0-ts/src/client/telemetry.ts	20	const	randomStr
mem0-ts/src/client/telemetry.ts	26	class	UnifiedTelemetry
mem0-ts/src/client/telemetry.ts	42	const	eventProperties
mem0-ts/src/client/telemetry.ts	50	const	payload
mem0-ts/src/client/telemetry.ts	58	const	response
mem0-ts/src/client/telemetry.ts	81	const	payload
mem0-ts/src/client/telemetry.ts	93	const	response
mem0-ts/src/client/telemetry.ts	120	function	isTelemetryEnabled
mem0-ts/src/client/telemetry.ts	124	const	telemetry
mem0-ts/src/client/telemetry.ts	126	function	captureClientEvent
mem0-ts/src/client/telemetry.ts	136	const	eventData
mem0-ts/src/client/telemetry.types.ts	1	interface	TelemetryClient
mem0-ts/src/client/telemetry.types.ts	10	interface	TelemetryInstance
mem0-ts/src/client/telemetry.types.ts	19	interface	TelemetryEventData
mem0-ts/src/client/telemetry.types.ts	29	interface	TelemetryOptions
mem0-ts/src/client/tests/helpers.ts	8	interface	MockResponse
mem0-ts/src/client/tests/helpers.ts	19	function	createMockFetch
mem0-ts/src/client/tests/helpers.ts	24	const	urlStr
mem0-ts/src/client/tests/helpers.ts	32	const	sortedPatterns
mem0-ts/src/client/tests/helpers.ts	64	interface	MockMemory
mem0-ts/src/client/tests/helpers.ts	82	function	createMockMemory
mem0-ts/src/client/tests/helpers.ts	97	interface	MockMemoryHistory
mem0-ts/src/client/tests/helpers.ts	110	function	createMockMemoryHistory
mem0-ts/src/client/tests/helpers.ts	128	interface	MockUser
mem0-ts/src/client/tests/helpers.ts	138	function	createMockUser
mem0-ts/src/client/tests/helpers.ts	151	interface	MockAllUsers
mem0-ts/src/client/tests/helpers.ts	158	function	createMockAllUsers
mem0-ts/src/client/tests/helpers.ts	169	const	TEST_API_KEY
mem0-ts/src/client/tests/helpers.ts	170	const	TEST_HOST
mem0-ts/src/client/tests/helpers.ts	171	const	TEST_ORG_ID
mem0-ts/src/client/tests/helpers.ts	172	const	TEST_PROJECT_ID
mem0-ts/src/client/tests/helpers.ts	174	const	MOCK_PING_RESPONSE
mem0-ts/src/client/tests/helpers.ts	185	function	createStandardMockResponses
mem0-ts/src/client/tests/helpers.ts	186	const	responses
mem0-ts/src/client/tests/integration/batch.test.ts	20	const	TEST_USER_ID
mem0-ts/src/client/tests/integration/batch.test.ts	41	const	batchPayload
mem0-ts/src/client/tests/integration/batch.test.ts	48	const	result
mem0-ts/src/client/tests/integration/batch.test.ts	52	const	updated
mem0-ts/src/client/tests/integration/batch.test.ts	60	const	toDelete
mem0-ts/src/client/tests/integration/batch.test.ts	61	const	result
mem0-ts/src/client/tests/integration/crud.test.ts	22	const	TEST_USER_ID
mem0-ts/src/client/tests/integration/crud.test.ts	42	const	messages
mem0-ts/src/client/tests/integration/crud.test.ts	54	const	result
mem0-ts/src/client/tests/integration/crud.test.ts	64	const	messages
mem0-ts/src/client/tests/integration/crud.test.ts	75	const	result
mem0-ts/src/client/tests/integration/crud.test.ts	82	const	memories
mem0-ts/src/client/tests/integration/crud.test.ts	96	const	memoryId
mem0-ts/src/client/tests/integration/crud.test.ts	99	const	memory
mem0-ts/src/client/tests/integration/crud.test.ts	123	const	response
mem0-ts/src/client/tests/integration/crud.test.ts	143	const	page1
mem0-ts/src/client/tests/integration/crud.test.ts	161	const	memoryId
mem0-ts/src/client/tests/integration/crud.test.ts	164	const	original
mem0-ts/src/client/tests/integration/crud.test.ts	165	const	originalText
mem0-ts/src/client/tests/integration/crud.test.ts	171	const	updated
mem0-ts/src/client/tests/integration/crud.test.ts	177	const	memoryId
mem0-ts/src/client/tests/integration/crud.test.ts	183	const	updated
mem0-ts/src/client/tests/integration/crud.test.ts	193	const	result
mem0-ts/src/client/tests/integration/crud.test.ts	211	const	response
mem0-ts/src/client/tests/integration/crud.test.ts	222	const	result
mem0-ts/src/client/tests/integration/crud.test.ts	236	const	memoryId
mem0-ts/src/client/tests/integration/crud.test.ts	239	const	result
mem0-ts/src/client/tests/integration/crud.test.ts	245	const	memoryId
mem0-ts/src/client/tests/integration/crud.test.ts	253	const	result
mem0-ts/src/client/tests/integration/crud.test.ts	261	const	result
mem0-ts/src/client/tests/integration/global-setup.ts	9	function	globalSetup
mem0-ts/src/client/tests/integration/global-setup.ts	10	const	apiKey
mem0-ts/src/client/tests/integration/global-setup.ts	13	const	client
mem0-ts/src/client/tests/integration/global-teardown.ts	9	function	globalTeardown
mem0-ts/src/client/tests/integration/global-teardown.ts	10	const	apiKey
mem0-ts/src/client/tests/integration/global-teardown.ts	13	const	client
mem0-ts/src/client/tests/integration/helpers.ts	14	const	API_KEY
mem0-ts/src/client/tests/integration/helpers.ts	15	const	describeIntegration
mem0-ts/src/client/tests/integration/helpers.ts	24	function	createTestClient
mem0-ts/src/client/tests/integration/helpers.ts	25	const	client
mem0-ts/src/client/tests/integration/helpers.ts	34	function	withRetry
mem0-ts/src/client/tests/integration/helpers.ts	42	const	isTransient
mem0-ts/src/client/tests/integration/helpers.ts	63	function	waitForMemories
mem0-ts/src/client/tests/integration/helpers.ts	70	const	response
mem0-ts/src/client/tests/integration/helpers.ts	73	const	memories
mem0-ts/src/client/tests/integration/helpers.ts	93	function	waitForSearchResults
mem0-ts/src/client/tests/integration/helpers.ts	100	const	response
mem0-ts/src/client/tests/integration/helpers.ts	101	const	results
mem0-ts/src/client/tests/integration/helpers.ts	118	function	suppressTelemetryNoise
mem0-ts/src/client/tests/integration/helpers.ts	119	const	originalError
mem0-ts/src/client/tests/integration/helpers.ts	120	const	originalWarn
mem0-ts/src/client/tests/integration/helpers.ts	146	function	seedTestMemories
mem0-ts/src/client/tests/integration/helpers.ts	183	const	memories
mem0-ts/src/client/tests/integration/helpers.ts	190	function	cleanupTestUser
mem0-ts/src/client/tests/integration/helpers.ts	214	function	fullProjectCleanup
mem0-ts/src/client/tests/integration/initialization.test.ts	60	const	badClient
mem0-ts/src/client/tests/integration/management.test.ts	22	const	TEST_USER_ID
mem0-ts/src/client/tests/integration/management.test.ts	42	const	allUsers
mem0-ts/src/client/tests/integration/management.test.ts	48	const	user
mem0-ts/src/client/tests/integration/management.test.ts	54	const	testUser
mem0-ts/src/client/tests/integration/management.test.ts	64	const	project
mem0-ts/src/client/tests/integration/management.test.ts	76	const	testInstruction
mem0-ts/src/client/tests/integration/management.test.ts	78	const	result
mem0-ts/src/client/tests/integration/management.test.ts	85	const	project
mem0-ts/src/client/tests/integration/management.test.ts	100	const	hookName
mem0-ts/src/client/tests/integration/management.test.ts	101	const	hookUrl
mem0-ts/src/client/tests/integration/management.test.ts	102	const	updatedName
mem0-ts/src/client/tests/integration/management.test.ts	116	const	result
mem0-ts/src/client/tests/integration/management.test.ts	128	const	webhooks
mem0-ts/src/client/tests/integration/management.test.ts	129	const	wh
mem0-ts/src/client/tests/integration/management.test.ts	134	const	webhooks
mem0-ts/src/client/tests/integration/management.test.ts	135	const	wh
mem0-ts/src/client/tests/integration/management.test.ts	140	const	webhooks
mem0-ts/src/client/tests/integration/management.test.ts	141	const	wh
mem0-ts/src/client/tests/integration/management.test.ts	149	const	webhooks
mem0-ts/src/client/tests/integration/management.test.ts	154	const	webhooks
mem0-ts/src/client/tests/integration/management.test.ts	155	const	found
mem0-ts/src/client/tests/integration/management.test.ts	160	const	webhooks
mem0-ts/src/client/tests/integration/management.test.ts	161	const	found
mem0-ts/src/client/tests/integration/management.test.ts	167	const	result
mem0-ts/src/client/tests/integration/management.test.ts	179	const	webhooks
mem0-ts/src/client/tests/integration/management.test.ts	180	const	updated
mem0-ts/src/client/tests/integration/management.test.ts	185	const	webhooks
mem0-ts/src/client/tests/integration/management.test.ts	186	const	updated
mem0-ts/src/client/tests/integration/management.test.ts	194	const	result
mem0-ts/src/client/tests/integration/management.test.ts	201	const	webhooks
mem0-ts/src/client/tests/integration/management.test.ts	202	const	found
mem0-ts/src/client/tests/integration/search.test.ts	21	const	TEST_USER_ID
mem0-ts/src/client/tests/integration/search.test.ts	43	const	results
mem0-ts/src/client/tests/integration/search.test.ts	52	const	first
mem0-ts/src/client/tests/integration/search.test.ts	63	const	results
mem0-ts/src/client/tests/integration/search.test.ts	74	const	first
mem0-ts/src/client/tests/integration/search.test.ts	84	const	memoryId
mem0-ts/src/client/tests/integration/search.test.ts	85	const	history
mem0-ts/src/client/tests/integration/search.test.ts	90	const	entry
mem0-ts/src/client/tests/integration/search.test.ts	103	const	events
mem0-ts/src/client/tests/integration/search.test.ts	111	const	response
mem0-ts/src/client/tests/integration/search.test.ts	120	const	response
mem0-ts/src/client/tests/memoryClient.batch.test.ts	20	const	extra
mem0-ts/src/client/tests/memoryClient.batch.test.ts	22	const	mock
mem0-ts/src/client/tests/memoryClient.batch.test.ts	24	const	client
mem0-ts/src/client/tests/memoryClient.batch.test.ts	31	const	extra
mem0-ts/src/client/tests/memoryClient.batch.test.ts	33	const	mock
mem0-ts/src/client/tests/memoryClient.batch.test.ts	35	const	client
mem0-ts/src/client/tests/memoryClient.batch.test.ts	41	const	call
mem0-ts/src/client/tests/memoryClient.batch.test.ts	42	const	body
mem0-ts/src/client/tests/memoryClient.batch.test.ts	50	const	extra
mem0-ts/src/client/tests/memoryClient.batch.test.ts	52	const	mock
mem0-ts/src/client/tests/memoryClient.batch.test.ts	54	const	client
mem0-ts/src/client/tests/memoryClient.batch.test.ts	57	const	call
mem0-ts/src/client/tests/memoryClient.batch.test.ts	66	const	extra
mem0-ts/src/client/tests/memoryClient.batch.test.ts	68	const	mock
mem0-ts/src/client/tests/memoryClient.batch.test.ts	70	const	client
mem0-ts/src/client/tests/memoryClient.batch.test.ts	77	const	extra
mem0-ts/src/client/tests/memoryClient.batch.test.ts	79	const	mock
mem0-ts/src/client/tests/memoryClient.batch.test.ts	81	const	client
mem0-ts/src/client/tests/memoryClient.batch.test.ts	84	const	call
mem0-ts/src/client/tests/memoryClient.batch.test.ts	93	const	extra
mem0-ts/src/client/tests/memoryClient.batch.test.ts	95	const	mock
mem0-ts/src/client/tests/memoryClient.batch.test.ts	97	const	client
mem0-ts/src/client/tests/memoryClient.batch.test.ts	100	const	call
mem0-ts/src/client/tests/memoryClient.crud.test.ts	25	const	extra
mem0-ts/src/client/tests/memoryClient.crud.test.ts	27	const	mock
mem0-ts/src/client/tests/memoryClient.crud.test.ts	29	const	client
mem0-ts/src/client/tests/memoryClient.crud.test.ts	36	const	messages
mem0-ts/src/client/tests/memoryClient.crud.test.ts	37	const	extra
mem0-ts/src/client/tests/memoryClient.crud.test.ts	39	const	mock
mem0-ts/src/client/tests/memoryClient.crud.test.ts	41	const	client
mem0-ts/src/client/tests/memoryClient.crud.test.ts	44	const	call
mem0-ts/src/client/tests/memoryClient.crud.test.ts	49	const	extra
mem0-ts/src/client/tests/memoryClient.crud.test.ts	51	const	mock
mem0-ts/src/client/tests/memoryClient.crud.test.ts	53	const	client
mem0-ts/src/client/tests/memoryClient.crud.test.ts	58	const	call
mem0-ts/src/client/tests/memoryClient.crud.test.ts	63	const	extra
mem0-ts/src/client/tests/memoryClient.crud.test.ts	65	const	mock
mem0-ts/src/client/tests/memoryClient.crud.test.ts	67	const	client
mem0-ts/src/client/tests/memoryClient.crud.test.ts	73	const	call
mem0-ts/src/client/tests/memoryClient.crud.test.ts	80	const	client
mem0-ts/src/client/tests/memoryClient.crud.test.ts	93	const	extra
mem0-ts/src/client/tests/memoryClient.crud.test.ts	98	const	mock
mem0-ts/src/client/tests/memoryClient.crud.test.ts	100	const	client
mem0-ts/src/client/tests/memoryClient.crud.test.ts	103	const	call
mem0-ts/src/client/tests/memoryClient.crud.test.ts	111	const	extra
mem0-ts/src/client/tests/memoryClient.crud.test.ts	118	const	client
mem0-ts/src/client/tests/memoryClient.crud.test.ts	123	const	extra
mem0-ts/src/client/tests/memoryClient.crud.test.ts	128	const	mock
mem0-ts/src/client/tests/memoryClient.crud.test.ts	130	const	client
mem0-ts/src/client/tests/memoryClient.crud.test.ts	141	const	extra
mem0-ts/src/client/tests/memoryClient.crud.test.ts	146	const	mock
mem0-ts/src/client/tests/memoryClient.crud.test.ts	148	const	client
mem0-ts/src/client/tests/memoryClient.crud.test.ts	151	const	call
mem0-ts/src/client/tests/memoryClient.crud.test.ts	157	const	extra
mem0-ts/src/client/tests/memoryClient.crud.test.ts	162	const	mock
mem0-ts/src/client/tests/memoryClient.crud.test.ts	164	const	client
mem0-ts/src/client/tests/memoryClient.crud.test.ts	167	const	call
mem0-ts/src/client/tests/memoryClient.crud.test.ts	172	const	extra
mem0-ts/src/client/tests/memoryClient.crud.test.ts	177	const	mock
mem0-ts/src/client/tests/memoryClient.crud.test.ts	179	const	client
mem0-ts/src/client/tests/memoryClient.crud.test.ts	182	const	call
mem0-ts/src/client/tests/memoryClient.crud.test.ts	187	const	extra
mem0-ts/src/client/tests/memoryClient.crud.test.ts	192	const	mock
mem0-ts/src/client/tests/memoryClient.crud.test.ts	194	const	client
mem0-ts/src/client/tests/memoryClient.crud.test.ts	201	const	call
mem0-ts/src/client/tests/memoryClient.crud.test.ts	202	const	body
mem0-ts/src/client/tests/memoryClient.crud.test.ts	209	const	extra
mem0-ts/src/client/tests/memoryClient.crud.test.ts	214	const	mock
mem0-ts/src/client/tests/memoryClient.crud.test.ts	216	const	client
mem0-ts/src/client/tests/memoryClient.crud.test.ts	219	const	call
mem0-ts/src/client/tests/memoryClient.crud.test.ts	225	const	client
mem0-ts/src/client/tests/memoryClient.crud.test.ts	232	const	extra
mem0-ts/src/client/tests/memoryClient.crud.test.ts	237	const	mock
mem0-ts/src/client/tests/memoryClient.crud.test.ts	239	const	client
mem0-ts/src/client/tests/memoryClient.crud.test.ts	252	const	extra
mem0-ts/src/client/tests/memoryClient.crud.test.ts	257	const	mock
mem0-ts/src/client/tests/memoryClient.crud.test.ts	259	const	client
mem0-ts/src/client/tests/memoryClient.crud.test.ts	262	const	call
mem0-ts/src/client/tests/memoryClient.crud.test.ts	269	const	extra
mem0-ts/src/client/tests/memoryClient.crud.test.ts	274	const	mock
mem0-ts/src/client/tests/memoryClient.crud.test.ts	276	const	client
mem0-ts/src/client/tests/memoryClient.crud.test.ts	279	const	call
mem0-ts/src/client/tests/memoryClient.crud.test.ts	285	const	extra
mem0-ts/src/client/tests/memoryClient.crud.test.ts	290	const	mock
mem0-ts/src/client/tests/memoryClient.crud.test.ts	292	const	client
mem0-ts/src/client/tests/memoryClient.crud.test.ts	295	const	call
mem0-ts/src/client/tests/memoryClient.crud.test.ts	305	const	extra
mem0-ts/src/client/tests/memoryClient.crud.test.ts	307	const	mock
mem0-ts/src/client/tests/memoryClient.crud.test.ts	309	const	client
mem0-ts/src/client/tests/memoryClient.crud.test.ts	312	const	call
mem0-ts/src/client/tests/memoryClient.crud.test.ts	321	const	extra
mem0-ts/src/client/tests/memoryClient.crud.test.ts	323	const	mock
mem0-ts/src/client/tests/memoryClient.crud.test.ts	325	const	client
mem0-ts/src/client/tests/memoryClient.crud.test.ts	328	const	call
mem0-ts/src/client/tests/memoryClient.crud.test.ts	341	const	historyEntries
mem0-ts/src/client/tests/memoryClient.crud.test.ts	349	const	extra
mem0-ts/src/client/tests/memoryClient.crud.test.ts	354	const	mock
mem0-ts/src/client/tests/memoryClient.crud.test.ts	356	const	client
mem0-ts/src/client/tests/memoryClient.crud.test.ts	359	const	call
mem0-ts/src/client/tests/memoryClient.crud.test.ts	367	const	extra
mem0-ts/src/client/tests/memoryClient.crud.test.ts	371	const	client
mem0-ts/src/client/tests/memoryClient.crud.test.ts	372	const	result
mem0-ts/src/client/tests/memoryClient.crud.test.ts	377	const	historyEntries
mem0-ts/src/client/tests/memoryClient.crud.test.ts	380	const	extra
mem0-ts/src/client/tests/memoryClient.crud.test.ts	385	const	mock
mem0-ts/src/client/tests/memoryClient.crud.test.ts	387	const	client
mem0-ts/src/client/tests/memoryClient.exports.test.ts	18	const	extra
mem0-ts/src/client/tests/memoryClient.exports.test.ts	23	const	mock
mem0-ts/src/client/tests/memoryClient.exports.test.ts	25	const	client
mem0-ts/src/client/tests/memoryClient.exports.test.ts	34	const	call
mem0-ts/src/client/tests/memoryClient.exports.test.ts	36	const	body
mem0-ts/src/client/tests/memoryClient.init.test.ts	43	const	client
mem0-ts/src/client/tests/memoryClient.init.test.ts	48	const	client
mem0-ts/src/client/tests/memoryClient.init.test.ts	53	const	client
mem0-ts/src/client/tests/memoryClient.init.test.ts	58	const	client
mem0-ts/src/client/tests/memoryClient.init.test.ts	68	const	client
mem0-ts/src/client/tests/memoryClient.init.test.ts	75	const	responses
mem0-ts/src/client/tests/memoryClient.init.test.ts	82	const	client
mem0-ts/src/client/tests/memoryClient.init.test.ts	87	const	responses
mem0-ts/src/client/tests/memoryClient.init.test.ts	91	const	client
mem0-ts/src/client/tests/memoryClient.init.test.ts	96	const	responses
mem0-ts/src/client/tests/memoryClient.init.test.ts	103	const	client
mem0-ts/src/client/tests/memoryClient.init.test.ts	112	const	extra
mem0-ts/src/client/tests/memoryClient.init.test.ts	116	const	client
mem0-ts/src/client/tests/memoryClient.init.test.ts	122	const	extra
mem0-ts/src/client/tests/memoryClient.init.test.ts	129	const	client
mem0-ts/src/client/tests/memoryClient.init.test.ts	135	const	extra
mem0-ts/src/client/tests/memoryClient.init.test.ts	142	const	client
mem0-ts/src/client/tests/memoryClient.init.test.ts	150	const	extra
mem0-ts/src/client/tests/memoryClient.init.test.ts	155	const	mock
mem0-ts/src/client/tests/memoryClient.init.test.ts	157	const	client
mem0-ts/src/client/tests/memoryClient.init.test.ts	160	const	call
mem0-ts/src/client/tests/memoryClient.init.test.ts	163	const	headers
mem0-ts/src/client/tests/memoryClient.init.test.ts	169	const	urlStr
mem0-ts/src/client/tests/memoryClient.init.test.ts	188	const	client
mem0-ts/src/client/tests/memoryClient.project.test.ts	21	const	responses
mem0-ts/src/client/tests/memoryClient.project.test.ts	25	const	client
mem0-ts/src/client/tests/memoryClient.project.test.ts	38	const	extra
mem0-ts/src/client/tests/memoryClient.project.test.ts	43	const	mock
mem0-ts/src/client/tests/memoryClient.project.test.ts	46	const	client
mem0-ts/src/client/tests/memoryClient.project.test.ts	50	const	call
mem0-ts/src/client/tests/memoryClient.project.test.ts	63	const	extra
mem0-ts/src/client/tests/memoryClient.project.test.ts	68	const	mock
mem0-ts/src/client/tests/memoryClient.project.test.ts	70	const	client
mem0-ts/src/client/tests/memoryClient.project.test.ts	76	const	call
mem0-ts/src/client/tests/memoryClient.project.test.ts	81	const	extra
mem0-ts/src/client/tests/memoryClient.project.test.ts	86	const	mock
mem0-ts/src/client/tests/memoryClient.project.test.ts	88	const	client
mem0-ts/src/client/tests/memoryClient.project.test.ts	94	const	call
mem0-ts/src/client/tests/memoryClient.project.test.ts	105	const	extra
mem0-ts/src/client/tests/memoryClient.project.test.ts	110	const	mock
mem0-ts/src/client/tests/memoryClient.project.test.ts	112	const	client
mem0-ts/src/client/tests/memoryClient.project.test.ts	119	const	call
mem0-ts/src/client/tests/memoryClient.project.test.ts	124	const	extra
mem0-ts/src/client/tests/memoryClient.project.test.ts	129	const	mock
mem0-ts/src/client/tests/memoryClient.project.test.ts	131	const	client
mem0-ts/src/client/tests/memoryClient.project.test.ts	138	const	call
mem0-ts/src/client/tests/memoryClient.project.test.ts	139	const	body
mem0-ts/src/client/tests/memoryClient.project.test.ts	151	const	client
mem0-ts/src/client/tests/memoryClient.project.test.ts	161	const	extra
mem0-ts/src/client/tests/memoryClient.project.test.ts	166	const	mock
mem0-ts/src/client/tests/memoryClient.project.test.ts	168	const	client
mem0-ts/src/client/tests/memoryClient.project.test.ts	179	const	client
mem0-ts/src/client/tests/memoryClient.project.test.ts	186	const	extra
mem0-ts/src/client/tests/memoryClient.project.test.ts	191	const	mock
mem0-ts/src/client/tests/memoryClient.project.test.ts	193	const	client
mem0-ts/src/client/tests/memoryClient.search.test.ts	19	const	extra
mem0-ts/src/client/tests/memoryClient.search.test.ts	24	const	mock
mem0-ts/src/client/tests/memoryClient.search.test.ts	26	const	client
mem0-ts/src/client/tests/memoryClient.search.test.ts	35	const	extra
mem0-ts/src/client/tests/memoryClient.search.test.ts	40	const	mock
mem0-ts/src/client/tests/memoryClient.search.test.ts	42	const	client
mem0-ts/src/client/tests/memoryClient.search.test.ts	47	const	call
mem0-ts/src/client/tests/memoryClient.search.test.ts	52	const	extra
mem0-ts/src/client/tests/memoryClient.search.test.ts	57	const	mock
mem0-ts/src/client/tests/memoryClient.search.test.ts	59	const	client
mem0-ts/src/client/tests/memoryClient.search.test.ts	62	const	call
mem0-ts/src/client/tests/memoryClient.search.test.ts	67	const	extra
mem0-ts/src/client/tests/memoryClient.search.test.ts	72	const	mock
mem0-ts/src/client/tests/memoryClient.search.test.ts	74	const	client
mem0-ts/src/client/tests/memoryClient.search.test.ts	80	const	call
mem0-ts/src/client/tests/memoryClient.search.test.ts	85	const	extra
mem0-ts/src/client/tests/memoryClient.search.test.ts	90	const	mock
mem0-ts/src/client/tests/memoryClient.search.test.ts	92	const	client
mem0-ts/src/client/tests/memoryClient.search.test.ts	98	const	call
mem0-ts/src/client/tests/memoryClient.search.test.ts	103	const	extra
mem0-ts/src/client/tests/memoryClient.search.test.ts	108	const	mock
mem0-ts/src/client/tests/memoryClient.search.test.ts	110	const	client
mem0-ts/src/client/tests/memoryClient.search.test.ts	115	const	call
mem0-ts/src/client/tests/memoryClient.search.test.ts	116	const	body
mem0-ts/src/client/tests/memoryClient.search.test.ts	123	const	extra
mem0-ts/src/client/tests/memoryClient.search.test.ts	128	const	mock
mem0-ts/src/client/tests/memoryClient.search.test.ts	130	const	client
mem0-ts/src/client/tests/memoryClient.search.test.ts	140	const	call
mem0-ts/src/client/tests/memoryClient.search.test.ts	141	const	body
mem0-ts/src/client/tests/memoryClient.search.test.ts	148	const	extra
mem0-ts/src/client/tests/memoryClient.search.test.ts	153	const	mock
mem0-ts/src/client/tests/memoryClient.search.test.ts	155	const	client
mem0-ts/src/client/tests/memoryClient.search.test.ts	165	const	call
mem0-ts/src/client/tests/memoryClient.search.test.ts	166	const	body
mem0-ts/src/client/tests/memoryClient.search.test.ts	176	const	extra
mem0-ts/src/client/tests/memoryClient.search.test.ts	181	const	mock
mem0-ts/src/client/tests/memoryClient.search.test.ts	183	const	client
mem0-ts/src/client/tests/memoryClient.search.test.ts	184	const	complexFilter
mem0-ts/src/client/tests/memoryClient.search.test.ts	200	const	call
mem0-ts/src/client/tests/memoryClient.search.test.ts	201	const	body
mem0-ts/src/client/tests/memoryClient.search.test.ts	206	const	extra
mem0-ts/src/client/tests/memoryClient.search.test.ts	213	const	client
mem0-ts/src/client/tests/memoryClient.search.test.ts	214	const	result
mem0-ts/src/client/tests/memoryClient.search.test.ts	219	const	extra
mem0-ts/src/client/tests/memoryClient.search.test.ts	226	const	client
mem0-ts/src/client/tests/memoryClient.search.test.ts	227	const	result
mem0-ts/src/client/tests/memoryClient.search.test.ts	237	const	client
mem0-ts/src/client/tests/memoryClient.search.test.ts	245	const	client
mem0-ts/src/client/tests/memoryClient.search.test.ts	253	const	client
mem0-ts/src/client/tests/memoryClient.search.test.ts	260	const	extra
mem0-ts/src/client/tests/memoryClient.search.test.ts	265	const	mock
mem0-ts/src/client/tests/memoryClient.search.test.ts	267	const	client
mem0-ts/src/client/tests/memoryClient.search.test.ts	277	const	client
mem0-ts/src/client/tests/memoryClient.search.test.ts	285	const	client
mem0-ts/src/client/tests/memoryClient.search.test.ts	292	const	extra
mem0-ts/src/client/tests/memoryClient.search.test.ts	297	const	mock
mem0-ts/src/client/tests/memoryClient.search.test.ts	299	const	client
mem0-ts/src/client/tests/memoryClient.search.test.ts	305	const	extra
mem0-ts/src/client/tests/memoryClient.search.test.ts	310	const	mock
mem0-ts/src/client/tests/memoryClient.search.test.ts	312	const	client
mem0-ts/src/client/tests/memoryClient.search.test.ts	318	const	call
mem0-ts/src/client/tests/memoryClient.search.test.ts	323	const	extra
mem0-ts/src/client/tests/memoryClient.search.test.ts	328	const	mock
mem0-ts/src/client/tests/memoryClient.search.test.ts	330	const	client
mem0-ts/src/client/tests/memoryClient.search.test.ts	336	const	call
mem0-ts/src/client/tests/memoryClient.users.test.ts	19	const	extra
mem0-ts/src/client/tests/memoryClient.users.test.ts	24	const	mock
mem0-ts/src/client/tests/memoryClient.users.test.ts	26	const	client
mem0-ts/src/client/tests/memoryClient.users.test.ts	29	const	call
mem0-ts/src/client/tests/memoryClient.users.test.ts	41	const	extra
mem0-ts/src/client/tests/memoryClient.users.test.ts	46	const	mock
mem0-ts/src/client/tests/memoryClient.users.test.ts	48	const	client
mem0-ts/src/client/tests/memoryClient.users.test.ts	60	const	extra
mem0-ts/src/client/tests/memoryClient.users.test.ts	65	const	mock
mem0-ts/src/client/tests/memoryClient.users.test.ts	67	const	client
mem0-ts/src/client/tests/memoryClient.users.test.ts	76	const	extra
mem0-ts/src/client/tests/memoryClient.users.test.ts	81	const	mock
mem0-ts/src/client/tests/memoryClient.users.test.ts	83	const	client
mem0-ts/src/client/tests/memoryClient.users.test.ts	102	const	client
mem0-ts/src/client/tests/memoryClient.users.test.ts	104	const	deleteMock
mem0-ts/src/client/tests/memoryClient.webhooks.test.ts	19	function	webhookMock
mem0-ts/src/client/tests/memoryClient.webhooks.test.ts	23	function	createClient
mem0-ts/src/client/tests/memoryClient.webhooks.test.ts	32	const	extra
mem0-ts/src/client/tests/memoryClient.webhooks.test.ts	34	const	mock
mem0-ts/src/client/tests/memoryClient.webhooks.test.ts	35	const	client
mem0-ts/src/client/tests/memoryClient.webhooks.test.ts	38	const	call
mem0-ts/src/client/tests/memoryClient.webhooks.test.ts	48	function	callCreate
mem0-ts/src/client/tests/memoryClient.webhooks.test.ts	49	const	extra
mem0-ts/src/client/tests/memoryClient.webhooks.test.ts	54	const	mock
mem0-ts/src/client/tests/memoryClient.webhooks.test.ts	55	const	client
mem0-ts/src/client/tests/memoryClient.webhooks.test.ts	65	const	mock
mem0-ts/src/client/tests/memoryClient.webhooks.test.ts	70	const	mock
mem0-ts/src/client/tests/memoryClient.webhooks.test.ts	71	const	body
mem0-ts/src/client/tests/memoryClient.webhooks.test.ts	78	const	mock
mem0-ts/src/client/tests/memoryClient.webhooks.test.ts	79	const	body
mem0-ts/src/client/tests/memoryClient.webhooks.test.ts	86	const	mock
mem0-ts/src/client/tests/memoryClient.webhooks.test.ts	87	const	body
mem0-ts/src/client/tests/memoryClient.webhooks.test.ts	94	const	mock
mem0-ts/src/client/tests/memoryClient.webhooks.test.ts	95	const	body
mem0-ts/src/client/tests/memoryClient.webhooks.test.ts	102	const	mock
mem0-ts/src/client/tests/memoryClient.webhooks.test.ts	103	const	body
mem0-ts/src/client/tests/memoryClient.webhooks.test.ts	112	function	callUpdate
mem0-ts/src/client/tests/memoryClient.webhooks.test.ts	113	const	extra
mem0-ts/src/client/tests/memoryClient.webhooks.test.ts	118	const	mock
mem0-ts/src/client/tests/memoryClient.webhooks.test.ts	119	const	client
mem0-ts/src/client/tests/memoryClient.webhooks.test.ts	130	const	mock
mem0-ts/src/client/tests/memoryClient.webhooks.test.ts	135	const	mock
mem0-ts/src/client/tests/memoryClient.webhooks.test.ts	136	const	body
mem0-ts/src/client/tests/memoryClient.webhooks.test.ts	143	const	mock
mem0-ts/src/client/tests/memoryClient.webhooks.test.ts	144	const	body
mem0-ts/src/client/tests/memoryClient.webhooks.test.ts	151	const	mock
mem0-ts/src/client/tests/memoryClient.webhooks.test.ts	152	const	body
mem0-ts/src/client/tests/memoryClient.webhooks.test.ts	159	const	mock
mem0-ts/src/client/tests/memoryClient.webhooks.test.ts	160	const	body
mem0-ts/src/client/tests/memoryClient.webhooks.test.ts	167	const	mock
mem0-ts/src/client/tests/memoryClient.webhooks.test.ts	168	const	body
mem0-ts/src/client/tests/memoryClient.webhooks.test.ts	178	const	extra
mem0-ts/src/client/tests/memoryClient.webhooks.test.ts	183	const	mock
mem0-ts/src/client/tests/memoryClient.webhooks.test.ts	184	const	client
mem0-ts/src/client/tests/setup.ts	13	const	originalFetch
mem0-ts/src/client/tests/setup.ts	15	function	setupMockFetch
mem0-ts/src/client/tests/setup.ts	18	const	responses
mem0-ts/src/client/tests/setup.ts	24	const	mockFetch
mem0-ts/src/client/tests/setup.ts	29	const	originalConsoleError
mem0-ts/src/client/tests/setup.ts	30	const	originalConsoleWarn
mem0-ts/src/client/tests/setup.ts	32	function	installConsoleSuppression
mem0-ts/src/client/tests/setup.ts	35	const	msg
mem0-ts/src/client/tests/setup.ts	46	const	msg
mem0-ts/src/client/tests/setup.ts	65	function	findFetchCall
mem0-ts/src/client/tests/setup.ts	71	const	urlMatch
mem0-ts/src/client/tests/setup.ts	77	function	getFetchBody
mem0-ts/src/client/tests/telemetry-aliasing.test.ts	23	function	setupMockFetchWithPostHog
mem0-ts/src/client/tests/telemetry-aliasing.test.ts	33	const	originalMem0Dir
mem0-ts/src/client/tests/telemetry-aliasing.test.ts	60	const	ids
mem0-ts/src/client/tests/telemetry-aliasing.test.ts	75	const	ids
mem0-ts/src/client/tests/telemetry-aliasing.test.ts	84	const	first
mem0-ts/src/client/tests/telemetry-aliasing.test.ts	85	const	second
mem0-ts/src/client/tests/telemetry-aliasing.test.ts	88	const	written
mem0-ts/src/client/tests/telemetry-aliasing.test.ts	108	const	written
mem0-ts/src/client/tests/telemetry-aliasing.test.ts	123	const	written
mem0-ts/src/client/tests/telemetry-aliasing.test.ts	154	const	fetchMock
mem0-ts/src/client/tests/telemetry-aliasing.test.ts	165	const	payload
mem0-ts/src/client/tests/telemetry-aliasing.test.ts	173	const	fetchMock
mem0-ts/src/client/tests/telemetry-aliasing.test.ts	180	const	fetchMock
mem0-ts/src/client/tests/telemetry-aliasing.test.ts	192	const	originalMem0Dir
mem0-ts/src/client/tests/telemetry-aliasing.test.ts	212	function	makeStubClient
mem0-ts/src/client/tests/telemetry-aliasing.test.ts	213	const	client
mem0-ts/src/client/tests/telemetry-aliasing.test.ts	225	const	fetchMock
mem0-ts/src/client/tests/telemetry-aliasing.test.ts	227	const	client
mem0-ts/src/client/tests/telemetry-aliasing.test.ts	230	const	identifyCalls
mem0-ts/src/client/tests/telemetry-aliasing.test.ts	237	const	body
mem0-ts/src/client/tests/telemetry-aliasing.test.ts	241	const	written
mem0-ts/src/client/tests/telemetry-aliasing.test.ts	248	const	fetchMock
mem0-ts/src/client/tests/telemetry-aliasing.test.ts	250	const	client
mem0-ts/src/client/tests/telemetry-aliasing.test.ts	253	const	written
mem0-ts/src/client/tests/telemetry-aliasing.test.ts	259	const	identifyCalls
mem0-ts/src/client/tests/telemetry-aliasing.test.ts	266	const	body
mem0-ts/src/client/tests/telemetry-aliasing.test.ts	280	const	fetchMock
mem0-ts/src/client/tests/telemetry-aliasing.test.ts	282	const	client
mem0-ts/src/client/tests/telemetry-aliasing.test.ts	285	const	identifyCalls
mem0-ts/src/client/tests/telemetry-aliasing.test.ts	302	const	fetchMock
mem0-ts/src/client/tests/telemetry-aliasing.test.ts	304	const	client
mem0-ts/src/client/tests/telemetry-aliasing.test.ts	307	const	identifyCalls
mem0-ts/src/client/tests/telemetry-aliasing.test.ts	314	const	anonIds
mem0-ts/src/client/tests/telemetry-aliasing.test.ts	321	const	written
mem0-ts/src/client/tests/telemetry-aliasing.test.ts	332	const	fetchMock
mem0-ts/src/client/tests/telemetry-aliasing.test.ts	334	const	client
mem0-ts/src/client/tests/telemetry-aliasing.test.ts	337	const	identifyCalls
mem0-ts/src/client/tests/telemetry-aliasing.test.ts	350	const	client
mem0-ts/src/client/tests/telemetry-aliasing.test.ts	361	const	fetchMock
mem0-ts/src/client/tests/telemetry-aliasing.test.ts	364	const	original
mem0-ts/src/client/tests/telemetry-aliasing.test.ts	368	const	client
mem0-ts/src/client/tests/telemetry-aliasing.test.ts	379	const	identifyCalls
mem0-ts/src/client/tests/telemetry-aliasing.test.ts	387	const	written
mem0-ts/src/client/tests/telemetry-aliasing.test.ts	398	const	originalProcess
mem0-ts/src/client/tests/utils.test.ts	23	const	apiResponse
mem0-ts/src/client/tests/utils.test.ts	37	const	payload
mem0-ts/src/client/tests/utils.test.ts	49	const	metadata
mem0-ts/src/client/tests/utils.test.ts	56	const	roundTripped
mem0-ts/src/client/tests/utils.test.ts	64	const	apiResponse
mem0-ts/src/client/tests/utils.test.ts	138	const	customCategories
mem0-ts/src/client/tests/utils.test.ts	142	const	roundTripped
mem0-ts/src/client/utils.ts	4	function	camelToSnake
mem0-ts/src/client/utils.ts	13	function	snakeToCamel
mem0-ts/src/client/utils.ts	28	const	OPAQUE_VALUE_KEYS
mem0-ts/src/client/utils.ts	44	function	camelToSnakeKeys
mem0-ts/src/client/utils.ts	62	function	snakeToCamelKeys
mem0-ts/src/common/exceptions.test.ts	15	const	error
mem0-ts/src/common/exceptions.test.ts	46	const	err
mem0-ts/src/common/exceptions.test.ts	51	const	err
mem0-ts/src/common/exceptions.test.ts	56	const	err
mem0-ts/src/common/exceptions.test.ts	68	const	subclasses
mem0-ts/src/common/exceptions.test.ts	79	const	error
mem0-ts/src/common/exceptions.test.ts	84	const	error
mem0-ts/src/common/exceptions.test.ts	89	const	error
mem0-ts/src/common/exceptions.test.ts	94	const	error
mem0-ts/src/common/exceptions.test.ts	101	const	error
mem0-ts/src/common/exceptions.test.ts	106	const	error
mem0-ts/src/common/exceptions.test.ts	111	const	error
mem0-ts/src/common/exceptions.test.ts	118	const	error
mem0-ts/src/common/exceptions.test.ts	125	const	error
mem0-ts/src/common/exceptions.test.ts	132	const	error
mem0-ts/src/common/exceptions.test.ts	137	const	error
mem0-ts/src/common/exceptions.test.ts	142	const	error
mem0-ts/src/common/exceptions.test.ts	147	const	error
mem0-ts/src/common/exceptions.test.ts	152	const	error
mem0-ts/src/common/exceptions.test.ts	157	const	error
mem0-ts/src/common/exceptions.test.ts	162	const	error
mem0-ts/src/common/exceptions.test.ts	167	const	error
mem0-ts/src/common/exceptions.test.ts	172	const	error
mem0-ts/src/common/exceptions.test.ts	177	const	error
mem0-ts/src/common/exceptions.test.ts	182	const	error
mem0-ts/src/common/exceptions.test.ts	187	const	error
mem0-ts/src/common/exceptions.ts	23	interface	MemoryErrorOptions
mem0-ts/src/common/exceptions.ts	35	class	MemoryError
mem0-ts/src/common/exceptions.ts	59	class	AuthenticationError
mem0-ts/src/common/exceptions.ts	71	class	RateLimitError
mem0-ts/src/common/exceptions.ts	83	class	ValidationError
mem0-ts/src/common/exceptions.ts	95	class	MemoryNotFoundError
mem0-ts/src/common/exceptions.ts	107	class	NetworkError
mem0-ts/src/common/exceptions.ts	119	class	ConfigurationError
mem0-ts/src/common/exceptions.ts	131	class	MemoryQuotaExceededError
mem0-ts/src/common/exceptions.ts	144	type	MemoryErrorConstructor
mem0-ts/src/common/exceptions.ts	150	const	HTTP_STATUS_TO_EXCEPTION
mem0-ts/src/common/exceptions.ts	167	const	HTTP_SUGGESTIONS
mem0-ts/src/common/exceptions.ts	191	function	createExceptionFromResponse
mem0-ts/src/common/exceptions.ts	196	const	ExceptionClass
mem0-ts/src/common/exceptions.ts	197	const	errorCode
mem0-ts/src/common/exceptions.ts	198	const	suggestion
mem0-ts/src/community/src/integrations/langchain/mem0.ts	34	const	mem0MemoryContextToSystemPrompt
mem0-ts/src/community/src/integrations/langchain/mem0.ts	50	const	condenseMem0MemoryIntoHumanMessage
mem0-ts/src/community/src/integrations/langchain/mem0.ts	53	const	basePrompt
mem0-ts/src/community/src/integrations/langchain/mem0.ts	55	const	systemPrompt
mem0-ts/src/community/src/integrations/langchain/mem0.ts	65	const	mem0MemoryToMessages
mem0-ts/src/community/src/integrations/langchain/mem0.ts	70	const	messages
mem0-ts/src/community/src/integrations/langchain/mem0.ts	73	const	memoryContent
mem0-ts/src/community/src/integrations/langchain/mem0.ts	86	const	content
mem0-ts/src/community/src/integrations/langchain/mem0.ts	107	interface	ClientOptions
mem0-ts/src/community/src/integrations/langchain/mem0.ts	116	interface	Mem0MemoryInput
mem0-ts/src/community/src/integrations/langchain/mem0.ts	151	class	Mem0Memory
mem0-ts/src/community/src/integrations/langchain/mem0.ts	218	const	searchType
mem0-ts/src/community/src/integrations/langchain/mem0.ts	269	const	input
mem0-ts/src/community/src/integrations/langchain/mem0.ts	270	const	output
mem0-ts/src/community/src/integrations/langchain/mem0.ts	278	const	messages
mem0-ts/src/oss/examples/basic.ts	7	function	demoDefaultConfig
mem0-ts/src/oss/examples/basic.ts	10	const	memory
mem0-ts/src/oss/examples/basic.ts	14	function	run_examples
mem0-ts/src/oss/examples/basic.ts	21	function	runTests
mem0-ts/src/oss/examples/basic.ts	30	const	result1
mem0-ts/src/oss/examples/basic.ts	40	const	result2
mem0-ts/src/oss/examples/basic.ts	52	const	result3
mem0-ts/src/oss/examples/basic.ts	69	const	singleMemory
mem0-ts/src/oss/examples/basic.ts	76	const	result4
mem0-ts/src/oss/examples/basic.ts	83	const	allMemories
mem0-ts/src/oss/examples/basic.ts	90	const	searchResult
mem0-ts/src/oss/examples/basic.ts	98	const	history
mem0-ts/src/oss/examples/basic.ts	118	function	demoLocalMemory
mem0-ts/src/oss/examples/basic.ts	121	const	memory
mem0-ts/src/oss/examples/basic.ts	148	function	demoMemoryStore
mem0-ts/src/oss/examples/basic.ts	151	const	memory
mem0-ts/src/oss/examples/basic.ts	180	function	demoPGVector
mem0-ts/src/oss/examples/basic.ts	183	const	memory
mem0-ts/src/oss/examples/basic.ts	219	function	demoQdrant
mem0-ts/src/oss/examples/basic.ts	222	const	memory
mem0-ts/src/oss/examples/basic.ts	259	function	demoRedis
mem0-ts/src/oss/examples/basic.ts	262	const	memory
mem0-ts/src/oss/examples/basic.ts	294	function	main
mem0-ts/src/oss/examples/llms/mistral-example.ts	7	function	testMistral
mem0-ts/src/oss/examples/llms/mistral-example.ts	17	const	mistral
mem0-ts/src/oss/examples/llms/mistral-example.ts	25	const	chatResponse
mem0-ts/src/oss/examples/llms/mistral-example.ts	36	const	tools
mem0-ts/src/oss/examples/llms/mistral-example.ts	61	const	toolResponse
mem0-ts/src/oss/examples/local-llms.ts	5	const	memory
mem0-ts/src/oss/examples/local-llms.ts	28	function	chatWithMemories
mem0-ts/src/oss/examples/local-llms.ts	29	const	relevantMemories
mem0-ts/src/oss/examples/local-llms.ts	33	const	memoriesStr
mem0-ts/src/oss/examples/local-llms.ts	37	const	systemPrompt
mem0-ts/src/oss/examples/local-llms.ts	41	const	messages
mem0-ts/src/oss/examples/local-llms.ts	46	const	ollama
mem0-ts/src/oss/examples/local-llms.ts	47	const	response
mem0-ts/src/oss/examples/local-llms.ts	52	const	assistantResponse
mem0-ts/src/oss/examples/local-llms.ts	60	function	main
mem0-ts/src/oss/examples/local-llms.ts	61	const	rl
mem0-ts/src/oss/examples/local-llms.ts	68	const	askQuestion
mem0-ts/src/oss/examples/local-llms.ts	78	const	userInput
mem0-ts/src/oss/examples/local-llms.ts	86	const	response
mem0-ts/src/oss/examples/utils/test-utils.ts	3	function	runTests
mem0-ts/src/oss/examples/utils/test-utils.ts	12	const	result1
mem0-ts/src/oss/examples/utils/test-utils.ts	22	const	result2
mem0-ts/src/oss/examples/utils/test-utils.ts	34	const	result3
mem0-ts/src/oss/examples/utils/test-utils.ts	51	const	singleMemory
mem0-ts/src/oss/examples/utils/test-utils.ts	58	const	result4
mem0-ts/src/oss/examples/utils/test-utils.ts	65	const	allMemories
mem0-ts/src/oss/examples/utils/test-utils.ts	72	const	searchResult
mem0-ts/src/oss/examples/utils/test-utils.ts	80	const	history
mem0-ts/src/oss/examples/vector-stores/azure-ai-search.ts	4	function	demoAzureAISearch
mem0-ts/src/oss/examples/vector-stores/azure-ai-search.ts	7	const	memory
mem0-ts/src/oss/examples/vector-stores/index.ts	12	function	main
mem0-ts/src/oss/examples/vector-stores/index.ts	13	const	args
mem0-ts/src/oss/examples/vector-stores/index.ts	14	const	selectedStore
mem0-ts/src/oss/examples/vector-stores/index.ts	16	const	stores
mem0-ts/src/oss/examples/vector-stores/index.ts	27	const	demo
mem0-ts/src/oss/examples/vector-stores/memory.ts	4	function	demoMemoryStore
mem0-ts/src/oss/examples/vector-stores/memory.ts	7	const	memory
mem0-ts/src/oss/examples/vector-stores/pgvector.ts	4	function	demoPGVector
mem0-ts/src/oss/examples/vector-stores/pgvector.ts	7	const	memory
mem0-ts/src/oss/examples/vector-stores/qdrant.ts	4	function	demoQdrant
mem0-ts/src/oss/examples/vector-stores/qdrant.ts	7	const	memory
mem0-ts/src/oss/examples/vector-stores/redis.ts	4	function	demoRedis
mem0-ts/src/oss/examples/vector-stores/redis.ts	7	const	memory
mem0-ts/src/oss/examples/vector-stores/supabase.ts	8	function	demoSupabase
mem0-ts/src/oss/examples/vector-stores/supabase.ts	11	const	memory
mem0-ts/src/oss/src/config/defaults.ts	3	const	DEFAULT_MEMORY_CONFIG
mem0-ts/src/oss/src/config/manager.ts	4	class	ConfigManager
mem0-ts/src/oss/src/config/manager.ts	6	const	embedderProvider
mem0-ts/src/oss/src/config/manager.ts	8	const	embedderProviderKey
mem0-ts/src/oss/src/config/manager.ts	9	const	mergedConfig
mem0-ts/src/oss/src/config/manager.ts	14	const	defaultConf
mem0-ts/src/oss/src/config/manager.ts	15	const	userConf
mem0-ts/src/oss/src/config/manager.ts	30	const	baseURL
mem0-ts/src/oss/src/config/manager.ts	36	const	embeddingDims
mem0-ts/src/oss/src/config/manager.ts	72	const	defaultConf
mem0-ts/src/oss/src/config/manager.ts	73	const	userConf
mem0-ts/src/oss/src/config/manager.ts	81	const	explicitDimension
mem0-ts/src/oss/src/config/manager.ts	112	const	defaultConf
mem0-ts/src/oss/src/config/manager.ts	113	const	userConf
mem0-ts/src/oss/src/config/manager.ts	114	const	provider
mem0-ts/src/oss/src/config/manager.ts	125	const	llmRaw
mem0-ts/src/oss/src/config/manager.ts	126	const	llmBaseURL
mem0-ts/src/oss/src/config/manager.ts	137	const	temperature
mem0-ts/src/oss/src/config/manager.ts	140	const	topP
mem0-ts/src/oss/src/config/manager.ts	141	const	maxTokens
mem0-ts/src/oss/src/config/manager.ts	187	const	defaultHistoryStore
mem0-ts/src/oss/src/config/manager.ts	188	const	historyProvider
mem0-ts/src/oss/src/config/manager.ts	190	const	isSqlite
mem0-ts/src/oss/src/embeddings/aws_bedrock.ts	4	const	DEFAULT_MODEL
mem0-ts/src/oss/src/embeddings/aws_bedrock.ts	5	const	DEFAULT_REGION
mem0-ts/src/oss/src/embeddings/aws_bedrock.ts	9	const	COHERE_MAX_BATCH
mem0-ts/src/oss/src/embeddings/aws_bedrock.ts	14	const	TITAN_MAX_CONCURRENCY
mem0-ts/src/oss/src/embeddings/aws_bedrock.ts	19	const	COHERE_INPUT_TYPES
mem0-ts/src/oss/src/embeddings/aws_bedrock.ts	25	type	BedrockRuntimeModule
mem0-ts/src/oss/src/embeddings/aws_bedrock.ts	27	interface	BedrockCredentials
mem0-ts/src/oss/src/embeddings/aws_bedrock.ts	33	interface	BedrockEmbeddingResponse
mem0-ts/src/oss/src/embeddings/aws_bedrock.ts	44	function	mapWithConcurrencyLimit
mem0-ts/src/oss/src/embeddings/aws_bedrock.ts	49	const	results
mem0-ts/src/oss/src/embeddings/aws_bedrock.ts	52	function	worker
mem0-ts/src/oss/src/embeddings/aws_bedrock.ts	54	const	index
mem0-ts/src/oss/src/embeddings/aws_bedrock.ts	73	class	AWSBedrockEmbedder
mem0-ts/src/oss/src/embeddings/aws_bedrock.ts	88	const	hasKeyPair
mem0-ts/src/oss/src/embeddings/aws_bedrock.ts	91	const	hasAnyCredential
mem0-ts/src/oss/src/embeddings/aws_bedrock.ts	127	const	code
mem0-ts/src/oss/src/embeddings/aws_bedrock.ts	145	const	sdk
mem0-ts/src/oss/src/embeddings/aws_bedrock.ts	182	const	body
mem0-ts/src/oss/src/embeddings/aws_bedrock.ts	220	const	response
mem0-ts/src/oss/src/embeddings/aws_bedrock.ts	232	const	message
mem0-ts/src/oss/src/embeddings/aws_bedrock.ts	241	const	embeddings
mem0-ts/src/oss/src/embeddings/aws_bedrock.ts	281	const	embeddings
mem0-ts/src/oss/src/embeddings/azure.ts	5	class	AzureOpenAIEmbedder
mem0-ts/src/oss/src/embeddings/azure.ts	27	const	response
mem0-ts/src/oss/src/embeddings/azure.ts	38	const	MAX_BATCH
mem0-ts/src/oss/src/embeddings/azure.ts	39	const	allEmbeddings
mem0-ts/src/oss/src/embeddings/azure.ts	41	const	chunk
mem0-ts/src/oss/src/embeddings/azure.ts	42	const	response
mem0-ts/src/oss/src/embeddings/base.ts	1	interface	Embedder
mem0-ts/src/oss/src/embeddings/fastembed.ts	11	const	SUPPORTED_MODELS
mem0-ts/src/oss/src/embeddings/fastembed.ts	20	type	FastEmbedModel
mem0-ts/src/oss/src/embeddings/fastembed.ts	21	const	DEFAULT_MODEL
mem0-ts/src/oss/src/embeddings/fastembed.ts	23	class	FastEmbedEmbedder
mem0-ts/src/oss/src/embeddings/fastembed.ts	74	const	normalizedText
mem0-ts/src/oss/src/embeddings/fastembed.ts	75	const	model
mem0-ts/src/oss/src/embeddings/fastembed.ts	78	const	embedding
mem0-ts/src/oss/src/embeddings/fastembed.ts	88	const	normalizedTexts
mem0-ts/src/oss/src/embeddings/fastembed.ts	89	const	model
mem0-ts/src/oss/src/embeddings/fastembed.ts	90	const	embeddings
mem0-ts/src/oss/src/embeddings/google.ts	5	class	GoogleEmbedder
mem0-ts/src/oss/src/embeddings/google.ts	19	const	response
mem0-ts/src/oss/src/embeddings/google.ts	30	const	response
mem0-ts/src/oss/src/embeddings/huggingface.ts	18	class	HuggingFaceEmbedder
mem0-ts/src/oss/src/embeddings/huggingface.ts	23	const	baseURL
mem0-ts/src/oss/src/embeddings/huggingface.ts	47	const	response
mem0-ts/src/oss/src/embeddings/huggingface.ts	63	const	response
mem0-ts/src/oss/src/embeddings/huggingface.ts	67	const	embeddings
mem0-ts/src/oss/src/embeddings/langchain.ts	5	class	LangchainEmbedder
mem0-ts/src/oss/src/embeddings/lmstudio.ts	5	const	DEFAULT_BASE_URL
mem0-ts/src/oss/src/embeddings/lmstudio.ts	6	const	DEFAULT_MODEL
mem0-ts/src/oss/src/embeddings/lmstudio.ts	8	const	DEFAULT_LMSTUDIO_API_KEY
mem0-ts/src/oss/src/embeddings/lmstudio.ts	10	class	LMStudioEmbedder
mem0-ts/src/oss/src/embeddings/lmstudio.ts	15	const	baseURL
mem0-ts/src/oss/src/embeddings/lmstudio.ts	16	const	apiKey
mem0-ts/src/oss/src/embeddings/lmstudio.ts	22	const	normalized
mem0-ts/src/oss/src/embeddings/lmstudio.ts	25	const	response
mem0-ts/src/oss/src/embeddings/lmstudio.ts	32	const	message
mem0-ts/src/oss/src/embeddings/lmstudio.ts	38	const	normalized
mem0-ts/src/oss/src/embeddings/lmstudio.ts	42	const	response
mem0-ts/src/oss/src/embeddings/lmstudio.ts	51	const	message
mem0-ts/src/oss/src/embeddings/ollama.ts	6	class	OllamaEmbedder
mem0-ts/src/oss/src/embeddings/ollama.ts	31	const	input
mem0-ts/src/oss/src/embeddings/ollama.ts	32	const	response
mem0-ts/src/oss/src/embeddings/ollama.ts	45	const	response
mem0-ts/src/oss/src/embeddings/ollama.ts	57	const	local_models
mem0-ts/src/oss/src/embeddings/ollama.ts	58	const	target
mem0-ts/src/oss/src/embeddings/openai.ts	5	class	OpenAIEmbedder
mem0-ts/src/oss/src/embeddings/openai.ts	20	const	response
mem0-ts/src/oss/src/embeddings/openai.ts	32	const	MAX_BATCH
mem0-ts/src/oss/src/embeddings/openai.ts	33	const	allEmbeddings
mem0-ts/src/oss/src/embeddings/openai.ts	35	const	chunk
mem0-ts/src/oss/src/embeddings/openai.ts	36	const	response
mem0-ts/src/oss/src/embeddings/together.ts	4	const	DEFAULT_BASE_URL
mem0-ts/src/oss/src/embeddings/together.ts	5	const	DEFAULT_MODEL
mem0-ts/src/oss/src/embeddings/together.ts	7	class	TogetherEmbedder
mem0-ts/src/oss/src/embeddings/together.ts	9	const	openAICompatibleConfig
mem0-ts/src/oss/src/embeddings/together.ts	12	const	apiKey
mem0-ts/src/oss/src/embeddings/vertexai.ts	5	type	AIPlatform
mem0-ts/src/oss/src/embeddings/vertexai.ts	6	type	ClientOptions
mem0-ts/src/oss/src/embeddings/vertexai.ts	10	interface	EmbeddingResponse
mem0-ts/src/oss/src/embeddings/vertexai.ts	23	function	maxInstancesPerRequest
mem0-ts/src/oss/src/embeddings/vertexai.ts	27	function	isValidEmbedding
mem0-ts/src/oss/src/embeddings/vertexai.ts	29	const	obj
mem0-ts/src/oss/src/embeddings/vertexai.ts	32	const	embeddings
mem0-ts/src/oss/src/embeddings/vertexai.ts	33	const	values
mem0-ts/src/oss/src/embeddings/vertexai.ts	40	class	VertexAIEmbedder
mem0-ts/src/oss/src/embeddings/vertexai.ts	76	const	endpoint
mem0-ts/src/oss/src/embeddings/vertexai.ts	118	const	client
mem0-ts/src/oss/src/embeddings/vertexai.ts	169	const	instance
mem0-ts/src/oss/src/embeddings/vertexai.ts	170	const	parameters
mem0-ts/src/oss/src/embeddings/vertexai.ts	184	const	decoded
mem0-ts/src/oss/src/embeddings/vertexai.ts	208	const	embeddingType
mem0-ts/src/oss/src/embeddings/vertexai.ts	210	const	allEmbeddings
mem0-ts/src/oss/src/embeddings/vertexai.ts	211	const	batchSize
mem0-ts/src/oss/src/embeddings/vertexai.ts	214	const	chunk
mem0-ts/src/oss/src/embeddings/vertexai.ts	215	const	instances
mem0-ts/src/oss/src/embeddings/vertexai.ts	221	const	parameters
mem0-ts/src/oss/src/embeddings/vertexai.ts	236	const	decoded
mem0-ts/src/oss/src/llms/anthropic.ts	5	class	AnthropicLLM
mem0-ts/src/oss/src/llms/anthropic.ts	13	const	apiKey
mem0-ts/src/oss/src/llms/anthropic.ts	19	const	clientArgs
mem0-ts/src/oss/src/llms/anthropic.ts	38	const	systemMessage
mem0-ts/src/oss/src/llms/anthropic.ts	39	const	otherMessages
mem0-ts/src/oss/src/llms/anthropic.ts	41	const	params
mem0-ts/src/oss/src/llms/anthropic.ts	70	const	response
mem0-ts/src/oss/src/llms/anthropic.ts	74	const	toolCalls
mem0-ts/src/oss/src/llms/anthropic.ts	90	const	firstBlock
mem0-ts/src/oss/src/llms/anthropic.ts	99	const	response
mem0-ts/src/oss/src/llms/aws_bedrock.ts	8	const	PROVIDERS
mem0-ts/src/oss/src/llms/aws_bedrock.ts	32	function	extractProvider
mem0-ts/src/oss/src/llms/aws_bedrock.ts	34	const	re
mem0-ts/src/oss/src/llms/aws_bedrock.ts	47	type	AWSBedrockConfig
mem0-ts/src/oss/src/llms/aws_bedrock.ts	62	interface	BedrockSDK
mem0-ts/src/oss/src/llms/aws_bedrock.ts	67	class	AWSBedrockLLM
mem0-ts/src/oss/src/llms/aws_bedrock.ts	87	const	region
mem0-ts/src/oss/src/llms/aws_bedrock.ts	91	const	clientConfig
mem0-ts/src/oss/src/llms/aws_bedrock.ts	122	const	detail
mem0-ts/src/oss/src/llms/aws_bedrock.ts	153	const	systemParts
mem0-ts/src/oss/src/llms/aws_bedrock.ts	154	const	converseMessages
mem0-ts/src/oss/src/llms/aws_bedrock.ts	158	const	role
mem0-ts/src/oss/src/llms/aws_bedrock.ts	159	const	content
mem0-ts/src/oss/src/llms/aws_bedrock.ts	191	const	inferenceConfig
mem0-ts/src/oss/src/llms/aws_bedrock.ts	207	const	converseTools
mem0-ts/src/oss/src/llms/aws_bedrock.ts	221	const	input
mem0-ts/src/oss/src/llms/aws_bedrock.ts	227	const	toolConfig
mem0-ts/src/oss/src/llms/aws_bedrock.ts	239	const	content
mem0-ts/src/oss/src/llms/aws_bedrock.ts	248	const	content
mem0-ts/src/oss/src/llms/aws_bedrock.ts	249	const	calls
mem0-ts/src/oss/src/llms/aws_bedrock.ts	267	const	response
mem0-ts/src/oss/src/llms/aws_bedrock.ts	269	const	toolCalls
mem0-ts/src/oss/src/llms/aws_bedrock.ts	280	const	message
mem0-ts/src/oss/src/llms/aws_bedrock.ts	287	const	response
mem0-ts/src/oss/src/llms/aws_bedrock.ts	290	const	message
mem0-ts/src/oss/src/llms/azure.ts	5	class	AzureOpenAILLM
mem0-ts/src/oss/src/llms/azure.ts	29	const	completion
mem0-ts/src/oss/src/llms/azure.ts	31	const	role
mem0-ts/src/oss/src/llms/azure.ts	45	const	response
mem0-ts/src/oss/src/llms/azure.ts	62	const	completion
mem0-ts/src/oss/src/llms/azure.ts	64	const	role
mem0-ts/src/oss/src/llms/azure.ts	76	const	response
mem0-ts/src/oss/src/llms/base.ts	3	interface	LLMResponse
mem0-ts/src/oss/src/llms/base.ts	12	interface	LLM
mem0-ts/src/oss/src/llms/deepseek.ts	5	class	DeepSeekLLM
mem0-ts/src/oss/src/llms/deepseek.ts	7	const	apiKey
mem0-ts/src/oss/src/llms/deepseek.ts	30	const	message
mem0-ts/src/oss/src/llms/deepseek.ts	39	const	message
mem0-ts/src/oss/src/llms/google.ts	5	class	GoogleLLM
mem0-ts/src/oss/src/llms/google.ts	33	const	contents
mem0-ts/src/oss/src/llms/google.ts	36	const	config
mem0-ts/src/oss/src/llms/google.ts	49	const	completion
mem0-ts/src/oss/src/llms/google.ts	67	const	text
mem0-ts/src/oss/src/llms/google.ts	75	const	completion
mem0-ts/src/oss/src/llms/google.ts	79	const	response
mem0-ts/src/oss/src/llms/google.ts	80	const	content
mem0-ts/src/oss/src/llms/groq.ts	5	class	GroqLLM
mem0-ts/src/oss/src/llms/groq.ts	10	const	apiKey
mem0-ts/src/oss/src/llms/groq.ts	22	const	response
mem0-ts/src/oss/src/llms/groq.ts	38	const	response
mem0-ts/src/oss/src/llms/groq.ts	49	const	message
mem0-ts/src/oss/src/llms/langchain.ts	14	const	convertToLangchainMessages
mem0-ts/src/oss/src/llms/langchain.ts	16	const	content
mem0-ts/src/oss/src/llms/langchain.ts	38	class	LangchainLLM
mem0-ts/src/oss/src/llms/langchain.ts	65	const	langchainMessages
mem0-ts/src/oss/src/llms/langchain.ts	67	const	invokeOptions
mem0-ts/src/oss/src/llms/langchain.ts	72	const	systemPromptContent
mem0-ts/src/oss/src/llms/langchain.ts	74	const	userPromptContent
mem0-ts/src/oss/src/llms/langchain.ts	137	const	response
mem0-ts/src/oss/src/llms/langchain.ts	148	const	mappedToolCalls
mem0-ts/src/oss/src/llms/langchain.ts	173	const	langchainMessages
mem0-ts/src/oss/src/llms/langchain.ts	175	const	response
mem0-ts/src/oss/src/llms/litellm.ts	5	class	LiteLLM
mem0-ts/src/oss/src/llms/litellm.ts	26	const	message
mem0-ts/src/oss/src/llms/litellm.ts	35	const	message
mem0-ts/src/oss/src/llms/lmstudio.ts	5	const	DEFAULT_BASE_URL
mem0-ts/src/oss/src/llms/lmstudio.ts	6	const	DEFAULT_MODEL
mem0-ts/src/oss/src/llms/lmstudio.ts	8	const	DEFAULT_LMSTUDIO_API_KEY
mem0-ts/src/oss/src/llms/lmstudio.ts	10	class	LMStudioLLM
mem0-ts/src/oss/src/llms/lmstudio.ts	28	const	message
mem0-ts/src/oss/src/llms/lmstudio.ts	37	const	message
mem0-ts/src/oss/src/llms/minimax.ts	5	class	MiniMaxLLM
mem0-ts/src/oss/src/llms/minimax.ts	7	const	apiKey
mem0-ts/src/oss/src/llms/minimax.ts	30	const	message
mem0-ts/src/oss/src/llms/minimax.ts	39	const	message
mem0-ts/src/oss/src/llms/mistral.ts	5	class	MistralLLM
mem0-ts/src/oss/src/llms/mistral.ts	44	const	response
mem0-ts/src/oss/src/llms/mistral.ts	61	const	message
mem0-ts/src/oss/src/llms/mistral.ts	85	const	formattedMessages
mem0-ts/src/oss/src/llms/mistral.ts	93	const	response
mem0-ts/src/oss/src/llms/mistral.ts	105	const	message
mem0-ts/src/oss/src/llms/ollama.ts	6	class	OllamaLLM
mem0-ts/src/oss/src/llms/ollama.ts	33	const	completion
mem0-ts/src/oss/src/llms/ollama.ts	36	const	role
mem0-ts/src/oss/src/llms/ollama.ts	49	const	response
mem0-ts/src/oss/src/llms/ollama.ts	72	const	completion
mem0-ts/src/oss/src/llms/ollama.ts	74	const	role
mem0-ts/src/oss/src/llms/ollama.ts	85	const	response
mem0-ts/src/oss/src/llms/ollama.ts	96	const	local_models
mem0-ts/src/oss/src/llms/openai.ts	5	class	OpenAILLM
mem0-ts/src/oss/src/llms/openai.ts	23	const	completion
mem0-ts/src/oss/src/llms/openai.ts	25	const	role
mem0-ts/src/oss/src/llms/openai.ts	39	const	response
mem0-ts/src/oss/src/llms/openai.ts	56	const	completion
mem0-ts/src/oss/src/llms/openai.ts	58	const	role
mem0-ts/src/oss/src/llms/openai.ts	69	const	response
mem0-ts/src/oss/src/llms/openai_structured.ts	5	class	OpenAIStructuredLLM
mem0-ts/src/oss/src/llms/openai_structured.ts	23	const	completion
mem0-ts/src/oss/src/llms/openai_structured.ts	53	const	response
mem0-ts/src/oss/src/llms/openai_structured.ts	70	const	completion
mem0-ts/src/oss/src/llms/openai_structured.ts	80	const	response
mem0-ts/src/oss/src/llms/sarvam.ts	14	class	SarvamLLM
mem0-ts/src/oss/src/llms/sarvam.ts	16	const	apiKey
mem0-ts/src/oss/src/llms/sarvam.ts	39	const	message
mem0-ts/src/oss/src/llms/sarvam.ts	48	const	message
mem0-ts/src/oss/src/llms/together.ts	5	class	TogetherLLM
mem0-ts/src/oss/src/llms/together.ts	7	const	apiKey
mem0-ts/src/oss/src/llms/together.ts	30	const	message
mem0-ts/src/oss/src/llms/together.ts	39	const	message
mem0-ts/src/oss/src/llms/vllm.ts	5	const	DEFAULT_MODEL
mem0-ts/src/oss/src/llms/vllm.ts	6	const	DEFAULT_API_KEY
mem0-ts/src/oss/src/llms/vllm.ts	8	const	DEFAULT_BASE_URL
mem0-ts/src/oss/src/llms/vllm.ts	10	class	VllmLLM
mem0-ts/src/oss/src/llms/vllm.ts	12	const	baseURL
mem0-ts/src/oss/src/llms/vllm.ts	36	const	message
mem0-ts/src/oss/src/llms/vllm.ts	45	const	message
mem0-ts/src/oss/src/llms/xai.ts	14	class	XAILLM
mem0-ts/src/oss/src/llms/xai.ts	16	const	apiKey
mem0-ts/src/oss/src/llms/xai.ts	37	const	message
mem0-ts/src/oss/src/llms/xai.ts	46	const	message
mem0-ts/src/oss/src/memory/index.ts	83	class	LLMError
mem0-ts/src/oss/src/memory/index.ts	95	const	ENTITY_PARAMS
mem0-ts/src/oss/src/memory/index.ts	108	function	rejectTopLevelEntityParams
mem0-ts/src/oss/src/memory/index.ts	112	const	invalidKeys
mem0-ts/src/oss/src/memory/index.ts	131	function	validateAndTrimEntityId
mem0-ts/src/oss/src/memory/index.ts	136	const	trimmed
mem0-ts/src/oss/src/memory/index.ts	154	function	validateSearchParams
mem0-ts/src/oss/src/memory/index.ts	175	class	Memory
mem0-ts/src/oss/src/memory/index.ts	241	const	probe
mem0-ts/src/oss/src/memory/index.ts	290	const	entityProvider
mem0-ts/src/oss/src/memory/index.ts	291	const	entityCollectionName
mem0-ts/src/oss/src/memory/index.ts	292	const	entityConfig
mem0-ts/src/oss/src/memory/index.ts	298	const	basePath
mem0-ts/src/oss/src/memory/index.ts	322	const	filters
mem0-ts/src/oss/src/memory/index.ts	337	const	rowsByText
mem0-ts/src/oss/src/memory/index.ts	343	const	listed
mem0-ts/src/oss/src/memory/index.ts	357	const	text
mem0-ts/src/oss/src/memory/index.ts	359	const	key
mem0-ts/src/oss/src/memory/index.ts	389	const	listed
mem0-ts/src/oss/src/memory/index.ts	402	const	payload
mem0-ts/src/oss/src/memory/index.ts	403	const	linked
mem0-ts/src/oss/src/memory/index.ts	408	const	remaining
mem0-ts/src/oss/src/memory/index.ts	416	const	newPayload
mem0-ts/src/oss/src/memory/index.ts	418	const	entityText
mem0-ts/src/oss/src/memory/index.ts	460	const	entities
mem0-ts/src/oss/src/memory/index.ts	463	const	entityStore
mem0-ts/src/oss/src/memory/index.ts	464	const	exactMatches
mem0-ts/src/oss/src/memory/index.ts	484	const	exactMatch
mem0-ts/src/oss/src/memory/index.ts	493	const	semanticMatch
mem0-ts/src/oss/src/memory/index.ts	497	const	match
mem0-ts/src/oss/src/memory/index.ts	499	const	payload
mem0-ts/src/oss/src/memory/index.ts	500	const	linked
mem0-ts/src/oss/src/memory/index.ts	513	const	entityPayload
mem0-ts/src/oss/src/memory/index.ts	542	const	parts
mem0-ts/src/oss/src/memory/index.ts	544	const	val
mem0-ts/src/oss/src/memory/index.ts	666	const	config
mem0-ts/src/oss/src/memory/index.ts	709	const	allBlank
mem0-ts/src/oss/src/memory/index.ts	723	const	temporalUsageNotice
mem0-ts/src/oss/src/memory/index.ts	737	const	userId
mem0-ts/src/oss/src/memory/index.ts	738	const	agentId
mem0-ts/src/oss/src/memory/index.ts	739	const	runId
mem0-ts/src/oss/src/memory/index.ts	757	const	parsedMessages
mem0-ts/src/oss/src/memory/index.ts	761	const	final_parsedMessages
mem0-ts/src/oss/src/memory/index.ts	764	const	vectorStoreResult
mem0-ts/src/oss/src/memory/index.ts	778	const	scaleThresholdNotice
mem0-ts/src/oss/src/memory/index.ts	804	const	returnedMemories
mem0-ts/src/oss/src/memory/index.ts	809	const	memoryId
mem0-ts/src/oss/src/memory/index.ts	826	const	sessionScope
mem0-ts/src/oss/src/memory/index.ts	843	const	parsedMessages
mem0-ts/src/oss/src/memory/index.ts	848	const	queryEmbedding
mem0-ts/src/oss/src/memory/index.ts	849	const	existingResults
mem0-ts/src/oss/src/memory/index.ts	856	const	existingMemories
mem0-ts/src/oss/src/memory/index.ts	857	const	uuidMapping
mem0-ts/src/oss/src/memory/index.ts	859	const	mem
mem0-ts/src/oss/src/memory/index.ts	868	const	isAgentScoped
mem0-ts/src/oss/src/memory/index.ts	874	const	userPrompt
mem0-ts/src/oss/src/memory/index.ts	903	const	cleanResponse
mem0-ts/src/oss/src/memory/index.ts	906	const	parsed
mem0-ts/src/oss/src/memory/index.ts	911	const	fallbackJson
mem0-ts/src/oss/src/memory/index.ts	937	const	memTexts
mem0-ts/src/oss/src/memory/index.ts	942	const	memEmbeddingsList
mem0-ts/src/oss/src/memory/index.ts	958	const	existingHashes
mem0-ts/src/oss/src/memory/index.ts	960	const	h
mem0-ts/src/oss/src/memory/index.ts	964	const	records
mem0-ts/src/oss/src/memory/index.ts	970	const	seenHashes
mem0-ts/src/oss/src/memory/index.ts	973	const	text
mem0-ts/src/oss/src/memory/index.ts	976	const	memHash
mem0-ts/src/oss/src/memory/index.ts	982	const	textLemmatized
mem0-ts/src/oss/src/memory/index.ts	983	const	memoryId
mem0-ts/src/oss/src/memory/index.ts	984	const	now
mem0-ts/src/oss/src/memory/index.ts	986	const	memPayload
mem0-ts/src/oss/src/memory/index.ts	1025	const	allVectors
mem0-ts/src/oss/src/memory/index.ts	1026	const	allIds
mem0-ts/src/oss/src/memory/index.ts	1027	const	allPayloads
mem0-ts/src/oss/src/memory/index.ts	1047	const	historyRecords
mem0-ts/src/oss/src/memory/index.ts	1094	const	allTexts
mem0-ts/src/oss/src/memory/index.ts	1095	const	allEntities
mem0-ts/src/oss/src/memory/index.ts	1098	const	globalEntities
mem0-ts/src/oss/src/memory/index.ts	1103	const	memoryId
mem0-ts/src/oss/src/memory/index.ts	1104	const	entities
mem0-ts/src/oss/src/memory/index.ts	1106	const	key
mem0-ts/src/oss/src/memory/index.ts	1119	const	orderedKeys
mem0-ts/src/oss/src/memory/index.ts	1121	const	entityTexts
mem0-ts/src/oss/src/memory/index.ts	1142	const	valid
mem0-ts/src/oss/src/memory/index.ts	1150	const	entityStore
mem0-ts/src/oss/src/memory/index.ts	1151	const	exactMatches
mem0-ts/src/oss/src/memory/index.ts	1157	const	toInsertVectors
mem0-ts/src/oss/src/memory/index.ts	1158	const	toInsertIds
mem0-ts/src/oss/src/memory/index.ts	1159	const	toInsertPayloads
mem0-ts/src/oss/src/memory/index.ts	1163	const	entityVec
mem0-ts/src/oss/src/memory/index.ts	1170	const	exactMatch
mem0-ts/src/oss/src/memory/index.ts	1177	const	semanticMatch
mem0-ts/src/oss/src/memory/index.ts	1181	const	match
mem0-ts/src/oss/src/memory/index.ts	1184	const	payload
mem0-ts/src/oss/src/memory/index.ts	1185	const	linked
mem0-ts/src/oss/src/memory/index.ts	1195	const	entityPayload
mem0-ts/src/oss/src/memory/index.ts	1250	const	memory
mem0-ts/src/oss/src/memory/index.ts	1256	const	filters
mem0-ts/src/oss/src/memory/index.ts	1262	const	memoryItem
mem0-ts/src/oss/src/memory/index.ts	1272	const	excludedKeys
mem0-ts/src/oss/src/memory/index.ts	1289	const	result
mem0-ts/src/oss/src/memory/index.ts	1314	const	temporalUsageNotice
mem0-ts/src/oss/src/memory/index.ts	1330	const	normalizedFilters
mem0-ts/src/oss/src/memory/index.ts	1362	const	processedFilters
mem0-ts/src/oss/src/memory/index.ts	1391	const	searchStartMs
mem0-ts/src/oss/src/memory/index.ts	1394	const	queryLemmatized
mem0-ts/src/oss/src/memory/index.ts	1395	const	queryEntities
mem0-ts/src/oss/src/memory/index.ts	1398	const	queryEmbedding
mem0-ts/src/oss/src/memory/index.ts	1401	const	internalLimit
mem0-ts/src/oss/src/memory/index.ts	1402	const	semanticResults
mem0-ts/src/oss/src/memory/index.ts	1428	const	bm25Scores
mem0-ts/src/oss/src/memory/index.ts	1432	const	memId
mem0-ts/src/oss/src/memory/index.ts	1433	const	rawScore
mem0-ts/src/oss/src/memory/index.ts	1441	const	entityBoosts
mem0-ts/src/oss/src/memory/index.ts	1445	const	seen
mem0-ts/src/oss/src/memory/index.ts	1446	const	deduped
mem0-ts/src/oss/src/memory/index.ts	1448	const	key
mem0-ts/src/oss/src/memory/index.ts	1456	const	entityStore
mem0-ts/src/oss/src/memory/index.ts	1457	const	entitySearchFilters
mem0-ts/src/oss/src/memory/index.ts	1462	const	entityTexts
mem0-ts/src/oss/src/memory/index.ts	1463	const	embeddings
mem0-ts/src/oss/src/memory/index.ts	1473	const	searchResults
mem0-ts/src/oss/src/memory/index.ts	1489	const	similarity
mem0-ts/src/oss/src/memory/index.ts	1492	const	payload
mem0-ts/src/oss/src/memory/index.ts	1493	const	linkedMemoryIds
mem0-ts/src/oss/src/memory/index.ts	1496	const	numLinked
mem0-ts/src/oss/src/memory/index.ts	1497	const	memoryCountWeight
mem0-ts/src/oss/src/memory/index.ts	1499	const	boost
mem0-ts/src/oss/src/memory/index.ts	1504	const	memKey
mem0-ts/src/oss/src/memory/index.ts	1521	const	candidates
mem0-ts/src/oss/src/memory/index.ts	1530	const	scoredResults
mem0-ts/src/oss/src/memory/index.ts	1540	const	excludedKeys
mem0-ts/src/oss/src/memory/index.ts	1552	const	results
mem0-ts/src/oss/src/memory/index.ts	1555	const	payload
mem0-ts/src/oss/src/memory/index.ts	1576	const	invokeReranker
mem0-ts/src/oss/src/memory/index.ts	1582	const	ranked
mem0-ts/src/oss/src/memory/index.ts	1596	const	result
mem0-ts/src/oss/src/memory/index.ts	1599	const	searchElapsedMs
mem0-ts/src/oss/src/memory/index.ts	1607	const	scaleThresholdNotice
mem0-ts/src/oss/src/memory/index.ts	1614	const	performanceSlowQueryNotice
mem0-ts/src/oss/src/memory/index.ts	1640	const	options
mem0-ts/src/oss/src/memory/index.ts	1662	const	updateMetadata
mem0-ts/src/oss/src/memory/index.ts	1670	const	existingEmbeddings
mem0-ts/src/oss/src/memory/index.ts	1676	const	result
mem0-ts/src/oss/src/memory/index.ts	1685	const	result
mem0-ts/src/oss/src/memory/index.ts	1686	const	deleteCount
mem0-ts/src/oss/src/memory/index.ts	1709	const	userId
mem0-ts/src/oss/src/memory/index.ts	1710	const	agentId
mem0-ts/src/oss/src/memory/index.ts	1711	const	runId
mem0-ts/src/oss/src/memory/index.ts	1714	const	filters
mem0-ts/src/oss/src/memory/index.ts	1730	const	result
mem0-ts/src/oss/src/memory/index.ts	1746	const	result
mem0-ts/src/oss/src/memory/index.ts	1817	const	filters
mem0-ts/src/oss/src/memory/index.ts	1842	const	fetchLimit
mem0-ts/src/oss/src/memory/index.ts	1845	const	visibleMemories
mem0-ts/src/oss/src/memory/index.ts	1849	const	excludedKeys
mem0-ts/src/oss/src/memory/index.ts	1860	const	results
mem0-ts/src/oss/src/memory/index.ts	1877	const	result
mem0-ts/src/oss/src/memory/index.ts	1878	const	scaleThresholdNotice
mem0-ts/src/oss/src/memory/index.ts	1895	const	memoryId
mem0-ts/src/oss/src/memory/index.ts	1896	const	embedding
mem0-ts/src/oss/src/memory/index.ts	1899	const	memoryMetadata
mem0-ts/src/oss/src/memory/index.ts	1925	const	existingMemory
mem0-ts/src/oss/src/memory/index.ts	1930	const	prevValue
mem0-ts/src/oss/src/memory/index.ts	1932	const	newData
mem0-ts/src/oss/src/memory/index.ts	1938	const	textChanged
mem0-ts/src/oss/src/memory/index.ts	1940	const	embedding
mem0-ts/src/oss/src/memory/index.ts	1944	const	newMetadata
mem0-ts/src/oss/src/memory/index.ts	1968	const	sessionFilters
mem0-ts/src/oss/src/memory/index.ts	1980	const	existingMemory
mem0-ts/src/oss/src/memory/index.ts	1985	const	prevValue
mem0-ts/src/oss/src/memory/index.ts	1986	const	sessionFilters
mem0-ts/src/oss/src/memory/index.ts	2064	const	processedFilters
mem0-ts/src/oss/src/memory/index.ts	2066	const	processCondition
mem0-ts/src/oss/src/memory/index.ts	2083	const	result
mem0-ts/src/oss/src/memory/index.ts	2084	const	operatorMap
mem0-ts/src/oss/src/memory/index.ts	2130	const	orCondition
mem0-ts/src/oss/src/memory/index.ts	2147	const	notCondition
mem0-ts/src/oss/src/memory/memory.types.ts	4	interface	Entity
mem0-ts/src/oss/src/memory/memory.types.ts	10	interface	AddMemoryOptions
mem0-ts/src/oss/src/memory/memory.types.ts	19	interface	UpdateMemoryOptions
mem0-ts/src/oss/src/memory/memory.types.ts	33	interface	SearchMemoryOptions
mem0-ts/src/oss/src/memory/memory.types.ts	48	interface	GetAllMemoryOptions
mem0-ts/src/oss/src/memory/memory.types.ts	55	interface	DeleteAllMemoryOptions
mem0-ts/src/oss/src/memory/memory.types.ts	57	interface	UpdateProjectOptions
mem0-ts/src/oss/src/prompts/index.ts	5	const	factItem
mem0-ts/src/oss/src/prompts/index.ts	12	const	FactRetrievalSchema
mem0-ts/src/oss/src/prompts/index.ts	20	const	MemoryUpdateSchema
mem0-ts/src/oss/src/prompts/index.ts	45	function	getFactRetrievalMessages
mem0-ts/src/oss/src/prompts/index.ts	48	const	systemPrompt
mem0-ts/src/oss/src/prompts/index.ts	100	const	userPrompt
mem0-ts/src/oss/src/prompts/index.ts	105	function	getUpdateMemoryMessages
mem0-ts/src/oss/src/prompts/index.ts	282	const	ADDITIVE_EXTRACTION_PROMPT
mem0-ts/src/oss/src/prompts/index.ts	759	const	AGENT_CONTEXT_SUFFIX
mem0-ts/src/oss/src/prompts/index.ts	775	const	AdditiveExtractionSchema
mem0-ts/src/oss/src/prompts/index.ts	791	const	PAST_MESSAGE_TRUNCATION_LIMIT
mem0-ts/src/oss/src/prompts/index.ts	793	function	truncateContent
mem0-ts/src/oss/src/prompts/index.ts	801	function	formatConversationHistory
mem0-ts/src/oss/src/prompts/index.ts	807	const	role
mem0-ts/src/oss/src/prompts/index.ts	808	const	content
mem0-ts/src/oss/src/prompts/index.ts	816	function	serializeMemories
mem0-ts/src/oss/src/prompts/index.ts	822	function	generateAdditiveExtractionPrompt
mem0-ts/src/oss/src/prompts/index.ts	830	const	now
mem0-ts/src/oss/src/prompts/index.ts	831	const	currentDate
mem0-ts/src/oss/src/prompts/index.ts	832	const	observationDate
mem0-ts/src/oss/src/prompts/index.ts	834	const	sections
mem0-ts/src/oss/src/prompts/index.ts	869	function	parseMessages
mem0-ts/src/oss/src/prompts/index.ts	873	function	removeCodeBlocks
mem0-ts/src/oss/src/prompts/index.ts	876	const	stripped
mem0-ts/src/oss/src/prompts/index.ts	901	function	extractJson
mem0-ts/src/oss/src/prompts/index.ts	912	const	trimmed
mem0-ts/src/oss/src/prompts/index.ts	918	const	braceIndices
mem0-ts/src/oss/src/prompts/index.ts	930	const	char
mem0-ts/src/oss/src/prompts/index.ts	953	const	candidate
mem0-ts/src/oss/src/prompts/index.ts	968	const	firstBrace
mem0-ts/src/oss/src/prompts/index.ts	969	const	lastBrace
mem0-ts/src/oss/src/prompts/index.ts	971	const	candidate
mem0-ts/src/oss/src/prompts/index.ts	981	const	bracketIndices
mem0-ts/src/oss/src/prompts/index.ts	992	const	char
mem0-ts/src/oss/src/prompts/index.ts	1015	const	candidate
mem0-ts/src/oss/src/prompts/index.ts	1028	const	firstBracket
mem0-ts/src/oss/src/prompts/index.ts	1029	const	lastBracket
mem0-ts/src/oss/src/prompts/index.ts	1031	const	candidate
mem0-ts/src/oss/src/rerankers/base.ts	1	interface	RerankResult
mem0-ts/src/oss/src/rerankers/base.ts	8	interface	Reranker
mem0-ts/src/oss/src/rerankers/cohere.test.ts	1	const	mockRerank
mem0-ts/src/oss/src/rerankers/cohere.test.ts	19	const	originalEnv
mem0-ts/src/oss/src/rerankers/cohere.test.ts	29	const	reranker
mem0-ts/src/oss/src/rerankers/cohere.test.ts	45	const	reranker
mem0-ts/src/oss/src/rerankers/cohere.test.ts	56	const	reranker
mem0-ts/src/oss/src/rerankers/cohere.test.ts	76	const	reranker
mem0-ts/src/oss/src/rerankers/cohere.test.ts	78	const	results
mem0-ts/src/oss/src/rerankers/cohere.test.ts	88	const	reranker
mem0-ts/src/oss/src/rerankers/cohere.test.ts	101	const	reranker
mem0-ts/src/oss/src/rerankers/cohere.test.ts	103	const	results
mem0-ts/src/oss/src/rerankers/cohere.test.ts	111	const	warnSpy
mem0-ts/src/oss/src/rerankers/cohere.test.ts	112	const	reranker
mem0-ts/src/oss/src/rerankers/cohere.test.ts	114	const	results
mem0-ts/src/oss/src/rerankers/cohere.test.ts	129	const	reranker
mem0-ts/src/oss/src/rerankers/cohere.test.ts	131	const	results
mem0-ts/src/oss/src/rerankers/cohere.ts	4	const	DEFAULT_MODEL
mem0-ts/src/oss/src/rerankers/cohere.ts	6	class	CohereReranker
mem0-ts/src/oss/src/rerankers/cohere.ts	16	const	apiKey
mem0-ts/src/oss/src/rerankers/cohere.ts	63	const	client
mem0-ts/src/oss/src/rerankers/cohere.ts	64	const	response
mem0-ts/src/oss/src/rerankers/cohere.ts	81	const	scored
mem0-ts/src/oss/src/rerankers/cohere.ts	85	const	finalTopK
mem0-ts/src/oss/src/rerankers/cross_encoder.test.ts	1	const	mockModelFromPretrained
mem0-ts/src/oss/src/rerankers/cross_encoder.test.ts	2	const	mockTokenizerFromPretrained
mem0-ts/src/oss/src/rerankers/cross_encoder.test.ts	13	const	sigmoid
mem0-ts/src/oss/src/rerankers/cross_encoder.test.ts	16	function	setupModel
mem0-ts/src/oss/src/rerankers/cross_encoder.test.ts	17	const	tokenizer
mem0-ts/src/oss/src/rerankers/cross_encoder.test.ts	19	const	model
mem0-ts/src/oss/src/rerankers/cross_encoder.test.ts	34	const	reranker
mem0-ts/src/oss/src/rerankers/cross_encoder.test.ts	36	const	results
mem0-ts/src/oss/src/rerankers/cross_encoder.test.ts	47	const	reranker
mem0-ts/src/oss/src/rerankers/cross_encoder.test.ts	67	const	reranker
mem0-ts/src/oss/src/rerankers/cross_encoder.test.ts	69	const	results
mem0-ts/src/oss/src/rerankers/cross_encoder.test.ts	77	const	reranker
mem0-ts/src/oss/src/rerankers/cross_encoder.test.ts	79	const	results
mem0-ts/src/oss/src/rerankers/cross_encoder.test.ts	86	const	reranker
mem0-ts/src/oss/src/rerankers/cross_encoder.test.ts	88	const	results
mem0-ts/src/oss/src/rerankers/cross_encoder.test.ts	97	const	reranker
mem0-ts/src/oss/src/rerankers/cross_encoder.test.ts	102	const	results
mem0-ts/src/oss/src/rerankers/cross_encoder.test.ts	111	const	reranker
mem0-ts/src/oss/src/rerankers/cross_encoder.test.ts	143	const	reranker
mem0-ts/src/oss/src/rerankers/cross_encoder.test.ts	158	const	warnSpy
mem0-ts/src/oss/src/rerankers/cross_encoder.test.ts	159	const	reranker
mem0-ts/src/oss/src/rerankers/cross_encoder.test.ts	161	const	results
mem0-ts/src/oss/src/rerankers/cross_encoder.test.ts	174	const	tokenizer
mem0-ts/src/oss/src/rerankers/cross_encoder.test.ts	179	const	warnSpy
mem0-ts/src/oss/src/rerankers/cross_encoder.test.ts	180	const	reranker
mem0-ts/src/oss/src/rerankers/cross_encoder.test.ts	182	const	results
mem0-ts/src/oss/src/rerankers/cross_encoder.ts	4	const	sigmoid
mem0-ts/src/oss/src/rerankers/cross_encoder.ts	6	class	CrossEncoderReranker
mem0-ts/src/oss/src/rerankers/cross_encoder.ts	39	const	options
mem0-ts/src/oss/src/rerankers/cross_encoder.ts	41	const	model
mem0-ts/src/oss/src/rerankers/cross_encoder.ts	45	const	tokenizer
mem0-ts/src/oss/src/rerankers/cross_encoder.ts	62	const	inputs
mem0-ts/src/oss/src/rerankers/cross_encoder.ts	73	const	rows
mem0-ts/src/oss/src/rerankers/cross_encoder.ts	75	const	scored
mem0-ts/src/oss/src/rerankers/cross_encoder.ts	76	const	logit
mem0-ts/src/oss/src/rerankers/cross_encoder.ts	84	const	finalTopK
mem0-ts/src/oss/src/rerankers/cross_encoder.ts	90	const	scored
mem0-ts/src/oss/src/rerankers/cross_encoder.ts	94	const	finalTopK
mem0-ts/src/oss/src/rerankers/llm.test.ts	5	const	EXPECTED_SYSTEM_PROMPT
mem0-ts/src/oss/src/rerankers/llm.test.ts	22	function	makeLLM
mem0-ts/src/oss/src/rerankers/llm.test.ts	27	const	prompt
mem0-ts/src/oss/src/rerankers/llm.test.ts	28	const	doc
mem0-ts/src/oss/src/rerankers/llm.test.ts	37	const	llm
mem0-ts/src/oss/src/rerankers/llm.test.ts	38	const	reranker
mem0-ts/src/oss/src/rerankers/llm.test.ts	40	const	results
mem0-ts/src/oss/src/rerankers/llm.test.ts	47	const	llm
mem0-ts/src/oss/src/rerankers/llm.test.ts	48	const	reranker
mem0-ts/src/oss/src/rerankers/llm.test.ts	50	const	results
mem0-ts/src/oss/src/rerankers/llm.test.ts	52	const	byIndex
mem0-ts/src/oss/src/rerankers/llm.test.ts	58	const	llm
mem0-ts/src/oss/src/rerankers/llm.test.ts	59	const	reranker
mem0-ts/src/oss/src/rerankers/llm.test.ts	61	const	results
mem0-ts/src/oss/src/rerankers/llm.test.ts	72	const	llm
mem0-ts/src/oss/src/rerankers/llm.test.ts	73	const	reranker
mem0-ts/src/oss/src/rerankers/llm.test.ts	75	const	results
mem0-ts/src/oss/src/rerankers/llm.test.ts	82	const	llm
mem0-ts/src/oss/src/rerankers/llm.test.ts	83	const	reranker
mem0-ts/src/oss/src/rerankers/llm.test.ts	85	const	results
mem0-ts/src/oss/src/rerankers/llm.test.ts	91	const	llm
mem0-ts/src/oss/src/rerankers/llm.test.ts	92	const	reranker
mem0-ts/src/oss/src/rerankers/llm.test.ts	94	const	results
mem0-ts/src/oss/src/rerankers/llm.test.ts	100	const	llm
mem0-ts/src/oss/src/rerankers/llm.test.ts	101	const	reranker
mem0-ts/src/oss/src/rerankers/llm.test.ts	103	const	results
mem0-ts/src/oss/src/rerankers/llm.test.ts	109	const	llm
mem0-ts/src/oss/src/rerankers/llm.test.ts	116	const	warnSpy
mem0-ts/src/oss/src/rerankers/llm.test.ts	117	const	reranker
mem0-ts/src/oss/src/rerankers/llm.test.ts	119	const	results
mem0-ts/src/oss/src/rerankers/llm.test.ts	122	const	byIndex
mem0-ts/src/oss/src/rerankers/llm.test.ts	131	const	generateResponse
mem0-ts/src/oss/src/rerankers/llm.test.ts	132	const	llm
mem0-ts/src/oss/src/rerankers/llm.test.ts	136	const	reranker
mem0-ts/src/oss/src/rerankers/llm.test.ts	153	const	generateResponse
mem0-ts/src/oss/src/rerankers/llm.test.ts	154	const	llm
mem0-ts/src/oss/src/rerankers/llm.test.ts	158	const	reranker
mem0-ts/src/oss/src/rerankers/llm.test.ts	159	const	longQuery
mem0-ts/src/oss/src/rerankers/llm.test.ts	160	const	longDoc
mem0-ts/src/oss/src/rerankers/llm.test.ts	164	const	userMessage
mem0-ts/src/oss/src/rerankers/llm.test.ts	165	const	sentQuery
mem0-ts/src/oss/src/rerankers/llm.test.ts	166	const	sentDoc
mem0-ts/src/oss/src/rerankers/llm.ts	5	const	SYSTEM_PROMPT
mem0-ts/src/oss/src/rerankers/llm.ts	16	const	MAX_INPUT_LEN
mem0-ts/src/oss/src/rerankers/llm.ts	18	class	LLMReranker
mem0-ts/src/oss/src/rerankers/llm.ts	39	const	scored
mem0-ts/src/oss/src/rerankers/llm.ts	42	const	rerankScore
mem0-ts/src/oss/src/rerankers/llm.ts	54	const	finalTopK
mem0-ts/src/oss/src/rerankers/llm.ts	59	const	safeQuery
mem0-ts/src/oss/src/rerankers/llm.ts	60	const	safeDoc
mem0-ts/src/oss/src/rerankers/llm.ts	61	const	userMessage
mem0-ts/src/oss/src/rerankers/llm.ts	63	const	response
mem0-ts/src/oss/src/rerankers/llm.ts	68	const	text
mem0-ts/src/oss/src/rerankers/llm.ts	77	const	matches
mem0-ts/src/oss/src/rerankers/llm.ts	81	const	score
mem0-ts/src/oss/src/rerankers/zeroentropy.test.ts	1	const	mockRerank
mem0-ts/src/oss/src/rerankers/zeroentropy.test.ts	19	const	originalEnv
mem0-ts/src/oss/src/rerankers/zeroentropy.test.ts	32	const	reranker
mem0-ts/src/oss/src/rerankers/zeroentropy.test.ts	50	const	reranker
mem0-ts/src/oss/src/rerankers/zeroentropy.test.ts	52	const	results
mem0-ts/src/oss/src/rerankers/zeroentropy.test.ts	68	const	reranker
mem0-ts/src/oss/src/rerankers/zeroentropy.test.ts	70	const	results
mem0-ts/src/oss/src/rerankers/zeroentropy.test.ts	84	const	reranker
mem0-ts/src/oss/src/rerankers/zeroentropy.test.ts	86	const	results
mem0-ts/src/oss/src/rerankers/zeroentropy.test.ts	96	const	reranker
mem0-ts/src/oss/src/rerankers/zeroentropy.test.ts	109	const	reranker
mem0-ts/src/oss/src/rerankers/zeroentropy.test.ts	111	const	results
mem0-ts/src/oss/src/rerankers/zeroentropy.test.ts	119	const	warnSpy
mem0-ts/src/oss/src/rerankers/zeroentropy.test.ts	120	const	reranker
mem0-ts/src/oss/src/rerankers/zeroentropy.test.ts	122	const	results
mem0-ts/src/oss/src/rerankers/zeroentropy.ts	4	const	DEFAULT_MODEL
mem0-ts/src/oss/src/rerankers/zeroentropy.ts	6	class	ZeroEntropyReranker
mem0-ts/src/oss/src/rerankers/zeroentropy.ts	14	const	apiKey
mem0-ts/src/oss/src/rerankers/zeroentropy.ts	59	const	client
mem0-ts/src/oss/src/rerankers/zeroentropy.ts	60	const	response
mem0-ts/src/oss/src/rerankers/zeroentropy.ts	66	const	scored
mem0-ts/src/oss/src/rerankers/zeroentropy.ts	72	const	finalTopK
mem0-ts/src/oss/src/rerankers/zeroentropy.ts	78	const	scored
mem0-ts/src/oss/src/rerankers/zeroentropy.ts	82	const	finalTopK
mem0-ts/src/oss/src/storage/DummyHistoryManager.ts	1	class	DummyHistoryManager
mem0-ts/src/oss/src/storage/MemoryHistoryManager.ts	3	interface	HistoryEntry
mem0-ts/src/oss/src/storage/MemoryHistoryManager.ts	14	class	MemoryHistoryManager
mem0-ts/src/oss/src/storage/MemoryHistoryManager.ts	26	const	historyEntry
mem0-ts/src/oss/src/storage/SQLiteManager.ts	6	class	SQLiteManager
mem0-ts/src/oss/src/storage/SQLiteManager.ts	80	const	insertMsg
mem0-ts/src/oss/src/storage/SQLiteManager.ts	84	const	evict
mem0-ts/src/oss/src/storage/SQLiteManager.ts	92	const	txn
mem0-ts/src/oss/src/storage/SQLiteManager.ts	93	const	now
mem0-ts/src/oss/src/storage/SQLiteManager.ts	116	const	rows
mem0-ts/src/oss/src/storage/SQLiteManager.ts	152	const	txn
mem0-ts/src/oss/src/storage/SupabaseHistoryManager.ts	5	interface	HistoryEntry
mem0-ts/src/oss/src/storage/SupabaseHistoryManager.ts	16	interface	SupabaseHistoryConfig
mem0-ts/src/oss/src/storage/SupabaseHistoryManager.ts	22	class	SupabaseHistoryManager
mem0-ts/src/oss/src/storage/SupabaseHistoryManager.ts	68	const	historyEntry
mem0-ts/src/oss/src/storage/base.ts	1	interface	HistoryManager
mem0-ts/src/oss/src/tests/aws_bedrock.test.ts	11	class	FakeBedrockClient
mem0-ts/src/oss/src/tests/aws_bedrock.test.ts	48	function	makeLLM
mem0-ts/src/oss/src/tests/aws_bedrock.test.ts	74	const	textResponse
mem0-ts/src/oss/src/tests/aws_bedrock.test.ts	79	const	client
mem0-ts/src/oss/src/tests/aws_bedrock.test.ts	80	const	llm
mem0-ts/src/oss/src/tests/aws_bedrock.test.ts	81	const	out
mem0-ts/src/oss/src/tests/aws_bedrock.test.ts	86	const	client
mem0-ts/src/oss/src/tests/aws_bedrock.test.ts	87	const	llm
mem0-ts/src/oss/src/tests/aws_bedrock.test.ts	99	const	client
mem0-ts/src/oss/src/tests/aws_bedrock.test.ts	100	const	llm
mem0-ts/src/oss/src/tests/aws_bedrock.test.ts	107	const	client
mem0-ts/src/oss/src/tests/aws_bedrock.test.ts	108	const	llm
mem0-ts/src/oss/src/tests/aws_bedrock.test.ts	117	const	toolResponse
mem0-ts/src/oss/src/tests/aws_bedrock.test.ts	124	const	client
mem0-ts/src/oss/src/tests/aws_bedrock.test.ts	125	const	llm
mem0-ts/src/oss/src/tests/aws_bedrock.test.ts	126	const	tools
mem0-ts/src/oss/src/tests/aws_bedrock.test.ts	136	const	out
mem0-ts/src/oss/src/tests/aws_bedrock.test.ts	152	const	client
mem0-ts/src/oss/src/tests/aws_bedrock.test.ts	153	const	llm
mem0-ts/src/oss/src/tests/aws_bedrock.test.ts	161	const	client
mem0-ts/src/oss/src/tests/aws_bedrock.test.ts	166	const	llm
mem0-ts/src/oss/src/tests/aws_bedrock.test.ts	173	const	client
mem0-ts/src/oss/src/tests/aws_bedrock.test.ts	174	const	llm
mem0-ts/src/oss/src/tests/aws_bedrock.test.ts	175	const	res
mem0-ts/src/oss/src/tests/aws_bedrock.test.ts	180	const	before
mem0-ts/src/oss/src/tests/aws_bedrock.test.ts	198	const	source
mem0-ts/src/oss/src/tests/aws_bedrock.test.ts	203	const	code
mem0-ts/src/oss/src/tests/better-sqlite3-migration.test.ts	45	const	history
mem0-ts/src/oss/src/tests/better-sqlite3-migration.test.ts	74	const	history
mem0-ts/src/oss/src/tests/better-sqlite3-migration.test.ts	103	const	history
mem0-ts/src/oss/src/tests/better-sqlite3-migration.test.ts	123	const	dbPath
mem0-ts/src/oss/src/tests/better-sqlite3-migration.test.ts	126	const	fmgr
mem0-ts/src/oss/src/tests/better-sqlite3-migration.test.ts	140	const	fmgr2
mem0-ts/src/oss/src/tests/better-sqlite3-migration.test.ts	141	const	history
mem0-ts/src/oss/src/tests/better-sqlite3-migration.test.ts	162	const	h
mem0-ts/src/oss/src/tests/better-sqlite3-migration.test.ts	174	const	DIM
mem0-ts/src/oss/src/tests/better-sqlite3-migration.test.ts	178	function	normalize
mem0-ts/src/oss/src/tests/better-sqlite3-migration.test.ts	179	const	norm
mem0-ts/src/oss/src/tests/better-sqlite3-migration.test.ts	193	const	v
mem0-ts/src/oss/src/tests/better-sqlite3-migration.test.ts	196	const	result
mem0-ts/src/oss/src/tests/better-sqlite3-migration.test.ts	204	const	result
mem0-ts/src/oss/src/tests/better-sqlite3-migration.test.ts	209	const	v1
mem0-ts/src/oss/src/tests/better-sqlite3-migration.test.ts	210	const	v2
mem0-ts/src/oss/src/tests/better-sqlite3-migration.test.ts	211	const	v3
mem0-ts/src/oss/src/tests/better-sqlite3-migration.test.ts	219	const	results
mem0-ts/src/oss/src/tests/better-sqlite3-migration.test.ts	229	const	vectors
mem0-ts/src/oss/src/tests/better-sqlite3-migration.test.ts	230	const	ids
mem0-ts/src/oss/src/tests/better-sqlite3-migration.test.ts	231	const	payloads
mem0-ts/src/oss/src/tests/better-sqlite3-migration.test.ts	233	const	v
mem0-ts/src/oss/src/tests/better-sqlite3-migration.test.ts	241	const	results
mem0-ts/src/oss/src/tests/better-sqlite3-migration.test.ts	246	const	v
mem0-ts/src/oss/src/tests/better-sqlite3-migration.test.ts	256	const	results
mem0-ts/src/oss/src/tests/better-sqlite3-migration.test.ts	274	const	v1
mem0-ts/src/oss/src/tests/better-sqlite3-migration.test.ts	275	const	v2
mem0-ts/src/oss/src/tests/better-sqlite3-migration.test.ts	280	const	result
mem0-ts/src/oss/src/tests/better-sqlite3-migration.test.ts	283	const	results
mem0-ts/src/oss/src/tests/better-sqlite3-migration.test.ts	289	const	v
mem0-ts/src/oss/src/tests/better-sqlite3-migration.test.ts	297	const	v
mem0-ts/src/oss/src/tests/better-sqlite3-migration.test.ts	308	const	v
mem0-ts/src/oss/src/tests/better-sqlite3-migration.test.ts	329	const	v
mem0-ts/src/oss/src/tests/better-sqlite3-migration.test.ts	341	const	id1
mem0-ts/src/oss/src/tests/better-sqlite3-migration.test.ts	345	const	id2
mem0-ts/src/oss/src/tests/better-sqlite3-migration.test.ts	351	const	id
mem0-ts/src/oss/src/tests/better-sqlite3-migration.test.ts	356	const	v1
mem0-ts/src/oss/src/tests/better-sqlite3-migration.test.ts	357	const	v2
mem0-ts/src/oss/src/tests/better-sqlite3-migration.test.ts	361	const	result
mem0-ts/src/oss/src/tests/better-sqlite3-migration.test.ts	369	const	v
mem0-ts/src/oss/src/tests/better-sqlite3-migration.test.ts	372	const	store2
mem0-ts/src/oss/src/tests/better-sqlite3-migration.test.ts	373	const	result
mem0-ts/src/oss/src/tests/chroma.test.ts	6	const	add
mem0-ts/src/oss/src/tests/chroma.test.ts	7	const	query
mem0-ts/src/oss/src/tests/chroma.test.ts	10	const	get
mem0-ts/src/oss/src/tests/chroma.test.ts	11	const	update
mem0-ts/src/oss/src/tests/chroma.test.ts	12	const	upsert
mem0-ts/src/oss/src/tests/chroma.test.ts	13	const	deleteFn
mem0-ts/src/oss/src/tests/chroma.test.ts	15	const	collectionHandle
mem0-ts/src/oss/src/tests/chroma.test.ts	16	const	getOrCreateCollection
mem0-ts/src/oss/src/tests/chroma.test.ts	17	const	deleteCollection
mem0-ts/src/oss/src/tests/chroma.test.ts	19	const	clientImpl
mem0-ts/src/oss/src/tests/chroma.test.ts	20	const	ChromaClient
mem0-ts/src/oss/src/tests/chroma.test.ts	21	const	CloudClient
mem0-ts/src/oss/src/tests/chroma.test.ts	23	const	__mocks__
mem0-ts/src/oss/src/tests/chroma.test.ts	46	function	makeDb
mem0-ts/src/oss/src/tests/chroma.test.ts	55	function	initDb
mem0-ts/src/oss/src/tests/chroma.test.ts	56	const	db
mem0-ts/src/oss/src/tests/chroma.test.ts	77	const	collectionHandle
mem0-ts/src/oss/src/tests/chroma.test.ts	101	const	db
mem0-ts/src/oss/src/tests/chroma.test.ts	134	const	db
mem0-ts/src/oss/src/tests/chroma.test.ts	149	const	db
mem0-ts/src/oss/src/tests/chroma.test.ts	162	const	fakeClient
mem0-ts/src/oss/src/tests/chroma.test.ts	166	const	db
mem0-ts/src/oss/src/tests/chroma.test.ts	197	const	db
mem0-ts/src/oss/src/tests/chroma.test.ts	209	const	db
mem0-ts/src/oss/src/tests/chroma.test.ts	224	const	db
mem0-ts/src/oss/src/tests/chroma.test.ts	225	const	results
mem0-ts/src/oss/src/tests/chroma.test.ts	238	const	db
mem0-ts/src/oss/src/tests/chroma.test.ts	239	const	results
mem0-ts/src/oss/src/tests/chroma.test.ts	244	const	db
mem0-ts/src/oss/src/tests/chroma.test.ts	258	const	db
mem0-ts/src/oss/src/tests/chroma.test.ts	259	const	result
mem0-ts/src/oss/src/tests/chroma.test.ts	266	const	db
mem0-ts/src/oss/src/tests/chroma.test.ts	267	const	result
mem0-ts/src/oss/src/tests/chroma.test.ts	274	const	db
mem0-ts/src/oss/src/tests/chroma.test.ts	286	const	db
mem0-ts/src/oss/src/tests/chroma.test.ts	294	const	db
mem0-ts/src/oss/src/tests/chroma.test.ts	315	const	db
mem0-ts/src/oss/src/tests/chroma.test.ts	332	const	db
mem0-ts/src/oss/src/tests/chroma.test.ts	333	const	uid
mem0-ts/src/oss/src/tests/chroma.test.ts	340	const	db
mem0-ts/src/oss/src/tests/chroma.test.ts	341	const	uid
mem0-ts/src/oss/src/tests/chroma.test.ts	359	const	db
mem0-ts/src/oss/src/tests/chroma.test.ts	371	const	db
mem0-ts/src/oss/src/tests/chroma.test.ts	372	const	result
mem0-ts/src/oss/src/tests/milvus.test.ts	8	class	FakeMilvusClient
mem0-ts/src/oss/src/tests/milvus.test.ts	52	const	vectorField
mem0-ts/src/oss/src/tests/milvus.test.ts	68	const	fields
mem0-ts/src/oss/src/tests/milvus.test.ts	77	const	dim
mem0-ts/src/oss/src/tests/milvus.test.ts	101	const	col
mem0-ts/src/oss/src/tests/milvus.test.ts	109	const	col
mem0-ts/src/oss/src/tests/milvus.test.ts	116	const	col
mem0-ts/src/oss/src/tests/milvus.test.ts	122	const	col
mem0-ts/src/oss/src/tests/milvus.test.ts	123	const	data
mem0-ts/src/oss/src/tests/milvus.test.ts	129	const	col
mem0-ts/src/oss/src/tests/milvus.test.ts	151	function	makeStore
mem0-ts/src/oss/src/tests/milvus.test.ts	161	const	client
mem0-ts/src/oss/src/tests/milvus.test.ts	162	const	store
mem0-ts/src/oss/src/tests/milvus.test.ts	165	const	created
mem0-ts/src/oss/src/tests/milvus.test.ts	168	const	vectorField
mem0-ts/src/oss/src/tests/milvus.test.ts	177	const	client
mem0-ts/src/oss/src/tests/milvus.test.ts	178	const	store
mem0-ts/src/oss/src/tests/milvus.test.ts	186	const	client
mem0-ts/src/oss/src/tests/milvus.test.ts	187	const	store
mem0-ts/src/oss/src/tests/milvus.test.ts	202	const	insertCall
mem0-ts/src/oss/src/tests/milvus.test.ts	212	const	client
mem0-ts/src/oss/src/tests/milvus.test.ts	213	const	store
mem0-ts/src/oss/src/tests/milvus.test.ts	217	const	got
mem0-ts/src/oss/src/tests/milvus.test.ts	222	const	missing
mem0-ts/src/oss/src/tests/milvus.test.ts	227	const	client
mem0-ts/src/oss/src/tests/milvus.test.ts	228	const	store
mem0-ts/src/oss/src/tests/milvus.test.ts	234	const	upsertCall
mem0-ts/src/oss/src/tests/milvus.test.ts	240	const	got
mem0-ts/src/oss/src/tests/milvus.test.ts	245	const	client
mem0-ts/src/oss/src/tests/milvus.test.ts	250	const	store
mem0-ts/src/oss/src/tests/milvus.test.ts	253	const	res
mem0-ts/src/oss/src/tests/milvus.test.ts	258	const	searchCall
mem0-ts/src/oss/src/tests/milvus.test.ts	271	const	client
mem0-ts/src/oss/src/tests/milvus.test.ts	275	const	store
mem0-ts/src/oss/src/tests/milvus.test.ts	278	const	res
mem0-ts/src/oss/src/tests/milvus.test.ts	284	const	client
mem0-ts/src/oss/src/tests/milvus.test.ts	285	const	store
mem0-ts/src/oss/src/tests/milvus.test.ts	288	const	queryCall
mem0-ts/src/oss/src/tests/milvus.test.ts	293	const	client
mem0-ts/src/oss/src/tests/milvus.test.ts	294	const	store
mem0-ts/src/oss/src/tests/milvus.test.ts	299	const	queryCall
mem0-ts/src/oss/src/tests/milvus.test.ts	304	const	client
mem0-ts/src/oss/src/tests/milvus.test.ts	305	const	store
mem0-ts/src/oss/src/tests/milvus.test.ts	313	const	client
mem0-ts/src/oss/src/tests/milvus.test.ts	314	const	store
mem0-ts/src/oss/src/tests/milvus.test.ts	331	const	client
mem0-ts/src/oss/src/tests/milvus.test.ts	332	const	store
mem0-ts/src/oss/src/tests/milvus.test.ts	336	const	got
mem0-ts/src/oss/src/tests/milvus.test.ts	341	const	client
mem0-ts/src/oss/src/tests/milvus.test.ts	342	const	store
mem0-ts/src/oss/src/tests/milvus.test.ts	345	const	created
mem0-ts/src/oss/src/tests/milvus.test.ts	349	const	readBack
mem0-ts/src/oss/src/tests/milvus.test.ts	354	const	client
mem0-ts/src/oss/src/tests/milvus.test.ts	355	const	store
mem0-ts/src/oss/src/tests/milvus.test.ts	362	const	all
mem0-ts/src/oss/src/tests/milvus.test.ts	376	const	client
mem0-ts/src/oss/src/tests/milvus.test.ts	377	const	store
mem0-ts/src/oss/src/tests/milvus.test.ts	381	const	migCreate
mem0-ts/src/oss/src/tests/milvus.test.ts	387	const	vectorField
mem0-ts/src/oss/src/tests/milvus.test.ts	394	const	client
mem0-ts/src/oss/src/tests/milvus.test.ts	395	const	store
mem0-ts/src/oss/src/tests/milvus.test.ts	401	const	client
mem0-ts/src/oss/src/tests/milvus.test.ts	402	const	store
mem0-ts/src/oss/src/tests/milvus.test.ts	405	const	created
mem0-ts/src/oss/src/tests/milvus.test.ts	406	const	fieldNames
mem0-ts/src/oss/src/tests/milvus.test.ts	411	const	textField
mem0-ts/src/oss/src/tests/milvus.test.ts	417	const	sparseIdx
mem0-ts/src/oss/src/tests/milvus.test.ts	425	const	client
mem0-ts/src/oss/src/tests/milvus.test.ts	426	const	store
mem0-ts/src/oss/src/tests/milvus.test.ts	438	const	insertCalls
mem0-ts/src/oss/src/tests/milvus.test.ts	444	const	client
mem0-ts/src/oss/src/tests/milvus.test.ts	445	const	store
mem0-ts/src/oss/src/tests/milvus.test.ts	451	const	upsertCall
mem0-ts/src/oss/src/tests/milvus.test.ts	457	const	client
mem0-ts/src/oss/src/tests/milvus.test.ts	461	const	store
mem0-ts/src/oss/src/tests/milvus.test.ts	465	const	searchCall
mem0-ts/src/oss/src/tests/milvus.test.ts	470	const	client
mem0-ts/src/oss/src/tests/milvus.test.ts	472	const	store
mem0-ts/src/oss/src/tests/milvus.test.ts	476	const	searchCall
mem0-ts/src/oss/src/tests/milvus.test.ts	481	const	client
mem0-ts/src/oss/src/tests/milvus.test.ts	486	const	store
mem0-ts/src/oss/src/tests/milvus.test.ts	489	const	res
mem0-ts/src/oss/src/tests/milvus.test.ts	491	const	searchCall
mem0-ts/src/oss/src/tests/milvus.test.ts	505	const	client
mem0-ts/src/oss/src/tests/milvus.test.ts	507	const	store
mem0-ts/src/oss/src/tests/milvus.test.ts	514	const	insertCall
mem0-ts/src/oss/src/tests/mongodb.test.ts	1	const	mockInsertOne
mem0-ts/src/oss/src/tests/mongodb.test.ts	2	const	mockDeleteOne
mem0-ts/src/oss/src/tests/mongodb.test.ts	3	const	mockInsertMany
mem0-ts/src/oss/src/tests/mongodb.test.ts	4	const	mockFindOne
mem0-ts/src/oss/src/tests/mongodb.test.ts	5	const	mockUpdateOne
mem0-ts/src/oss/src/tests/mongodb.test.ts	6	const	mockListSearchIndexes
mem0-ts/src/oss/src/tests/mongodb.test.ts	7	const	mockCreateSearchIndex
mem0-ts/src/oss/src/tests/mongodb.test.ts	8	const	mockDrop
mem0-ts/src/oss/src/tests/mongodb.test.ts	9	const	mockToArray
mem0-ts/src/oss/src/tests/mongodb.test.ts	10	const	mockLimit
mem0-ts/src/oss/src/tests/mongodb.test.ts	11	const	mockFind
mem0-ts/src/oss/src/tests/mongodb.test.ts	15	const	mockAggregate
mem0-ts/src/oss/src/tests/mongodb.test.ts	18	const	mockListCollections
mem0-ts/src/oss/src/tests/mongodb.test.ts	19	const	mockClose
mem0-ts/src/oss/src/tests/mongodb.test.ts	21	const	mockCollection
mem0-ts/src/oss/src/tests/mongodb.test.ts	34	const	mockDb
mem0-ts/src/oss/src/tests/mongodb.test.ts	39	const	mockMongoClient
mem0-ts/src/oss/src/tests/mongodb.test.ts	120	const	results
mem0-ts/src/oss/src/tests/mongodb.test.ts	188	const	results
mem0-ts/src/oss/src/tests/mongodb.test.ts	216	const	result
mem0-ts/src/oss/src/tests/mongodb.test.ts	224	const	result
mem0-ts/src/oss/src/tests/mongodb.test.ts	277	const	userId1
mem0-ts/src/oss/src/tests/mongodb.test.ts	282	const	userId2
mem0-ts/src/oss/src/tests/pinecone.test.ts	11	const	upsert
mem0-ts/src/oss/src/tests/pinecone.test.ts	12	const	query
mem0-ts/src/oss/src/tests/pinecone.test.ts	13	const	fetch
mem0-ts/src/oss/src/tests/pinecone.test.ts	14	const	deleteOne
mem0-ts/src/oss/src/tests/pinecone.test.ts	16	const	nsHandle
mem0-ts/src/oss/src/tests/pinecone.test.ts	17	const	namespace
mem0-ts/src/oss/src/tests/pinecone.test.ts	19	const	describeIndexStats
mem0-ts/src/oss/src/tests/pinecone.test.ts	23	const	indexHandle
mem0-ts/src/oss/src/tests/pinecone.test.ts	32	const	index
mem0-ts/src/oss/src/tests/pinecone.test.ts	34	const	listIndexes
mem0-ts/src/oss/src/tests/pinecone.test.ts	35	const	createIndex
mem0-ts/src/oss/src/tests/pinecone.test.ts	36	const	deleteIndex
mem0-ts/src/oss/src/tests/pinecone.test.ts	38	const	Pinecone
mem0-ts/src/oss/src/tests/pinecone.test.ts	45	const	__mocks__
mem0-ts/src/oss/src/tests/pinecone.test.ts	68	function	makeDb
mem0-ts/src/oss/src/tests/pinecone.test.ts	77	function	initDb
mem0-ts/src/oss/src/tests/pinecone.test.ts	80	const	db
mem0-ts/src/oss/src/tests/pinecone.test.ts	102	const	nsHandle
mem0-ts/src/oss/src/tests/pinecone.test.ts	129	const	db
mem0-ts/src/oss/src/tests/pinecone.test.ts	148	const	db
mem0-ts/src/oss/src/tests/pinecone.test.ts	171	const	fakeClient
mem0-ts/src/oss/src/tests/pinecone.test.ts	177	const	db
mem0-ts/src/oss/src/tests/pinecone.test.ts	232	const	db
mem0-ts/src/oss/src/tests/pinecone.test.ts	240	const	db
mem0-ts/src/oss/src/tests/pinecone.test.ts	250	const	db
mem0-ts/src/oss/src/tests/pinecone.test.ts	251	const	vectors
mem0-ts/src/oss/src/tests/pinecone.test.ts	252	const	ids
mem0-ts/src/oss/src/tests/pinecone.test.ts	253	const	payloads
mem0-ts/src/oss/src/tests/pinecone.test.ts	263	const	db
mem0-ts/src/oss/src/tests/pinecone.test.ts	276	const	db
mem0-ts/src/oss/src/tests/pinecone.test.ts	286	const	db
mem0-ts/src/oss/src/tests/pinecone.test.ts	296	const	db
mem0-ts/src/oss/src/tests/pinecone.test.ts	304	const	db
mem0-ts/src/oss/src/tests/pinecone.test.ts	306	const	call
mem0-ts/src/oss/src/tests/pinecone.test.ts	311	const	db
mem0-ts/src/oss/src/tests/pinecone.test.ts	325	const	db
mem0-ts/src/oss/src/tests/pinecone.test.ts	327	const	call
mem0-ts/src/oss/src/tests/pinecone.test.ts	332	const	warnSpy
mem0-ts/src/oss/src/tests/pinecone.test.ts	333	const	db
mem0-ts/src/oss/src/tests/pinecone.test.ts	340	const	warnSpy
mem0-ts/src/oss/src/tests/pinecone.test.ts	341	const	db
mem0-ts/src/oss/src/tests/pinecone.test.ts	348	const	db
mem0-ts/src/oss/src/tests/pinecone.test.ts	361	const	db
mem0-ts/src/oss/src/tests/pinecone.test.ts	362	const	results
mem0-ts/src/oss/src/tests/pinecone.test.ts	371	const	db
mem0-ts/src/oss/src/tests/pinecone.test.ts	372	const	results
mem0-ts/src/oss/src/tests/pinecone.test.ts	384	const	db
mem0-ts/src/oss/src/tests/pinecone.test.ts	385	const	result
mem0-ts/src/oss/src/tests/pinecone.test.ts	391	const	db
mem0-ts/src/oss/src/tests/pinecone.test.ts	392	const	result
mem0-ts/src/oss/src/tests/pinecone.test.ts	399	const	db
mem0-ts/src/oss/src/tests/pinecone.test.ts	411	const	db
mem0-ts/src/oss/src/tests/pinecone.test.ts	419	const	db
mem0-ts/src/oss/src/tests/pinecone.test.ts	431	const	db
mem0-ts/src/oss/src/tests/pinecone.test.ts	445	const	db
mem0-ts/src/oss/src/tests/pinecone.test.ts	453	const	db
mem0-ts/src/oss/src/tests/pinecone.test.ts	469	const	db
mem0-ts/src/oss/src/tests/pinecone.test.ts	470	const	uid
mem0-ts/src/oss/src/tests/pinecone.test.ts	477	const	db
mem0-ts/src/oss/src/tests/pinecone.test.ts	478	const	uid
mem0-ts/src/oss/src/tests/pinecone.test.ts	497	const	db
mem0-ts/src/oss/src/tests/pinecone.test.ts	514	const	db
mem0-ts/src/oss/src/tests/pinecone.test.ts	515	const	result
mem0-ts/src/oss/src/tests/sqlite-backward-compat.test.ts	18	function	normalize
mem0-ts/src/oss/src/tests/sqlite-backward-compat.test.ts	19	const	norm
mem0-ts/src/oss/src/tests/sqlite-backward-compat.test.ts	29	const	cfg
mem0-ts/src/oss/src/tests/sqlite-backward-compat.test.ts	45	const	cfg
mem0-ts/src/oss/src/tests/sqlite-backward-compat.test.ts	56	const	cfg
mem0-ts/src/oss/src/tests/sqlite-backward-compat.test.ts	61	const	cfg
mem0-ts/src/oss/src/tests/sqlite-backward-compat.test.ts	80	const	cfg
mem0-ts/src/oss/src/tests/sqlite-backward-compat.test.ts	107	const	cfg
mem0-ts/src/oss/src/tests/sqlite-backward-compat.test.ts	114	const	cfg
mem0-ts/src/oss/src/tests/sqlite-backward-compat.test.ts	125	const	tempDir
mem0-ts/src/oss/src/tests/sqlite-backward-compat.test.ts	126	const	originalCwd
mem0-ts/src/oss/src/tests/sqlite-backward-compat.test.ts	130	const	manager
mem0-ts/src/oss/src/tests/sqlite-backward-compat.test.ts	132	const	history
mem0-ts/src/oss/src/tests/sqlite-backward-compat.test.ts	144	const	tempDir
mem0-ts/src/oss/src/tests/sqlite-backward-compat.test.ts	145	const	dbPath
mem0-ts/src/oss/src/tests/sqlite-backward-compat.test.ts	148	const	manager
mem0-ts/src/oss/src/tests/sqlite-backward-compat.test.ts	158	const	manager
mem0-ts/src/oss/src/tests/sqlite-backward-compat.test.ts	160	const	history
mem0-ts/src/oss/src/tests/sqlite-backward-compat.test.ts	166	const	manager
mem0-ts/src/oss/src/tests/sqlite-backward-compat.test.ts	169	const	history
mem0-ts/src/oss/src/tests/sqlite-backward-compat.test.ts	172	const	history2
mem0-ts/src/oss/src/tests/sqlite-backward-compat.test.ts	183	const	originalCwd
mem0-ts/src/oss/src/tests/sqlite-backward-compat.test.ts	191	const	tempDir
mem0-ts/src/oss/src/tests/sqlite-backward-compat.test.ts	192	const	dbPath
mem0-ts/src/oss/src/tests/sqlite-backward-compat.test.ts	195	const	store
mem0-ts/src/oss/src/tests/sqlite-backward-compat.test.ts	200	const	result
mem0-ts/src/oss/src/tests/sqlite-backward-compat.test.ts	209	const	tempDir
mem0-ts/src/oss/src/tests/sqlite-backward-compat.test.ts	210	const	dbPath
mem0-ts/src/oss/src/tests/sqlite-backward-compat.test.ts	213	const	store
mem0-ts/src/oss/src/tests/sqlite-backward-compat.test.ts	214	const	v1
mem0-ts/src/oss/src/tests/sqlite-backward-compat.test.ts	215	const	v2
mem0-ts/src/oss/src/tests/sqlite-backward-compat.test.ts	221	const	a
mem0-ts/src/oss/src/tests/sqlite-backward-compat.test.ts	225	const	results
mem0-ts/src/oss/src/tests/sqlite-backward-compat.test.ts	231	const	updated
mem0-ts/src/oss/src/tests/sqlite-backward-compat.test.ts	241	const	deleted
mem0-ts/src/oss/src/tests/sqlite-backward-compat.test.ts	254	const	tempDir
mem0-ts/src/oss/src/tests/sqlite-backward-compat.test.ts	255	const	dbPath
mem0-ts/src/oss/src/tests/sqlite-backward-compat.test.ts	258	const	store
mem0-ts/src/oss/src/tests/sqlite-backward-compat.test.ts	268	const	tempDir
mem0-ts/src/oss/src/tests/sqlite-backward-compat.test.ts	269	const	dbPath
mem0-ts/src/oss/src/tests/sqlite-backward-compat.test.ts	272	const	store
mem0-ts/src/oss/src/tests/sqlite-backward-compat.test.ts	282	const	fakeHome
mem0-ts/src/oss/src/tests/sqlite-backward-compat.test.ts	285	const	store
mem0-ts/src/oss/src/tests/sqlite-backward-compat.test.ts	287	const	vec
mem0-ts/src/oss/src/tests/sqlite-backward-compat.test.ts	296	const	tempDir
mem0-ts/src/oss/src/tests/sqlite-backward-compat.test.ts	297	const	dbPath
mem0-ts/src/oss/src/tests/sqlite-backward-compat.test.ts	300	const	store
mem0-ts/src/oss/src/tests/sqlite-backward-compat.test.ts	310	const	results
mem0-ts/src/oss/src/tests/sqlite-backward-compat.test.ts	327	const	cfg
mem0-ts/src/oss/src/tests/sqlite-backward-compat.test.ts	339	const	fakeClient
mem0-ts/src/oss/src/tests/sqlite-backward-compat.test.ts	340	const	cfg
mem0-ts/src/oss/src/tests/sqlite-backward-compat.test.ts	357	const	tempDir
mem0-ts/src/oss/src/tests/sqlite-backward-compat.test.ts	369	const	tempDir
mem0-ts/src/oss/src/tests/sqlite-path-resolution.test.ts	12	function	normalize
mem0-ts/src/oss/src/tests/sqlite-path-resolution.test.ts	13	const	norm
mem0-ts/src/oss/src/tests/sqlite-path-resolution.test.ts	23	const	cfg
mem0-ts/src/oss/src/tests/sqlite-path-resolution.test.ts	34	const	cfg
mem0-ts/src/oss/src/tests/sqlite-path-resolution.test.ts	45	const	cfg
mem0-ts/src/oss/src/tests/sqlite-path-resolution.test.ts	51	const	cfg
mem0-ts/src/oss/src/tests/sqlite-path-resolution.test.ts	61	const	cfg
mem0-ts/src/oss/src/tests/sqlite-path-resolution.test.ts	76	const	cfg
mem0-ts/src/oss/src/tests/sqlite-path-resolution.test.ts	91	const	tempDir
mem0-ts/src/oss/src/tests/sqlite-path-resolution.test.ts	92	const	dbPath
mem0-ts/src/oss/src/tests/sqlite-path-resolution.test.ts	98	const	history
mem0-ts/src/oss/src/tests/sqlite-path-resolution.test.ts	110	const	tempDir
mem0-ts/src/oss/src/tests/sqlite-path-resolution.test.ts	113	const	historyDbPath
mem0-ts/src/oss/src/tests/sqlite-path-resolution.test.ts	117	const	mergedConfig
mem0-ts/src/oss/src/tests/sqlite-path-resolution.test.ts	132	const	manager
mem0-ts/src/oss/src/tests/sqlite-path-resolution.test.ts	143	const	originalCwd
mem0-ts/src/oss/src/tests/sqlite-path-resolution.test.ts	151	const	fakeHome
mem0-ts/src/oss/src/tests/sqlite-path-resolution.test.ts	164	const	tempDir
mem0-ts/src/oss/src/tests/sqlite-path-resolution.test.ts	165	const	dbPath
mem0-ts/src/oss/src/tests/sqlite-path-resolution.test.ts	168	const	store
mem0-ts/src/oss/src/tests/sqlite-path-resolution.test.ts	176	const	results
mem0-ts/src/oss/src/tests/sqlite-path-resolution.test.ts	185	const	fakeHome
mem0-ts/src/oss/src/tests/sqlite-path-resolution.test.ts	186	const	readOnlyCwd
mem0-ts/src/oss/src/tests/sqlite-path-resolution.test.ts	193	const	store
mem0-ts/src/oss/src/tests/sqlite-path-resolution.test.ts	214	const	fakeHome
mem0-ts/src/oss/src/tests/sqlite-path-resolution.test.ts	215	const	tempCwd
mem0-ts/src/oss/src/tests/sqlite-path-resolution.test.ts	220	const	warnSpy
mem0-ts/src/oss/src/tests/sqlite-path-resolution.test.ts	235	const	tempDir
mem0-ts/src/oss/src/tests/sqlite-path-resolution.test.ts	236	const	tempCwd
mem0-ts/src/oss/src/tests/sqlite-path-resolution.test.ts	240	const	warnSpy
mem0-ts/src/oss/src/tests/sqlite-path-resolution.test.ts	262	const	tempDir
mem0-ts/src/oss/src/tests/sqlite-path-resolution.test.ts	263	const	target
mem0-ts/src/oss/src/tests/sqlite-path-resolution.test.ts	287	const	result
mem0-ts/src/oss/src/tests/vector_stores/turbopuffer.test.ts	4	const	mockWrite
mem0-ts/src/oss/src/tests/vector_stores/turbopuffer.test.ts	5	const	mockQuery
mem0-ts/src/oss/src/tests/vector_stores/turbopuffer.test.ts	6	const	mockDeleteAll
mem0-ts/src/oss/src/tests/vector_stores/turbopuffer.test.ts	8	const	mockMigrationsNs
mem0-ts/src/oss/src/tests/vector_stores/turbopuffer.test.ts	14	const	mockNs
mem0-ts/src/oss/src/tests/vector_stores/turbopuffer.test.ts	20	const	mockNamespace
mem0-ts/src/oss/src/tests/vector_stores/turbopuffer.test.ts	32	function	makeStore
mem0-ts/src/oss/src/tests/vector_stores/turbopuffer.test.ts	53	const	orig
mem0-ts/src/oss/src/tests/vector_stores/turbopuffer.test.ts	80	const	store
mem0-ts/src/oss/src/tests/vector_stores/turbopuffer.test.ts	88	const	store
mem0-ts/src/oss/src/tests/vector_stores/turbopuffer.test.ts	95	const	store
mem0-ts/src/oss/src/tests/vector_stores/turbopuffer.test.ts	105	const	store
mem0-ts/src/oss/src/tests/vector_stores/turbopuffer.test.ts	126	const	store
mem0-ts/src/oss/src/tests/vector_stores/turbopuffer.test.ts	132	const	call
mem0-ts/src/oss/src/tests/vector_stores/turbopuffer.test.ts	140	const	store
mem0-ts/src/oss/src/tests/vector_stores/turbopuffer.test.ts	151	const	store
mem0-ts/src/oss/src/tests/vector_stores/turbopuffer.test.ts	160	const	store
mem0-ts/src/oss/src/tests/vector_stores/turbopuffer.test.ts	161	const	results
mem0-ts/src/oss/src/tests/vector_stores/turbopuffer.test.ts	172	const	store
mem0-ts/src/oss/src/tests/vector_stores/turbopuffer.test.ts	174	const	call
mem0-ts/src/oss/src/tests/vector_stores/turbopuffer.test.ts	180	const	store
mem0-ts/src/oss/src/tests/vector_stores/turbopuffer.test.ts	182	const	call
mem0-ts/src/oss/src/tests/vector_stores/turbopuffer.test.ts	190	const	store
mem0-ts/src/oss/src/tests/vector_stores/turbopuffer.test.ts	192	const	call
mem0-ts/src/oss/src/tests/vector_stores/turbopuffer.test.ts	198	const	store
mem0-ts/src/oss/src/tests/vector_stores/turbopuffer.test.ts	199	const	results
mem0-ts/src/oss/src/tests/vector_stores/turbopuffer.test.ts	209	const	store
mem0-ts/src/oss/src/tests/vector_stores/turbopuffer.test.ts	210	const	result
mem0-ts/src/oss/src/tests/vector_stores/turbopuffer.test.ts	214	const	call
mem0-ts/src/oss/src/tests/vector_stores/turbopuffer.test.ts	221	const	store
mem0-ts/src/oss/src/tests/vector_stores/turbopuffer.test.ts	227	const	store
mem0-ts/src/oss/src/tests/vector_stores/turbopuffer.test.ts	234	const	store
mem0-ts/src/oss/src/tests/vector_stores/turbopuffer.test.ts	243	const	store
mem0-ts/src/oss/src/tests/vector_stores/turbopuffer.test.ts	251	const	store
mem0-ts/src/oss/src/tests/vector_stores/turbopuffer.test.ts	261	const	store
mem0-ts/src/oss/src/tests/vector_stores/turbopuffer.test.ts	269	const	store
mem0-ts/src/oss/src/tests/vector_stores/turbopuffer.test.ts	283	const	store
mem0-ts/src/oss/src/tests/vector_stores/turbopuffer.test.ts	288	const	call
mem0-ts/src/oss/src/tests/vector_stores/turbopuffer.test.ts	295	const	store
mem0-ts/src/oss/src/tests/vector_stores/turbopuffer.test.ts	297	const	call
mem0-ts/src/oss/src/tests/vector_stores/turbopuffer.test.ts	303	const	store
mem0-ts/src/oss/src/tests/vector_stores/turbopuffer.test.ts	304	const	result
mem0-ts/src/oss/src/tests/vector_stores/turbopuffer.test.ts	312	const	store
mem0-ts/src/oss/src/tests/vector_stores/turbopuffer.test.ts	313	const	id
mem0-ts/src/oss/src/tests/vector_stores/turbopuffer.test.ts	327	const	store
mem0-ts/src/oss/src/tests/vector_stores/turbopuffer.test.ts	328	const	id
mem0-ts/src/oss/src/tests/vector_stores/turbopuffer.test.ts	339	const	store
mem0-ts/src/oss/src/tests/vector_stores/turbopuffer.test.ts	340	const	id
mem0-ts/src/oss/src/tests/vector_stores/turbopuffer.test.ts	354	const	store
mem0-ts/src/oss/src/tests/vector_stores/turbopuffer.test.ts	361	const	store
mem0-ts/src/oss/src/tests/vector_stores/turbopuffer.test.ts	371	const	store
mem0-ts/src/oss/src/tests/vector_stores/turbopuffer.test.ts	379	const	store
mem0-ts/src/oss/src/tests/vector_stores/turbopuffer.test.ts	381	const	call
mem0-ts/src/oss/src/tests/vector_stores/turbopuffer.test.ts	387	const	store
mem0-ts/src/oss/src/tests/vector_stores/turbopuffer.test.ts	389	const	call
mem0-ts/src/oss/src/tests/vector_stores/turbopuffer.test.ts	396	const	store
mem0-ts/src/oss/src/tests/vector_stores/turbopuffer.test.ts	398	const	call
mem0-ts/src/oss/src/tests/vector_stores/turbopuffer.test.ts	407	const	store
mem0-ts/src/oss/src/tests/vector_stores/turbopuffer.test.ts	409	const	call
mem0-ts/src/oss/src/tests/vllm.test.ts	5	const	createMock
mem0-ts/src/oss/src/tests/vllm.test.ts	17	const	MockOpenAI
mem0-ts/src/oss/src/tests/vllm.test.ts	37	const	llm
mem0-ts/src/oss/src/tests/vllm.test.ts	73	const	llm
mem0-ts/src/oss/src/tests/vllm.test.ts	102	const	llm
mem0-ts/src/oss/src/types/index.ts	3	interface	MultiModalMessages
mem0-ts/src/oss/src/types/index.ts	10	interface	Message
mem0-ts/src/oss/src/types/index.ts	15	interface	EmbeddingConfig
mem0-ts/src/oss/src/types/index.ts	31	interface	VertexAIConfig
mem0-ts/src/oss/src/types/index.ts	42	interface	VectorStoreConfig
mem0-ts/src/oss/src/types/index.ts	51	interface	HistoryStoreConfig
mem0-ts/src/oss/src/types/index.ts	61	interface	LLMConfig
mem0-ts/src/oss/src/types/index.ts	85	interface	RerankerConfig
mem0-ts/src/oss/src/types/index.ts	132	interface	MemoryConfig
mem0-ts/src/oss/src/types/index.ts	156	interface	MemoryItem
mem0-ts/src/oss/src/types/index.ts	169	interface	SearchFilters
mem0-ts/src/oss/src/types/index.ts	176	interface	SearchResult
mem0-ts/src/oss/src/types/index.ts	180	interface	VectorStoreResult
mem0-ts/src/oss/src/types/index.ts	186	const	MemoryConfigSchema
mem0-ts/src/oss/src/types/valkey.ts	3	interface	ValkeyConfig
mem0-ts/src/oss/src/utils/bm25.ts	1	class	BM25
mem0-ts/src/oss/src/utils/bm25.ts	23	const	N
mem0-ts/src/oss/src/utils/bm25.ts	27	const	terms
mem0-ts/src/oss/src/utils/bm25.ts	41	const	docLength
mem0-ts/src/oss/src/utils/bm25.ts	44	const	tf
mem0-ts/src/oss/src/utils/bm25.ts	45	const	idf
mem0-ts/src/oss/src/utils/bm25.ts	57	const	scores
mem0-ts/src/oss/src/utils/entity_extraction.ts	19	const	GENERIC_HEADS
mem0-ts/src/oss/src/utils/entity_extraction.ts	82	const	NON_SPECIFIC_ADJ
mem0-ts/src/oss/src/utils/entity_extraction.ts	203	const	TOPIC_PREFIX_WORDS
mem0-ts/src/oss/src/utils/entity_extraction.ts	221	const	GENERIC_ENDINGS
mem0-ts/src/oss/src/utils/entity_extraction.ts	257	const	GENERIC_CAPS
mem0-ts/src/oss/src/utils/entity_extraction.ts	290	const	GENERIC_SINGLE_ENTITY_TERMS
mem0-ts/src/oss/src/utils/entity_extraction.ts	309	const	FORMATTING_MARKERS
mem0-ts/src/oss/src/utils/entity_extraction.ts	327	interface	ExtractedEntity
mem0-ts/src/oss/src/utils/entity_extraction.ts	348	function	hasArtifacts
mem0-ts/src/oss/src/utils/entity_extraction.ts	368	function	stripGenericEnding
mem0-ts/src/oss/src/utils/entity_extraction.ts	372	const	last
mem0-ts/src/oss/src/utils/entity_extraction.ts	379	function	stripTopicPrefix
mem0-ts/src/oss/src/utils/entity_extraction.ts	390	function	cleanToken
mem0-ts/src/oss/src/utils/entity_extraction.ts	394	function	tokenize
mem0-ts/src/oss/src/utils/entity_extraction.ts	402	function	isCapitalized
mem0-ts/src/oss/src/utils/entity_extraction.ts	406	function	hasInternalCapOrDigit
mem0-ts/src/oss/src/utils/entity_extraction.ts	414	function	isBadSingleNameToken
mem0-ts/src/oss/src/utils/entity_extraction.ts	415	const	lower
mem0-ts/src/oss/src/utils/entity_extraction.ts	419	function	looksLikeMetricCount
mem0-ts/src/oss/src/utils/entity_extraction.ts	423	function	isMetricListContext
mem0-ts/src/oss/src/utils/entity_extraction.ts	424	const	prev
mem0-ts/src/oss/src/utils/entity_extraction.ts	425	const	next
mem0-ts/src/oss/src/utils/entity_extraction.ts	429	function	isSentenceStart
mem0-ts/src/oss/src/utils/entity_extraction.ts	437	function	isListItemNameToken
mem0-ts/src/oss/src/utils/entity_extraction.ts	438	const	token
mem0-ts/src/oss/src/utils/entity_extraction.ts	440	const	next
mem0-ts/src/oss/src/utils/entity_extraction.ts	447	function	isNameToken
mem0-ts/src/oss/src/utils/entity_extraction.ts	448	const	token
mem0-ts/src/oss/src/utils/entity_extraction.ts	456	function	cleanEntityText
mem0-ts/src/oss/src/utils/entity_extraction.ts	467	function	isCoordinatedNameTopic
mem0-ts/src/oss/src/utils/entity_extraction.ts	476	function	extractQuoted
mem0-ts/src/oss/src/utils/entity_extraction.ts	477	const	entities
mem0-ts/src/oss/src/utils/entity_extraction.ts	480	const	doubleQuoteRe
mem0-ts/src/oss/src/utils/entity_extraction.ts	483	const	inner
mem0-ts/src/oss/src/utils/entity_extraction.ts	490	const	singleQuoteRe
mem0-ts/src/oss/src/utils/entity_extraction.ts	492	const	inner
mem0-ts/src/oss/src/utils/entity_extraction.ts	504	function	extractIdentifiers
mem0-ts/src/oss/src/utils/entity_extraction.ts	505	const	entities
mem0-ts/src/oss/src/utils/entity_extraction.ts	506	const	identifierRe
mem0-ts/src/oss/src/utils/entity_extraction.ts	517	function	extractProper
mem0-ts/src/oss/src/utils/entity_extraction.ts	518	const	entities
mem0-ts/src/oss/src/utils/entity_extraction.ts	519	const	tokens
mem0-ts/src/oss/src/utils/entity_extraction.ts	520	const	innerConnectors
mem0-ts/src/oss/src/utils/entity_extraction.ts	524	const	token
mem0-ts/src/oss/src/utils/entity_extraction.ts	525	const	next
mem0-ts/src/oss/src/utils/entity_extraction.ts	526	const	afterNext
mem0-ts/src/oss/src/utils/entity_extraction.ts	549	const	span
mem0-ts/src/oss/src/utils/entity_extraction.ts	552	const	current
mem0-ts/src/oss/src/utils/entity_extraction.ts	570	const	phrase
mem0-ts/src/oss/src/utils/entity_extraction.ts	584	function	extractCompoundsWithNlp
mem0-ts/src/oss/src/utils/entity_extraction.ts	589	const	entities
mem0-ts/src/oss/src/utils/entity_extraction.ts	590	const	doc
mem0-ts/src/oss/src/utils/entity_extraction.ts	591	const	nouns
mem0-ts/src/oss/src/utils/entity_extraction.ts	594	const	trimmed
mem0-ts/src/oss/src/utils/entity_extraction.ts	599	const	words
mem0-ts/src/oss/src/utils/entity_extraction.ts	605	const	head
mem0-ts/src/oss/src/utils/entity_extraction.ts	608	const	hasSpecificMod
mem0-ts/src/oss/src/utils/entity_extraction.ts	619	const	filtered
mem0-ts/src/oss/src/utils/entity_extraction.ts	622	const	cleaned
mem0-ts/src/oss/src/utils/entity_extraction.ts	625	const	phrase
mem0-ts/src/oss/src/utils/entity_extraction.ts	639	function	extractCompoundsRegex
mem0-ts/src/oss/src/utils/entity_extraction.ts	640	const	entities
mem0-ts/src/oss/src/utils/entity_extraction.ts	644	const	compoundRe
mem0-ts/src/oss/src/utils/entity_extraction.ts	648	const	phrase
mem0-ts/src/oss/src/utils/entity_extraction.ts	650	const	words
mem0-ts/src/oss/src/utils/entity_extraction.ts	651	const	head
mem0-ts/src/oss/src/utils/entity_extraction.ts	653	const	filtered
mem0-ts/src/oss/src/utils/entity_extraction.ts	656	const	cleaned
mem0-ts/src/oss/src/utils/entity_extraction.ts	668	const	lowerCompoundRe
mem0-ts/src/oss/src/utils/entity_extraction.ts	670	const	phrase
mem0-ts/src/oss/src/utils/entity_extraction.ts	671	const	words
mem0-ts/src/oss/src/utils/entity_extraction.ts	673	const	head
mem0-ts/src/oss/src/utils/entity_extraction.ts	674	const	allGeneric
mem0-ts/src/oss/src/utils/entity_extraction.ts	681	const	hasContentWord
mem0-ts/src/oss/src/utils/entity_extraction.ts	688	const	filtered
mem0-ts/src/oss/src/utils/entity_extraction.ts	691	const	cleaned
mem0-ts/src/oss/src/utils/entity_extraction.ts	725	function	extractEntities
mem0-ts/src/oss/src/utils/entity_extraction.ts	726	const	raw
mem0-ts/src/oss/src/utils/entity_extraction.ts	747	const	seen
mem0-ts/src/oss/src/utils/entity_extraction.ts	748	const	deduped
mem0-ts/src/oss/src/utils/entity_extraction.ts	750	const	key
mem0-ts/src/oss/src/utils/entity_extraction.ts	758	const	cleaned
mem0-ts/src/oss/src/utils/entity_extraction.ts	786	const	typePriority
mem0-ts/src/oss/src/utils/entity_extraction.ts	792	const	best
mem0-ts/src/oss/src/utils/entity_extraction.ts	794	const	key
mem0-ts/src/oss/src/utils/entity_extraction.ts	795	const	existing
mem0-ts/src/oss/src/utils/entity_extraction.ts	803	const	bestEntities
mem0-ts/src/oss/src/utils/entity_extraction.ts	826	function	extractEntitiesBatch
mem0-ts/src/oss/src/utils/expiration.ts	8	const	EXPIRATION_DATE_PATTERN
mem0-ts/src/oss/src/utils/expiration.ts	10	function	todayUtc
mem0-ts/src/oss/src/utils/expiration.ts	22	function	normalizeExpirationDate
mem0-ts/src/oss/src/utils/expiration.ts	23	const	match
mem0-ts/src/oss/src/utils/expiration.ts	26	const	parsed
mem0-ts/src/oss/src/utils/expiration.ts	40	function	payloadIsExpired
mem0-ts/src/oss/src/utils/expiration.ts	43	const	raw
mem0-ts/src/oss/src/utils/factory.test.ts	14	const	originalOpenAiKey
mem0-ts/src/oss/src/utils/factory.test.ts	25	const	reranker
mem0-ts/src/oss/src/utils/factory.test.ts	30	const	reranker
mem0-ts/src/oss/src/utils/factory.test.ts	35	const	reranker
mem0-ts/src/oss/src/utils/factory.test.ts	42	const	reranker
mem0-ts/src/oss/src/utils/factory.test.ts	47	const	reranker
mem0-ts/src/oss/src/utils/factory.test.ts	52	const	reranker
mem0-ts/src/oss/src/utils/factory.test.ts	59	const	reranker
mem0-ts/src/oss/src/utils/factory.test.ts	68	const	reranker
mem0-ts/src/oss/src/utils/factory.ts	75	class	EmbedderFactory
mem0-ts/src/oss/src/utils/factory.ts	107	class	LLMFactory
mem0-ts/src/oss/src/utils/factory.ts	153	class	VectorStoreFactory
mem0-ts/src/oss/src/utils/factory.ts	214	class	RerankerFactory
mem0-ts/src/oss/src/utils/factory.ts	233	const	llm
mem0-ts/src/oss/src/utils/factory.ts	242	const	nested
mem0-ts/src/oss/src/utils/factory.ts	277	class	HistoryManagerFactory
mem0-ts/src/oss/src/utils/lemmatization.ts	14	const	STOP_WORDS
mem0-ts/src/oss/src/utils/lemmatization.ts	174	function	getPorterStemmer
mem0-ts/src/oss/src/utils/lemmatization.ts	180	const	natural
mem0-ts/src/oss/src/utils/lemmatization.ts	193	function	simpleStem
mem0-ts/src/oss/src/utils/lemmatization.ts	246	function	lemmatizeForBm25
mem0-ts/src/oss/src/utils/lemmatization.ts	247	const	lower
mem0-ts/src/oss/src/utils/lemmatization.ts	248	const	words
mem0-ts/src/oss/src/utils/lemmatization.ts	253	const	stemmer
mem0-ts/src/oss/src/utils/lemmatization.ts	254	const	stemFn
mem0-ts/src/oss/src/utils/lemmatization.ts	258	const	tokens
mem0-ts/src/oss/src/utils/lemmatization.ts	265	const	stemmed
mem0-ts/src/oss/src/utils/logger.ts	1	interface	Logger
mem0-ts/src/oss/src/utils/logger.ts	8	const	logger
mem0-ts/src/oss/src/utils/memory.ts	4	const	get_image_description
mem0-ts/src/oss/src/utils/memory.ts	5	const	llm
mem0-ts/src/oss/src/utils/memory.ts	8	const	response
mem0-ts/src/oss/src/utils/memory.ts	22	const	parse_vision_messages
mem0-ts/src/oss/src/utils/memory.ts	23	const	parsed_messages
mem0-ts/src/oss/src/utils/memory.ts	34	const	imageUrl
mem0-ts/src/oss/src/utils/memory.ts	38	const	description
mem0-ts/src/oss/src/utils/notices.ts	11	const	NOTICE_FLAG_KEY
mem0-ts/src/oss/src/utils/notices.ts	12	const	NOTICE_EVENT_NAME
mem0-ts/src/oss/src/utils/notices.ts	13	const	NOTICE_STATE_SECTION
mem0-ts/src/oss/src/utils/notices.ts	14	const	FIRST_RUN_NOTICE_ID
mem0-ts/src/oss/src/utils/notices.ts	15	const	TEMPORAL_FEATURE_NOTICE_ID
mem0-ts/src/oss/src/utils/notices.ts	16	const	TEMPORAL_USAGE_NOTICE_ID
mem0-ts/src/oss/src/utils/notices.ts	17	const	DECAY_FEATURE_NOTICE_ID
mem0-ts/src/oss/src/utils/notices.ts	18	const	DECAY_USAGE_NOTICE_ID
mem0-ts/src/oss/src/utils/notices.ts	19	const	SCALE_THRESHOLD_NOTICE_ID
mem0-ts/src/oss/src/utils/notices.ts	20	const	PERFORMANCE_SLOW_QUERY_NOTICE_ID
mem0-ts/src/oss/src/utils/notices.ts	21	const	NOTICE_CAP_LIMIT
mem0-ts/src/oss/src/utils/notices.ts	22	const	NOTICE_CAP_WINDOW_MS
mem0-ts/src/oss/src/utils/notices.ts	23	const	NOTICE_FLAG_TIMEOUT_MS
mem0-ts/src/oss/src/utils/notices.ts	24	const	POSTHOG_FLAGS_URL
mem0-ts/src/oss/src/utils/notices.ts	25	const	DISPLAYED_VARIANT
mem0-ts/src/oss/src/utils/notices.ts	26	const	HOLDOUT_VARIANT
mem0-ts/src/oss/src/utils/notices.ts	27	const	LOG_LINE_NOTICE_TYPE
mem0-ts/src/oss/src/utils/notices.ts	28	const	ERROR_NOTICE_TYPE
mem0-ts/src/oss/src/utils/notices.ts	29	const	TEMPORAL_TIMESTAMP_PLAIN_ERROR
mem0-ts/src/oss/src/utils/notices.ts	31	const	TEMPORAL_REFERENCE_DATE_PLAIN_ERROR
mem0-ts/src/oss/src/utils/notices.ts	33	const	DECAY_FEATURE_PLAIN_ERROR
mem0-ts/src/oss/src/utils/notices.ts	35	const	DECAY_USAGE_DELETE_THRESHOLD
mem0-ts/src/oss/src/utils/notices.ts	36	const	SCALE_MEMORY_COUNT_THRESHOLD
mem0-ts/src/oss/src/utils/notices.ts	37	const	SCALE_MEMORY_COUNT_CHECK_INTERVAL
mem0-ts/src/oss/src/utils/notices.ts	38	const	SCALE_TOP_K_THRESHOLD
mem0-ts/src/oss/src/utils/notices.ts	39	const	PERFORMANCE_SLOW_QUERY_THRESHOLD_MS
mem0-ts/src/oss/src/utils/notices.ts	40	const	MAX_TEMPORAL_DETECTION_DEPTH
mem0-ts/src/oss/src/utils/notices.ts	41	const	ISO_DATE_RE
mem0-ts/src/oss/src/utils/notices.ts	43	const	RELATIVE_TIME_RE
mem0-ts/src/oss/src/utils/notices.ts	45	const	RANGE_OPERATORS
mem0-ts/src/oss/src/utils/notices.ts	50	const	noticeCapacityReachedInProcess
mem0-ts/src/oss/src/utils/notices.ts	55	interface	NoticePayloadConfig
mem0-ts/src/oss/src/utils/notices.ts	62	interface	NoticeFlagEvaluation
mem0-ts/src/oss/src/utils/notices.ts	68	interface	NoticeCapEvent
mem0-ts/src/oss/src/utils/notices.ts	73	interface	NoticeDisplayDecision
mem0-ts/src/oss/src/utils/notices.ts	81	interface	DecayUsageTrigger
mem0-ts/src/oss/src/utils/notices.ts	89	interface	TemporalFeatureErrorTrigger
mem0-ts/src/oss/src/utils/notices.ts	94	interface	TemporalUsageTrigger
mem0-ts/src/oss/src/utils/notices.ts	104	interface	ScaleThresholdTrigger
mem0-ts/src/oss/src/utils/notices.ts	113	interface	PerformanceSlowQueryTrigger
mem0-ts/src/oss/src/utils/notices.ts	122	function	getMem0Dir
mem0-ts/src/oss/src/utils/notices.ts	126	function	getMem0ConfigPath
mem0-ts/src/oss/src/utils/notices.ts	130	function	loadMem0Config
mem0-ts/src/oss/src/utils/notices.ts	132	const	configPath
mem0-ts/src/oss/src/utils/notices.ts	134	const	parsed
mem0-ts/src/oss/src/utils/notices.ts	143	function	writeMem0ConfigAtomic
mem0-ts/src/oss/src/utils/notices.ts	144	const	configPath
mem0-ts/src/oss/src/utils/notices.ts	145	const	dir
mem0-ts/src/oss/src/utils/notices.ts	146	const	tempPath
mem0-ts/src/oss/src/utils/notices.ts	166	function	getNoticeState
mem0-ts/src/oss/src/utils/notices.ts	170	const	stateSection
mem0-ts/src/oss/src/utils/notices.ts	176	const	noticeState
mem0-ts/src/oss/src/utils/notices.ts	184	function	setNoticeState
mem0-ts/src/oss/src/utils/notices.ts	189	const	stateSection
mem0-ts/src/oss/src/utils/notices.ts	204	function	parsePayload
mem0-ts/src/oss/src/utils/notices.ts	207	const	parsed
mem0-ts/src/oss/src/utils/notices.ts	220	function	getNoticeConfigFromPayload
mem0-ts/src/oss/src/utils/notices.ts	228	const	parsedPayload
mem0-ts/src/oss/src/utils/notices.ts	229	const	notices
mem0-ts/src/oss/src/utils/notices.ts	234	const	noticeConfig
mem0-ts/src/oss/src/utils/notices.ts	250	function	evaluateNoticeFlag
mem0-ts/src/oss/src/utils/notices.ts	256	const	timeoutMs
mem0-ts/src/oss/src/utils/notices.ts	257	const	fetchImpl
mem0-ts/src/oss/src/utils/notices.ts	258	const	controller
mem0-ts/src/oss/src/utils/notices.ts	259	const	timeout
mem0-ts/src/oss/src/utils/notices.ts	262	const	response
mem0-ts/src/oss/src/utils/notices.ts	273	const	data
mem0-ts/src/oss/src/utils/notices.ts	274	const	flag
mem0-ts/src/oss/src/utils/notices.ts	277	const	variant
mem0-ts/src/oss/src/utils/notices.ts	292	function	eventsInWindow
mem0-ts/src/oss/src/utils/notices.ts	298	const	cutoff
mem0-ts/src/oss/src/utils/notices.ts	303	const	evaluatedAt
mem0-ts/src/oss/src/utils/notices.ts	305	const	timestamp
mem0-ts/src/oss/src/utils/notices.ts	310	function	hasNoticeCapRoom
mem0-ts/src/oss/src/utils/notices.ts	314	const	now
mem0-ts/src/oss/src/utils/notices.ts	315	const	limit
mem0-ts/src/oss/src/utils/notices.ts	316	const	windowMs
mem0-ts/src/oss/src/utils/notices.ts	320	function	isNoticeCapacityReachedInProcess
mem0-ts/src/oss/src/utils/notices.ts	324	function	markNoticeCapacityReachedInProcess
mem0-ts/src/oss/src/utils/notices.ts	328	function	hasNoticeCapRoomForNotice
mem0-ts/src/oss/src/utils/notices.ts	333	const	hasRoom
mem0-ts/src/oss/src/utils/notices.ts	338	function	appendNoticeCapEvent
mem0-ts/src/oss/src/utils/notices.ts	343	const	now
mem0-ts/src/oss/src/utils/notices.ts	344	const	limit
mem0-ts/src/oss/src/utils/notices.ts	345	const	windowMs
mem0-ts/src/oss/src/utils/notices.ts	346	const	events
mem0-ts/src/oss/src/utils/notices.ts	361	function	recordNoticeOpportunity
mem0-ts/src/oss/src/utils/notices.ts	369	const	config
mem0-ts/src/oss/src/utils/notices.ts	370	const	state
mem0-ts/src/oss/src/utils/notices.ts	371	const	nextState
mem0-ts/src/oss/src/utils/notices.ts	377	const	written
mem0-ts/src/oss/src/utils/notices.ts	386	function	isFirstRunConsumed
mem0-ts/src/oss/src/utils/notices.ts	390	function	markFirstRunConsumed
mem0-ts/src/oss/src/utils/notices.ts	394	const	config
mem0-ts/src/oss/src/utils/notices.ts	395	const	state
mem0-ts/src/oss/src/utils/notices.ts	396	const	nextState
mem0-ts/src/oss/src/utils/notices.ts	408	function	getDisplayDecision
mem0-ts/src/oss/src/utils/notices.ts	414	const	parsed
mem0-ts/src/oss/src/utils/notices.ts	415	const	copy
mem0-ts/src/oss/src/utils/notices.ts	426	const	noticeConfig
mem0-ts/src/oss/src/utils/notices.ts	470	function	renderScaleCopy
mem0-ts/src/oss/src/utils/notices.ts	481	function	getScaleDisplayDecision
mem0-ts/src/oss/src/utils/notices.ts	486	const	parsed
mem0-ts/src/oss/src/utils/notices.ts	487	const	copies
mem0-ts/src/oss/src/utils/notices.ts	493	const	copyKey
mem0-ts/src/oss/src/utils/notices.ts	495	const	copy
mem0-ts/src/oss/src/utils/notices.ts	505	const	noticeConfig
mem0-ts/src/oss/src/utils/notices.ts	549	function	getFeatureErrorDecision
mem0-ts/src/oss/src/utils/notices.ts	555	const	parsed
mem0-ts/src/oss/src/utils/notices.ts	556	const	copy
mem0-ts/src/oss/src/utils/notices.ts	567	const	noticeConfig
mem0-ts/src/oss/src/utils/notices.ts	611	function	getDecayFeatureErrorMessage
mem0-ts/src/oss/src/utils/notices.ts	617	const	flagEvaluation
mem0-ts/src/oss/src/utils/notices.ts	620	const	decision
mem0-ts/src/oss/src/utils/notices.ts	650	function	getTemporalFeatureErrorMessage
mem0-ts/src/oss/src/utils/notices.ts	654	const	plainError
mem0-ts/src/oss/src/utils/notices.ts	662	const	flagEvaluation
mem0-ts/src/oss/src/utils/notices.ts	665	const	decision
mem0-ts/src/oss/src/utils/notices.ts	695	function	getDecayUsageDeleteCountAfterSuccess
mem0-ts/src/oss/src/utils/notices.ts	701	function	isDecayUsageDeleteEligible
mem0-ts/src/oss/src/utils/notices.ts	705	function	isRecord
mem0-ts/src/oss/src/utils/notices.ts	714	function	isTemporalKey
mem0-ts/src/oss/src/utils/notices.ts	715	const	keyText
mem0-ts/src/oss/src/utils/notices.ts	743	function	looksTemporalValue
mem0-ts/src/oss/src/utils/notices.ts	757	function	detectTemporalUsageFromMetadata
mem0-ts/src/oss/src/utils/notices.ts	763	const	visited
mem0-ts/src/oss/src/utils/notices.ts	764	const	stack
mem0-ts/src/oss/src/utils/notices.ts	768	const	current
mem0-ts/src/oss/src/utils/notices.ts	793	const	temporalKey
mem0-ts/src/oss/src/utils/notices.ts	813	function	hasTemporalFilter
mem0-ts/src/oss/src/utils/notices.ts	817	const	visited
mem0-ts/src/oss/src/utils/notices.ts	818	const	stack
mem0-ts/src/oss/src/utils/notices.ts	823	const	current
mem0-ts/src/oss/src/utils/notices.ts	845	const	temporalKey
mem0-ts/src/oss/src/utils/notices.ts	847	const	rangeValues
mem0-ts/src/oss/src/utils/notices.ts	870	function	detectTemporalUsageFromSearch
mem0-ts/src/oss/src/utils/notices.ts	892	function	coerceNonnegativeInteger
mem0-ts/src/oss/src/utils/notices.ts	894	const	parsed
mem0-ts/src/oss/src/utils/notices.ts	901	function	countAddedMemories
mem0-ts/src/oss/src/utils/notices.ts	902	const	results
mem0-ts/src/oss/src/utils/notices.ts	911	const	metadata
mem0-ts/src/oss/src/utils/notices.ts	916	function	extractProviderCount
mem0-ts/src/oss/src/utils/notices.ts	927	const	value
mem0-ts/src/oss/src/utils/notices.ts	931	const	result
mem0-ts/src/oss/src/utils/notices.ts	938	function	getProviderMemoryCount
mem0-ts/src/oss/src/utils/notices.ts	942	const	vectorStore
mem0-ts/src/oss/src/utils/notices.ts	946	const	value
mem0-ts/src/oss/src/utils/notices.ts	950	const	collectionName
mem0-ts/src/oss/src/utils/notices.ts	951	const	client
mem0-ts/src/oss/src/utils/notices.ts	954	const	value
mem0-ts/src/oss/src/utils/notices.ts	965	const	value
mem0-ts/src/oss/src/utils/notices.ts	975	function	markScaleMemoryCountThresholdEvaluated
mem0-ts/src/oss/src/utils/notices.ts	977	const	config
mem0-ts/src/oss/src/utils/notices.ts	978	const	state
mem0-ts/src/oss/src/utils/notices.ts	984	const	nextState
mem0-ts/src/oss/src/utils/notices.ts	988	const	written
mem0-ts/src/oss/src/utils/notices.ts	998	function	detectScaleThresholdFromTopK
mem0-ts/src/oss/src/utils/notices.ts	1001	const	topKValue
mem0-ts/src/oss/src/utils/notices.ts	1012	function	detectScaleThresholdFromAddResult
mem0-ts/src/oss/src/utils/notices.ts	1018	const	addedCount
mem0-ts/src/oss/src/utils/notices.ts	1025	const	shouldCheck
mem0-ts/src/oss/src/utils/notices.ts	1033	const	config
mem0-ts/src/oss/src/utils/notices.ts	1034	const	state
mem0-ts/src/oss/src/utils/notices.ts	1045	const	providerCount
mem0-ts/src/oss/src/utils/notices.ts	1060	function	detectPerformanceSlowQuery
mem0-ts/src/oss/src/utils/notices.ts	1068	const	elapsedMsValue
mem0-ts/src/oss/src/utils/notices.ts	1071	const	topKValue
mem0-ts/src/oss/src/utils/notices.ts	1072	const	resultCountValue
mem0-ts/src/oss/src/utils/notices.ts	1091	function	displayScaleThresholdNotice
mem0-ts/src/oss/src/utils/notices.ts	1099	const	config
mem0-ts/src/oss/src/utils/notices.ts	1100	const	state
mem0-ts/src/oss/src/utils/notices.ts	1103	const	flagEvaluation
mem0-ts/src/oss/src/utils/notices.ts	1106	const	decision
mem0-ts/src/oss/src/utils/notices.ts	1112	const	opportunity
mem0-ts/src/oss/src/utils/notices.ts	1154	function	displayPerformanceSlowQueryNotice
mem0-ts/src/oss/src/utils/notices.ts	1164	const	config
mem0-ts/src/oss/src/utils/notices.ts	1165	const	state
mem0-ts/src/oss/src/utils/notices.ts	1170	const	flagEvaluation
mem0-ts/src/oss/src/utils/notices.ts	1173	const	decision
mem0-ts/src/oss/src/utils/notices.ts	1180	const	opportunity
mem0-ts/src/oss/src/utils/notices.ts	1218	function	displayTemporalUsageNotice
mem0-ts/src/oss/src/utils/notices.ts	1226	const	config
mem0-ts/src/oss/src/utils/notices.ts	1227	const	state
mem0-ts/src/oss/src/utils/notices.ts	1230	const	flagEvaluation
mem0-ts/src/oss/src/utils/notices.ts	1233	const	decision
mem0-ts/src/oss/src/utils/notices.ts	1240	const	opportunity
mem0-ts/src/oss/src/utils/notices.ts	1274	function	displayDecayUsageNotice
mem0-ts/src/oss/src/utils/notices.ts	1282	const	config
mem0-ts/src/oss/src/utils/notices.ts	1283	const	state
mem0-ts/src/oss/src/utils/notices.ts	1286	const	flagEvaluation
mem0-ts/src/oss/src/utils/notices.ts	1289	const	decision
mem0-ts/src/oss/src/utils/notices.ts	1296	const	opportunity
mem0-ts/src/oss/src/utils/notices.ts	1342	function	displayFirstRunNotice
mem0-ts/src/oss/src/utils/notices.ts	1349	const	config
mem0-ts/src/oss/src/utils/notices.ts	1357	const	flagEvaluation
mem0-ts/src/oss/src/utils/notices.ts	1363	const	decision
mem0-ts/src/oss/src/utils/notices.ts	1397	function	emitNoticeDisplayed
mem0-ts/src/oss/src/utils/notices.ts	1407	const	__noticeTestHooks
mem0-ts/src/oss/src/utils/scoring.ts	10	const	ENTITY_BOOST_WEIGHT
mem0-ts/src/oss/src/utils/scoring.ts	23	function	getBm25Params
mem0-ts/src/oss/src/utils/scoring.ts	27	const	text
mem0-ts/src/oss/src/utils/scoring.ts	28	const	numTerms
mem0-ts/src/oss/src/utils/scoring.ts	51	function	normalizeBm25
mem0-ts/src/oss/src/utils/scoring.ts	59	interface	ScoreDetails
mem0-ts/src/oss/src/utils/scoring.ts	69	interface	ScoredResult
mem0-ts/src/oss/src/utils/scoring.ts	99	function	scoreAndRank
mem0-ts/src/oss/src/utils/scoring.ts	111	const	hasBm25
mem0-ts/src/oss/src/utils/scoring.ts	112	const	hasEntity
mem0-ts/src/oss/src/utils/scoring.ts	122	const	scored
mem0-ts/src/oss/src/utils/scoring.ts	125	const	memId
mem0-ts/src/oss/src/utils/scoring.ts	130	const	semanticScore
mem0-ts/src/oss/src/utils/scoring.ts	135	const	memIdStr
mem0-ts/src/oss/src/utils/scoring.ts	136	const	bm25Score
mem0-ts/src/oss/src/utils/scoring.ts	137	const	entityBoost
mem0-ts/src/oss/src/utils/scoring.ts	139	const	rawCombined
mem0-ts/src/oss/src/utils/scoring.ts	140	const	combined
mem0-ts/src/oss/src/utils/scoring.ts	142	const	entry
mem0-ts/src/oss/src/utils/sqlite.ts	5	function	getDefaultVectorStoreDbPath
mem0-ts/src/oss/src/utils/sqlite.ts	9	function	ensureSQLiteDirectory
mem0-ts/src/oss/src/utils/telemetry.ts	19	const	POSTHOG_API_KEY
mem0-ts/src/oss/src/utils/telemetry.ts	20	const	POSTHOG_HOST
mem0-ts/src/oss/src/utils/telemetry.ts	21	const	NOTICE_EVENT_NAME
mem0-ts/src/oss/src/utils/telemetry.ts	25	const	DEFAULT_SAMPLE_RATE
mem0-ts/src/oss/src/utils/telemetry.ts	26	const	MEM0_TELEMETRY_SAMPLE_RATE
mem0-ts/src/oss/src/utils/telemetry.ts	28	const	raw
mem0-ts/src/oss/src/utils/telemetry.ts	30	const	parsed
mem0-ts/src/oss/src/utils/telemetry.ts	40	const	ALWAYS_SEND_EVENTS
mem0-ts/src/oss/src/utils/telemetry.ts	46	class	UnifiedTelemetry
mem0-ts/src/oss/src/utils/telemetry.ts	58	const	eventProperties
mem0-ts/src/oss/src/utils/telemetry.ts	69	const	payload
mem0-ts/src/oss/src/utils/telemetry.ts	77	const	response
mem0-ts/src/oss/src/utils/telemetry.ts	98	const	telemetry
mem0-ts/src/oss/src/utils/telemetry.ts	100	function	isTelemetryEnabled
mem0-ts/src/oss/src/utils/telemetry.ts	104	function	captureClientEvent
mem0-ts/src/oss/src/utils/telemetry.ts	115	const	alwaysSend
mem0-ts/src/oss/src/utils/telemetry.ts	120	const	eventData
mem0-ts/src/oss/src/utils/telemetry.ts	139	function	captureNoticeEvent
mem0-ts/src/oss/src/utils/telemetry.ts	145	const	eventData
mem0-ts/src/oss/src/utils/telemetry.types.ts	1	interface	TelemetryClient
mem0-ts/src/oss/src/utils/telemetry.types.ts	10	interface	TelemetryInstance
mem0-ts/src/oss/src/utils/telemetry.types.ts	19	interface	TelemetryEventData
mem0-ts/src/oss/src/utils/telemetry.types.ts	31	interface	TelemetryOptions
mem0-ts/src/oss/src/vector_stores/azure_ai_search.ts	23	interface	AzureAISearchConfig
mem0-ts/src/oss/src/vector_stores/azure_ai_search.ts	73	class	AzureAISearch
mem0-ts/src/oss/src/vector_stores/azure_ai_search.ts	96	const	serviceEndpoint
mem0-ts/src/oss/src/vector_stores/azure_ai_search.ts	99	const	credential
mem0-ts/src/oss/src/vector_stores/azure_ai_search.ts	129	const	collections
mem0-ts/src/oss/src/vector_stores/azure_ai_search.ts	144	const	vectorType
mem0-ts/src/oss/src/vector_stores/azure_ai_search.ts	149	const	compressionConfigurations
mem0-ts/src/oss/src/vector_stores/azure_ai_search.ts	169	const	fields
mem0-ts/src/oss/src/vector_stores/azure_ai_search.ts	205	const	vectorSearch
mem0-ts/src/oss/src/vector_stores/azure_ai_search.ts	224	const	index
mem0-ts/src/oss/src/vector_stores/azure_ai_search.ts	241	const	document
mem0-ts/src/oss/src/vector_stores/azure_ai_search.ts	269	const	documents
mem0-ts/src/oss/src/vector_stores/azure_ai_search.ts	273	const	response
mem0-ts/src/oss/src/vector_stores/azure_ai_search.ts	296	const	filterConditions
mem0-ts/src/oss/src/vector_stores/azure_ai_search.ts	299	const	safeKey
mem0-ts/src/oss/src/vector_stores/azure_ai_search.ts	303	const	safeValue
mem0-ts/src/oss/src/vector_stores/azure_ai_search.ts	324	const	match
mem0-ts/src/oss/src/vector_stores/azure_ai_search.ts	338	const	filterExpression
mem0-ts/src/oss/src/vector_stores/azure_ai_search.ts	342	const	searchResults
mem0-ts/src/oss/src/vector_stores/azure_ai_search.ts	348	const	results
mem0-ts/src/oss/src/vector_stores/azure_ai_search.ts	351	const	payloadStr
mem0-ts/src/oss/src/vector_stores/azure_ai_search.ts	352	const	payload
mem0-ts/src/oss/src/vector_stores/azure_ai_search.ts	376	const	filterExpression
mem0-ts/src/oss/src/vector_stores/azure_ai_search.ts	380	const	vectorQuery
mem0-ts/src/oss/src/vector_stores/azure_ai_search.ts	412	const	results
mem0-ts/src/oss/src/vector_stores/azure_ai_search.ts	415	const	payloadStr
mem0-ts/src/oss/src/vector_stores/azure_ai_search.ts	416	const	payload
mem0-ts/src/oss/src/vector_stores/azure_ai_search.ts	432	const	response
mem0-ts/src/oss/src/vector_stores/azure_ai_search.ts	457	const	document
mem0-ts/src/oss/src/vector_stores/azure_ai_search.ts	474	const	response
mem0-ts/src/oss/src/vector_stores/azure_ai_search.ts	490	const	result
mem0-ts/src/oss/src/vector_stores/azure_ai_search.ts	491	const	payloadStr
mem0-ts/src/oss/src/vector_stores/azure_ai_search.ts	492	const	payload
mem0-ts/src/oss/src/vector_stores/azure_ai_search.ts	511	const	names
mem0-ts/src/oss/src/vector_stores/azure_ai_search.ts	531	const	index
mem0-ts/src/oss/src/vector_stores/azure_ai_search.ts	545	const	filterExpression
mem0-ts/src/oss/src/vector_stores/azure_ai_search.ts	549	const	searchResults
mem0-ts/src/oss/src/vector_stores/azure_ai_search.ts	554	const	results
mem0-ts/src/oss/src/vector_stores/azure_ai_search.ts	557	const	payloadStr
mem0-ts/src/oss/src/vector_stores/azure_ai_search.ts	558	const	payload
mem0-ts/src/oss/src/vector_stores/azure_ai_search.ts	577	const	r
mem0-ts/src/oss/src/vector_stores/azure_ai_search.ts	578	const	v
mem0-ts/src/oss/src/vector_stores/azure_ai_search.ts	591	const	collections
mem0-ts/src/oss/src/vector_stores/azure_ai_search.ts	592	const	migrationIndexExists
mem0-ts/src/oss/src/vector_stores/azure_ai_search.ts	596	const	migrationIndex
mem0-ts/src/oss/src/vector_stores/azure_ai_search.ts	616	const	searchResults
mem0-ts/src/oss/src/vector_stores/azure_ai_search.ts	621	const	userId
mem0-ts/src/oss/src/vector_stores/azure_ai_search.ts	628	const	randomUserId
mem0-ts/src/oss/src/vector_stores/azure_ai_search.ts	653	const	searchResults
mem0-ts/src/oss/src/vector_stores/azure_mysql.ts	5	const	SAFE_IDENTIFIER_RE
mem0-ts/src/oss/src/vector_stores/azure_mysql.ts	7	function	validateIdentifier
mem0-ts/src/oss/src/vector_stores/azure_mysql.ts	20	function	cosineSimilarity
mem0-ts/src/oss/src/vector_stores/azure_mysql.ts	29	const	denom
mem0-ts/src/oss/src/vector_stores/azure_mysql.ts	33	interface	AzureMySQLConfig
mem0-ts/src/oss/src/vector_stores/azure_mysql.ts	47	class	AzureMySQLDB
mem0-ts/src/oss/src/vector_stores/azure_mysql.ts	78	const	credential
mem0-ts/src/oss/src/vector_stores/azure_mysql.ts	79	const	token
mem0-ts/src/oss/src/vector_stores/azure_mysql.ts	88	const	ssl
mem0-ts/src/oss/src/vector_stores/azure_mysql.ts	157	const	conn
mem0-ts/src/oss/src/vector_stores/azure_mysql.ts	183	const	conditions
mem0-ts/src/oss/src/vector_stores/azure_mysql.ts	184	const	params
mem0-ts/src/oss/src/vector_stores/azure_mysql.ts	193	const	whereClause
mem0-ts/src/oss/src/vector_stores/azure_mysql.ts	195	const	sql
mem0-ts/src/oss/src/vector_stores/azure_mysql.ts	198	const	scored
mem0-ts/src/oss/src/vector_stores/azure_mysql.ts	200	const	vec
mem0-ts/src/oss/src/vector_stores/azure_mysql.ts	202	const	score
mem0-ts/src/oss/src/vector_stores/azure_mysql.ts	203	const	payload
mem0-ts/src/oss/src/vector_stores/azure_mysql.ts	224	const	conditions
mem0-ts/src/oss/src/vector_stores/azure_mysql.ts	225	const	params
mem0-ts/src/oss/src/vector_stores/azure_mysql.ts	234	const	filterClause
mem0-ts/src/oss/src/vector_stores/azure_mysql.ts	236	const	sql
mem0-ts/src/oss/src/vector_stores/azure_mysql.ts	268	const	row
mem0-ts/src/oss/src/vector_stores/azure_mysql.ts	282	const	conn
mem0-ts/src/oss/src/vector_stores/azure_mysql.ts	316	const	conditions
mem0-ts/src/oss/src/vector_stores/azure_mysql.ts	317	const	params
mem0-ts/src/oss/src/vector_stores/azure_mysql.ts	326	const	whereClause
mem0-ts/src/oss/src/vector_stores/azure_mysql.ts	328	const	listSql
mem0-ts/src/oss/src/vector_stores/azure_mysql.ts	329	const	countSql
mem0-ts/src/oss/src/vector_stores/azure_mysql.ts	340	const	results
mem0-ts/src/oss/src/vector_stores/azure_mysql.ts	357	const	randomUserId
mem0-ts/src/oss/src/vector_stores/baidu.ts	16	type	MochowSdk
mem0-ts/src/oss/src/vector_stores/baidu.ts	18	interface	BaiduConfig
mem0-ts/src/oss/src/vector_stores/baidu.ts	29	const	VECTOR_INDEX
mem0-ts/src/oss/src/vector_stores/baidu.ts	30	const	FILTERING_INDEX
mem0-ts/src/oss/src/vector_stores/baidu.ts	35	const	BM25_INDEX
mem0-ts/src/oss/src/vector_stores/baidu.ts	36	const	PROJECTIONS
mem0-ts/src/oss/src/vector_stores/baidu.ts	37	const	TABLE_POLL_INTERVAL_MS
mem0-ts/src/oss/src/vector_stores/baidu.ts	38	const	TABLE_POLL_ATTEMPTS
mem0-ts/src/oss/src/vector_stores/baidu.ts	42	const	JSON_FIELD_TYPE
mem0-ts/src/oss/src/vector_stores/baidu.ts	47	const	ROW_KEY_NOT_FOUND
mem0-ts/src/oss/src/vector_stores/baidu.ts	49	const	SAFE_FILTER_KEY
mem0-ts/src/oss/src/vector_stores/baidu.ts	51	function	escapeFilterString
mem0-ts/src/oss/src/vector_stores/baidu.ts	55	function	sleep
mem0-ts/src/oss/src/vector_stores/baidu.ts	62	function	check
mem0-ts/src/oss/src/vector_stores/baidu.ts	75	function	lemmatizedText
mem0-ts/src/oss/src/vector_stores/baidu.ts	76	const	data
mem0-ts/src/oss/src/vector_stores/baidu.ts	83	function	memoryData
mem0-ts/src/oss/src/vector_stores/baidu.ts	87	function	metadataPayload
mem0-ts/src/oss/src/vector_stores/baidu.ts	92	function	resultPayload
mem0-ts/src/oss/src/vector_stores/baidu.ts	99	class	BaiduDB
mem0-ts/src/oss/src/vector_stores/baidu.ts	124	const	requiredFields
mem0-ts/src/oss/src/vector_stores/baidu.ts	174	const	sdk
mem0-ts/src/oss/src/vector_stores/baidu.ts	201	const	autoBuildPolicy
mem0-ts/src/oss/src/vector_stores/baidu.ts	206	const	vectorIndex
mem0-ts/src/oss/src/vector_stores/baidu.ts	264	const	conditions
mem0-ts/src/oss/src/vector_stores/baidu.ts	313	const	sdk
mem0-ts/src/oss/src/vector_stores/baidu.ts	314	const	client
mem0-ts/src/oss/src/vector_stores/baidu.ts	323	const	created
mem0-ts/src/oss/src/vector_stores/baidu.ts	360	const	fields
mem0-ts/src/oss/src/vector_stores/baidu.ts	361	const	indexes
mem0-ts/src/oss/src/vector_stores/baidu.ts	362	const	field
mem0-ts/src/oss/src/vector_stores/baidu.ts	363	const	typeOf
mem0-ts/src/oss/src/vector_stores/baidu.ts	364	const	label
mem0-ts/src/oss/src/vector_stores/baidu.ts	377	const	dimension
mem0-ts/src/oss/src/vector_stores/baidu.ts	419	const	rows
mem0-ts/src/oss/src/vector_stores/baidu.ts	436	const	filter
mem0-ts/src/oss/src/vector_stores/baidu.ts	438	const	request
mem0-ts/src/oss/src/vector_stores/baidu.ts	449	const	response
mem0-ts/src/oss/src/vector_stores/baidu.ts	473	const	filter
mem0-ts/src/oss/src/vector_stores/baidu.ts	474	const	request
mem0-ts/src/oss/src/vector_stores/baidu.ts	481	const	response
mem0-ts/src/oss/src/vector_stores/baidu.ts	497	const	response
mem0-ts/src/oss/src/vector_stores/baidu.ts	554	const	sdk
mem0-ts/src/oss/src/vector_stores/baidu.ts	555	const	client
mem0-ts/src/oss/src/vector_stores/baidu.ts	558	const	dropped
mem0-ts/src/oss/src/vector_stores/baidu.ts	591	const	response
mem0-ts/src/oss/src/vector_stores/baidu.ts	599	const	memories
mem0-ts/src/oss/src/vector_stores/base.ts	3	interface	VectorStore
mem0-ts/src/oss/src/vector_stores/cassandra.ts	4	const	MIGRATION_ROW_ID
mem0-ts/src/oss/src/vector_stores/cassandra.ts	5	const	SAFE_IDENTIFIER_RE
mem0-ts/src/oss/src/vector_stores/cassandra.ts	7	interface	CassandraConfig
mem0-ts/src/oss/src/vector_stores/cassandra.ts	25	interface	CassandraClientLike
mem0-ts/src/oss/src/vector_stores/cassandra.ts	34	interface	CassandraVector
mem0-ts/src/oss/src/vector_stores/cassandra.ts	40	class	CassandraDB
mem0-ts/src/oss/src/vector_stores/cassandra.ts	124	const	query
mem0-ts/src/oss/src/vector_stores/cassandra.ts	150	const	scored
mem0-ts/src/oss/src/vector_stores/cassandra.ts	157	const	vector
mem0-ts/src/oss/src/vector_stores/cassandra.ts	158	const	payload
mem0-ts/src/oss/src/vector_stores/cassandra.ts	162	const	item
mem0-ts/src/oss/src/vector_stores/cassandra.ts	189	const	result
mem0-ts/src/oss/src/vector_stores/cassandra.ts	199	const	row
mem0-ts/src/oss/src/vector_stores/cassandra.ts	262	const	rows
mem0-ts/src/oss/src/vector_stores/cassandra.ts	270	const	item
mem0-ts/src/oss/src/vector_stores/cassandra.ts	295	const	result
mem0-ts/src/oss/src/vector_stores/cassandra.ts	305	const	existing
mem0-ts/src/oss/src/vector_stores/cassandra.ts	310	const	userId
mem0-ts/src/oss/src/vector_stores/cassandra.ts	331	const	driver
mem0-ts/src/oss/src/vector_stores/cassandra.ts	332	const	clientConfig
mem0-ts/src/oss/src/vector_stores/cassandra.ts	428	const	parsed
mem0-ts/src/oss/src/vector_stores/cassandra.ts	447	const	payloadValue
mem0-ts/src/oss/src/vector_stores/cassandra.ts	508	const	keyMap
mem0-ts/src/oss/src/vector_stores/cassandra.ts	513	const	normalized
mem0-ts/src/oss/src/vector_stores/cassandra.ts	515	const	normalizedKey
mem0-ts/src/oss/src/vector_stores/cassandra.ts	591	const	result
mem0-ts/src/oss/src/vector_stores/chroma.ts	5	interface	ChromaConfig
mem0-ts/src/oss/src/vector_stores/chroma.ts	25	const	MIGRATIONS_COLLECTION
mem0-ts/src/oss/src/vector_stores/chroma.ts	34	class	ChromaDB
mem0-ts/src/oss/src/vector_stores/chroma.ts	63	const	config
mem0-ts/src/oss/src/vector_stores/chroma.ts	85	const	params
mem0-ts/src/oss/src/vector_stores/chroma.ts	95	const	client
mem0-ts/src/oss/src/vector_stores/chroma.ts	106	const	client
mem0-ts/src/oss/src/vector_stores/chroma.ts	124	const	ids
mem0-ts/src/oss/src/vector_stores/chroma.ts	125	const	distances
mem0-ts/src/oss/src/vector_stores/chroma.ts	126	const	metadatas
mem0-ts/src/oss/src/vector_stores/chroma.ts	128	const	length
mem0-ts/src/oss/src/vector_stores/chroma.ts	129	const	results
mem0-ts/src/oss/src/vector_stores/chroma.ts	132	const	rawDistance
mem0-ts/src/oss/src/vector_stores/chroma.ts	133	const	score
mem0-ts/src/oss/src/vector_stores/chroma.ts	153	const	collection
mem0-ts/src/oss/src/vector_stores/chroma.ts	170	const	collection
mem0-ts/src/oss/src/vector_stores/chroma.ts	171	const	where
mem0-ts/src/oss/src/vector_stores/chroma.ts	172	const	results
mem0-ts/src/oss/src/vector_stores/chroma.ts	181	const	collection
mem0-ts/src/oss/src/vector_stores/chroma.ts	182	const	results
mem0-ts/src/oss/src/vector_stores/chroma.ts	183	const	parsed
mem0-ts/src/oss/src/vector_stores/chroma.ts	192	const	collection
mem0-ts/src/oss/src/vector_stores/chroma.ts	201	const	collection
mem0-ts/src/oss/src/vector_stores/chroma.ts	206	const	client
mem0-ts/src/oss/src/vector_stores/chroma.ts	215	const	collection
mem0-ts/src/oss/src/vector_stores/chroma.ts	216	const	where
mem0-ts/src/oss/src/vector_stores/chroma.ts	217	const	results
mem0-ts/src/oss/src/vector_stores/chroma.ts	218	const	parsed
mem0-ts/src/oss/src/vector_stores/chroma.ts	226	const	r
mem0-ts/src/oss/src/vector_stores/chroma.ts	227	const	v
mem0-ts/src/oss/src/vector_stores/chroma.ts	234	const	collection
mem0-ts/src/oss/src/vector_stores/chroma.ts	235	const	result
mem0-ts/src/oss/src/vector_stores/chroma.ts	236	const	ids
mem0-ts/src/oss/src/vector_stores/chroma.ts	237	const	metadatas
mem0-ts/src/oss/src/vector_stores/chroma.ts	243	const	randomUserId
mem0-ts/src/oss/src/vector_stores/chroma.ts	257	const	collection
mem0-ts/src/oss/src/vector_stores/chroma.ts	258	const	result
mem0-ts/src/oss/src/vector_stores/chroma.ts	259	const	ids
mem0-ts/src/oss/src/vector_stores/chroma.ts	260	const	pointId
mem0-ts/src/oss/src/vector_stores/chroma.ts	289	const	opMap
mem0-ts/src/oss/src/vector_stores/chroma.ts	299	const	condition
mem0-ts/src/oss/src/vector_stores/chroma.ts	325	const	negateOp
mem0-ts/src/oss/src/vector_stores/chroma.ts	336	const	processed
mem0-ts/src/oss/src/vector_stores/chroma.ts	340	const	orConditions
mem0-ts/src/oss/src/vector_stores/chroma.ts	342	const	built
mem0-ts/src/oss/src/vector_stores/chroma.ts	344	const	converted
mem0-ts/src/oss/src/vector_stores/chroma.ts	358	const	negatedPerGroup
mem0-ts/src/oss/src/vector_stores/chroma.ts	360	const	negatedFields
mem0-ts/src/oss/src/vector_stores/chroma.ts	364	const	neg
mem0-ts/src/oss/src/vector_stores/chroma.ts	366	const	converted
mem0-ts/src/oss/src/vector_stores/chroma.ts	373	const	converted
mem0-ts/src/oss/src/vector_stores/chroma.ts	391	const	converted
mem0-ts/src/oss/src/vector_stores/databricks.ts	5	const	SAFE_IDENTIFIER_RE
mem0-ts/src/oss/src/vector_stores/databricks.ts	6	const	DEFAULT_PAGE_SIZE
mem0-ts/src/oss/src/vector_stores/databricks.ts	7	const	MAX_QUERY_RESULTS
mem0-ts/src/oss/src/vector_stores/databricks.ts	8	const	MAX_FULL_TEXT_RESULTS
mem0-ts/src/oss/src/vector_stores/databricks.ts	9	const	DEFAULT_SYNC_POLL_INTERVAL_MS
mem0-ts/src/oss/src/vector_stores/databricks.ts	10	const	DEFAULT_SYNC_TIMEOUT_MS
mem0-ts/src/oss/src/vector_stores/databricks.ts	11	const	DATABRICKS_SERVER_FILTER_KEYS
mem0-ts/src/oss/src/vector_stores/databricks.ts	18	interface	DatabricksConfig
mem0-ts/src/oss/src/vector_stores/databricks.ts	39	interface	DatabricksSqlClientLike
mem0-ts/src/oss/src/vector_stores/databricks.ts	45	interface	DatabricksSqlSessionLike
mem0-ts/src/oss/src/vector_stores/databricks.ts	50	interface	DatabricksSqlOperationLike
mem0-ts/src/oss/src/vector_stores/databricks.ts	55	interface	DatabricksHttpClientLike
mem0-ts/src/oss/src/vector_stores/databricks.ts	65	interface	DatabricksVector
mem0-ts/src/oss/src/vector_stores/databricks.ts	70	function	buildDatabricksAuthorizationDetails
mem0-ts/src/oss/src/vector_stores/databricks.ts	84	function	validateIdentifier
mem0-ts/src/oss/src/vector_stores/databricks.ts	97	function	extractHostAndWorkspaceUrl
mem0-ts/src/oss/src/vector_stores/databricks.ts	102	const	url
mem0-ts/src/oss/src/vector_stores/databricks.ts	123	function	lemmatizedText
mem0-ts/src/oss/src/vector_stores/databricks.ts	124	const	data
mem0-ts/src/oss/src/vector_stores/databricks.ts	131	function	formatSqlValue
mem0-ts/src/oss/src/vector_stores/databricks.ts	147	const	json
mem0-ts/src/oss/src/vector_stores/databricks.ts	153	const	escaped
mem0-ts/src/oss/src/vector_stores/databricks.ts	157	function	extractRowValue
mem0-ts/src/oss/src/vector_stores/databricks.ts	162	const	upper
mem0-ts/src/oss/src/vector_stores/databricks.ts	170	function	isPlainObject
mem0-ts/src/oss/src/vector_stores/databricks.ts	174	function	normalizeFilterValue
mem0-ts/src/oss/src/vector_stores/databricks.ts	181	function	isDatabricksServerFilterKey
mem0-ts/src/oss/src/vector_stores/databricks.ts	185	function	mergeDatabricksFilters
mem0-ts/src/oss/src/vector_stores/databricks.ts	201	function	buildSimpleDatabricksFilter
mem0-ts/src/oss/src/vector_stores/databricks.ts	209	const	safeKey
mem0-ts/src/oss/src/vector_stores/databricks.ts	217	const	entries
mem0-ts/src/oss/src/vector_stores/databricks.ts	249	function	buildStandardDatabricksFiltersFromClauses
mem0-ts/src/oss/src/vector_stores/databricks.ts	252	const	result
mem0-ts/src/oss/src/vector_stores/databricks.ts	255	const	translated
mem0-ts/src/oss/src/vector_stores/databricks.ts	267	function	buildStorageOptimizedDatabricksFilterClause
mem0-ts/src/oss/src/vector_stores/databricks.ts	275	const	safeKey
mem0-ts/src/oss/src/vector_stores/databricks.ts	288	const	entries
mem0-ts/src/oss/src/vector_stores/databricks.ts	327	function	collectConjunctiveDatabricksFilters
mem0-ts/src/oss/src/vector_stores/databricks.ts	334	const	clauses
mem0-ts/src/oss/src/vector_stores/databricks.ts	362	function	isFullyConjunctiveDatabricksFilter
mem0-ts/src/oss/src/vector_stores/databricks.ts	392	function	buildDatabricksServerFilters
mem0-ts/src/oss/src/vector_stores/databricks.ts	396	const	clauses
mem0-ts/src/oss/src/vector_stores/databricks.ts	403	const	translatedClauses
mem0-ts/src/oss/src/vector_stores/databricks.ts	414	const	translatedFilters
mem0-ts/src/oss/src/vector_stores/databricks.ts	421	class	DatabricksVectorStore
mem0-ts/src/oss/src/vector_stores/databricks.ts	561	const	values
mem0-ts/src/oss/src/vector_stores/databricks.ts	563	const	payload
mem0-ts/src/oss/src/vector_stores/databricks.ts	564	const	sessionValues
mem0-ts/src/oss/src/vector_stores/databricks.ts	598	const	requestFilters
mem0-ts/src/oss/src/vector_stores/databricks.ts	621	const	requestFilters
mem0-ts/src/oss/src/vector_stores/databricks.ts	646	const	rows
mem0-ts/src/oss/src/vector_stores/databricks.ts	652	const	row
mem0-ts/src/oss/src/vector_stores/databricks.ts	736	const	conjunctiveFilters
mem0-ts/src/oss/src/vector_stores/databricks.ts	737	const	clauses
mem0-ts/src/oss/src/vector_stores/databricks.ts	740	const	whereClause
mem0-ts/src/oss/src/vector_stores/databricks.ts	746	const	isFullyExpressed
mem0-ts/src/oss/src/vector_stores/databricks.ts	750	const	limit
mem0-ts/src/oss/src/vector_stores/databricks.ts	752	const	rows
mem0-ts/src/oss/src/vector_stores/databricks.ts	758	const	results
mem0-ts/src/oss/src/vector_stores/databricks.ts	761	const	item
mem0-ts/src/oss/src/vector_stores/databricks.ts	780	const	rows
mem0-ts/src/oss/src/vector_stores/databricks.ts	785	const	existing
mem0-ts/src/oss/src/vector_stores/databricks.ts	793	const	userId
mem0-ts/src/oss/src/vector_stores/databricks.ts	883	const	baseURL
mem0-ts/src/oss/src/vector_stores/databricks.ts	900	const	baseClient
mem0-ts/src/oss/src/vector_stores/databricks.ts	923	const	token
mem0-ts/src/oss/src/vector_stores/databricks.ts	967	const	cacheKey
mem0-ts/src/oss/src/vector_stores/databricks.ts	968	const	cached
mem0-ts/src/oss/src/vector_stores/databricks.ts	979	const	formData
mem0-ts/src/oss/src/vector_stores/databricks.ts	987	const	response
mem0-ts/src/oss/src/vector_stores/databricks.ts	1001	const	token
mem0-ts/src/oss/src/vector_stores/databricks.ts	1008	const	expiresInSeconds
mem0-ts/src/oss/src/vector_stores/databricks.ts	1058	const	detail
mem0-ts/src/oss/src/vector_stores/databricks.ts	1078	const	sqlClient
mem0-ts/src/oss/src/vector_stores/databricks.ts	1079	const	connected
mem0-ts/src/oss/src/vector_stores/databricks.ts	1084	const	base
mem0-ts/src/oss/src/vector_stores/databricks.ts	1123	const	session
mem0-ts/src/oss/src/vector_stores/databricks.ts	1189	const	wait
mem0-ts/src/oss/src/vector_stores/databricks.ts	1198	const	error
mem0-ts/src/oss/src/vector_stores/databricks.ts	1205	const	deadline
mem0-ts/src/oss/src/vector_stores/databricks.ts	1208	const	response
mem0-ts/src/oss/src/vector_stores/databricks.ts	1211	const	state
mem0-ts/src/oss/src/vector_stores/databricks.ts	1237	const	deadline
mem0-ts/src/oss/src/vector_stores/databricks.ts	1240	const	response
mem0-ts/src/oss/src/vector_stores/databricks.ts	1243	const	ready
mem0-ts/src/oss/src/vector_stores/databricks.ts	1293	const	translated
mem0-ts/src/oss/src/vector_stores/databricks.ts	1307	const	token
mem0-ts/src/oss/src/vector_stores/databricks.ts	1320	const	requiresLocalFilteringPagination
mem0-ts/src/oss/src/vector_stores/databricks.ts	1322	const	queryResultCap
mem0-ts/src/oss/src/vector_stores/databricks.ts	1326	const	response
mem0-ts/src/oss/src/vector_stores/databricks.ts	1339	const	results
mem0-ts/src/oss/src/vector_stores/databricks.ts	1350	const	nextPage
mem0-ts/src/oss/src/vector_stores/databricks.ts	1375	const	resultData
mem0-ts/src/oss/src/vector_stores/databricks.ts	1376	const	dataArray
mem0-ts/src/oss/src/vector_stores/databricks.ts	1379	const	manifestColumns
mem0-ts/src/oss/src/vector_stores/databricks.ts	1384	const	results
mem0-ts/src/oss/src/vector_stores/databricks.ts	1387	const	rowDict
mem0-ts/src/oss/src/vector_stores/databricks.ts	1388	const	item
mem0-ts/src/oss/src/vector_stores/databricks.ts	1395	const	rawScore
mem0-ts/src/oss/src/vector_stores/databricks.ts	1426	const	parsed
mem0-ts/src/oss/src/vector_stores/databricks.ts	1474	const	fieldValue
mem0-ts/src/oss/src/vector_stores/databricks.ts	1567	const	keyMap
mem0-ts/src/oss/src/vector_stores/databricks.ts	1572	const	normalized
mem0-ts/src/oss/src/vector_stores/databricks.ts	1574	const	normalizedKey
mem0-ts/src/oss/src/vector_stores/elasticsearch.ts	5	interface	ElasticsearchConfig
mem0-ts/src/oss/src/vector_stores/elasticsearch.ts	25	const	SAFE_FILTER_KEY
mem0-ts/src/oss/src/vector_stores/elasticsearch.ts	30	function	validateFilter
mem0-ts/src/oss/src/vector_stores/elasticsearch.ts	45	class	ElasticsearchDB
mem0-ts/src/oss/src/vector_stores/elasticsearch.ts	67	const	config
mem0-ts/src/oss/src/vector_stores/elasticsearch.ts	71	const	params
mem0-ts/src/oss/src/vector_stores/elasticsearch.ts	79	const	host
mem0-ts/src/oss/src/vector_stores/elasticsearch.ts	80	const	port
mem0-ts/src/oss/src/vector_stores/elasticsearch.ts	137	const	exists
mem0-ts/src/oss/src/vector_stores/elasticsearch.ts	174	const	operations
mem0-ts/src/oss/src/vector_stores/elasticsearch.ts	191	const	searchBody
mem0-ts/src/oss/src/vector_stores/elasticsearch.ts	201	const	filterConditions
mem0-ts/src/oss/src/vector_stores/elasticsearch.ts	208	const	response
mem0-ts/src/oss/src/vector_stores/elasticsearch.ts	223	const	response
mem0-ts/src/oss/src/vector_stores/elasticsearch.ts	243	const	doc
mem0-ts/src/oss/src/vector_stores/elasticsearch.ts	272	const	query
mem0-ts/src/oss/src/vector_stores/elasticsearch.ts	275	const	filterConditions
mem0-ts/src/oss/src/vector_stores/elasticsearch.ts	284	const	response
mem0-ts/src/oss/src/vector_stores/elasticsearch.ts	289	const	results
mem0-ts/src/oss/src/vector_stores/elasticsearch.ts	299	const	r
mem0-ts/src/oss/src/vector_stores/elasticsearch.ts	300	const	v
mem0-ts/src/oss/src/vector_stores/elasticsearch.ts	308	const	response
mem0-ts/src/oss/src/vector_stores/elasticsearch.ts	319	const	randomUserId
mem0-ts/src/oss/src/vector_stores/elasticsearch.ts	342	const	response
mem0-ts/src/oss/src/vector_stores/elasticsearch.ts	348	const	docId
mem0-ts/src/oss/src/vector_stores/langchain.ts	7	interface	LangchainStoreConfig
mem0-ts/src/oss/src/vector_stores/langchain.ts	12	class	LangchainVectorStore
mem0-ts/src/oss/src/vector_stores/langchain.ts	80	const	documents
mem0-ts/src/oss/src/vector_stores/langchain.ts	124	const	results
mem0-ts/src/oss/src/vector_stores/memory.ts	11	interface	MemoryVector
mem0-ts/src/oss/src/vector_stores/memory.ts	17	class	MemoryVectorStore
mem0-ts/src/oss/src/vector_stores/memory.ts	45	const	oldDefault
mem0-ts/src/oss/src/vector_stores/memory.ts	97	const	payloadValue
mem0-ts/src/oss/src/vector_stores/memory.ts	164	const	keyMap
mem0-ts/src/oss/src/vector_stores/memory.ts	169	const	normalized
mem0-ts/src/oss/src/vector_stores/memory.ts	171	const	normKey
mem0-ts/src/oss/src/vector_stores/memory.ts	186	const	allMatch
mem0-ts/src/oss/src/vector_stores/memory.ts	197	const	anyMatch
mem0-ts/src/oss/src/vector_stores/memory.ts	208	const	noneMatch
mem0-ts/src/oss/src/vector_stores/memory.ts	228	const	stmt
mem0-ts/src/oss/src/vector_stores/memory.ts	231	const	insertMany
mem0-ts/src/oss/src/vector_stores/memory.ts	239	const	vectorBuffer
mem0-ts/src/oss/src/vector_stores/memory.ts	257	const	rows
mem0-ts/src/oss/src/vector_stores/memory.ts	260	const	candidates
mem0-ts/src/oss/src/vector_stores/memory.ts	267	const	payload
mem0-ts/src/oss/src/vector_stores/memory.ts	268	const	memoryVector
mem0-ts/src/oss/src/vector_stores/memory.ts	281	const	text
mem0-ts/src/oss/src/vector_stores/memory.ts	290	const	tokenizedQuery
mem0-ts/src/oss/src/vector_stores/memory.ts	296	const	k1
mem0-ts/src/oss/src/vector_stores/memory.ts	297	const	b
mem0-ts/src/oss/src/vector_stores/memory.ts	298	const	N
mem0-ts/src/oss/src/vector_stores/memory.ts	299	const	avgDocLength
mem0-ts/src/oss/src/vector_stores/memory.ts	303	const	docFreq
mem0-ts/src/oss/src/vector_stores/memory.ts	315	const	idf
mem0-ts/src/oss/src/vector_stores/memory.ts	321	const	scored
mem0-ts/src/oss/src/vector_stores/memory.ts	323	const	docLength
mem0-ts/src/oss/src/vector_stores/memory.ts	325	const	tf
mem0-ts/src/oss/src/vector_stores/memory.ts	326	const	termIdf
mem0-ts/src/oss/src/vector_stores/memory.ts	335	const	results
mem0-ts/src/oss/src/vector_stores/memory.ts	363	const	rows
mem0-ts/src/oss/src/vector_stores/memory.ts	364	const	results
mem0-ts/src/oss/src/vector_stores/memory.ts	367	const	vector
mem0-ts/src/oss/src/vector_stores/memory.ts	372	const	payload
mem0-ts/src/oss/src/vector_stores/memory.ts	373	const	memoryVector
mem0-ts/src/oss/src/vector_stores/memory.ts	380	const	score
mem0-ts/src/oss/src/vector_stores/memory.ts	394	const	row
mem0-ts/src/oss/src/vector_stores/memory.ts	399	const	payload
mem0-ts/src/oss/src/vector_stores/memory.ts	416	const	vectorBuffer
mem0-ts/src/oss/src/vector_stores/memory.ts	435	const	rows
mem0-ts/src/oss/src/vector_stores/memory.ts	436	const	results
mem0-ts/src/oss/src/vector_stores/memory.ts	439	const	payload
mem0-ts/src/oss/src/vector_stores/memory.ts	440	const	memoryVector
mem0-ts/src/oss/src/vector_stores/memory.ts	464	const	row
mem0-ts/src/oss/src/vector_stores/memory.ts	472	const	randomUserId
mem0-ts/src/oss/src/vector_stores/milvus.ts	8	type	MilvusMetricType
mem0-ts/src/oss/src/vector_stores/milvus.ts	10	interface	MilvusConfig
mem0-ts/src/oss/src/vector_stores/milvus.ts	47	class	Milvus
mem0-ts/src/oss/src/vector_stores/milvus.ts	72	const	sdk
mem0-ts/src/oss/src/vector_stores/milvus.ts	85	const	sdk
mem0-ts/src/oss/src/vector_stores/milvus.ts	127	const	has
mem0-ts/src/oss/src/vector_stores/milvus.ts	131	const	exists
mem0-ts/src/oss/src/vector_stores/milvus.ts	136	const	desc
mem0-ts/src/oss/src/vector_stores/milvus.ts	139	const	names
mem0-ts/src/oss/src/vector_stores/milvus.ts	153	const	DataType
mem0-ts/src/oss/src/vector_stores/milvus.ts	154	const	fields
mem0-ts/src/oss/src/vector_stores/milvus.ts	232	const	operands
mem0-ts/src/oss/src/vector_stores/milvus.ts	241	const	escaped
mem0-ts/src/oss/src/vector_stores/milvus.ts	261	const	raw
mem0-ts/src/oss/src/vector_stores/milvus.ts	270	const	data
mem0-ts/src/oss/src/vector_stores/milvus.ts	271	const	metadata
mem0-ts/src/oss/src/vector_stores/milvus.ts	272	const	row
mem0-ts/src/oss/src/vector_stores/milvus.ts	297	const	rawDistance
mem0-ts/src/oss/src/vector_stores/milvus.ts	315	const	filter
mem0-ts/src/oss/src/vector_stores/milvus.ts	316	const	req
mem0-ts/src/oss/src/vector_stores/milvus.ts	326	const	res
mem0-ts/src/oss/src/vector_stores/milvus.ts	343	const	filter
mem0-ts/src/oss/src/vector_stores/milvus.ts	344	const	res
mem0-ts/src/oss/src/vector_stores/milvus.ts	361	const	res
mem0-ts/src/oss/src/vector_stores/milvus.ts	366	const	rows
mem0-ts/src/oss/src/vector_stores/milvus.ts	379	const	row
mem0-ts/src/oss/src/vector_stores/milvus.ts	408	const	filter
mem0-ts/src/oss/src/vector_stores/milvus.ts	409	const	res
mem0-ts/src/oss/src/vector_stores/milvus.ts	415	const	rows
mem0-ts/src/oss/src/vector_stores/milvus.ts	416	const	results
mem0-ts/src/oss/src/vector_stores/milvus.ts	425	const	r
mem0-ts/src/oss/src/vector_stores/milvus.ts	426	const	v
mem0-ts/src/oss/src/vector_stores/milvus.ts	432	const	name
mem0-ts/src/oss/src/vector_stores/milvus.ts	433	const	has
mem0-ts/src/oss/src/vector_stores/milvus.ts	434	const	exists
mem0-ts/src/oss/src/vector_stores/milvus.ts	437	const	DataType
mem0-ts/src/oss/src/vector_stores/milvus.ts	469	const	res
mem0-ts/src/oss/src/vector_stores/milvus.ts	475	const	rows
mem0-ts/src/oss/src/vector_stores/milvus.ts	479	const	randomUserId
mem0-ts/src/oss/src/vector_stores/milvus.ts	496	const	existing
mem0-ts/src/oss/src/vector_stores/milvus.ts	502	const	rows
mem0-ts/src/oss/src/vector_stores/milvus.ts	503	const	id
mem0-ts/src/oss/src/vector_stores/mongodb.ts	5	interface	MongoDBConfig
mem0-ts/src/oss/src/vector_stores/mongodb.ts	16	class	MongoDB
mem0-ts/src/oss/src/vector_stores/mongodb.ts	41	const	config
mem0-ts/src/oss/src/vector_stores/mongodb.ts	53	const	url
mem0-ts/src/oss/src/vector_stores/mongodb.ts	70	const	collections
mem0-ts/src/oss/src/vector_stores/mongodb.ts	85	const	indexes
mem0-ts/src/oss/src/vector_stores/mongodb.ts	114	const	textIndexName
mem0-ts/src/oss/src/vector_stores/mongodb.ts	118	const	indexes
mem0-ts/src/oss/src/vector_stores/mongodb.ts	184	const	documents
mem0-ts/src/oss/src/vector_stores/mongodb.ts	214	const	indexes
mem0-ts/src/oss/src/vector_stores/mongodb.ts	226	const	pipeline
mem0-ts/src/oss/src/vector_stores/mongodb.ts	241	const	filterConditions
mem0-ts/src/oss/src/vector_stores/mongodb.ts	250	const	results
mem0-ts/src/oss/src/vector_stores/mongodb.ts	284	const	textIndexName
mem0-ts/src/oss/src/vector_stores/mongodb.ts	285	const	pipeline
mem0-ts/src/oss/src/vector_stores/mongodb.ts	300	const	filterConditions
mem0-ts/src/oss/src/vector_stores/mongodb.ts	311	const	results
mem0-ts/src/oss/src/vector_stores/mongodb.ts	330	const	doc
mem0-ts/src/oss/src/vector_stores/mongodb.ts	350	const	updateFields
mem0-ts/src/oss/src/vector_stores/mongodb.ts	362	const	result
mem0-ts/src/oss/src/vector_stores/mongodb.ts	379	const	result
mem0-ts/src/oss/src/vector_stores/mongodb.ts	414	const	filterConditions
mem0-ts/src/oss/src/vector_stores/mongodb.ts	423	const	results
mem0-ts/src/oss/src/vector_stores/mongodb.ts	425	const	output
mem0-ts/src/oss/src/vector_stores/mongodb.ts	440	const	migrationsCol
mem0-ts/src/oss/src/vector_stores/mongodb.ts	441	const	doc
mem0-ts/src/oss/src/vector_stores/mongodb.ts	446	const	randomUserId
mem0-ts/src/oss/src/vector_stores/mongodb.ts	465	const	migrationsCol
mem0-ts/src/oss/src/vector_stores/neptune_analytics.ts	8	interface	NeptuneAnalyticsConfig
mem0-ts/src/oss/src/vector_stores/neptune_analytics.ts	16	interface	NeptuneGraphClientLike
mem0-ts/src/oss/src/vector_stores/neptune_analytics.ts	20	interface	NeptuneSDK
mem0-ts/src/oss/src/vector_stores/neptune_analytics.ts	27	interface	NeptuneExecuteQueryOutput
mem0-ts/src/oss/src/vector_stores/neptune_analytics.ts	33	type	NeptuneQueryRecord
mem0-ts/src/oss/src/vector_stores/neptune_analytics.ts	34	type	NeptuneVertexFilter
mem0-ts/src/oss/src/vector_stores/neptune_analytics.ts	36	interface	WhereClauseResult
mem0-ts/src/oss/src/vector_stores/neptune_analytics.ts	42	class	NeptuneAnalyticsVectorStore
mem0-ts/src/oss/src/vector_stores/neptune_analytics.ts	90	const	existingIds
mem0-ts/src/oss/src/vector_stores/neptune_analytics.ts	92	const	rows
mem0-ts/src/oss/src/vector_stores/neptune_analytics.ts	98	const	propertiesQuery
mem0-ts/src/oss/src/vector_stores/neptune_analytics.ts	105	const	vectorQuery
mem0-ts/src/oss/src/vector_stores/neptune_analytics.ts	116	const	results
mem0-ts/src/oss/src/vector_stores/neptune_analytics.ts	135	const	vertexFilter
mem0-ts/src/oss/src/vector_stores/neptune_analytics.ts	136	const	results
mem0-ts/src/oss/src/vector_stores/neptune_analytics.ts	154	const	results
mem0-ts/src/oss/src/vector_stores/neptune_analytics.ts	181	const	hasPayload
mem0-ts/src/oss/src/vector_stores/neptune_analytics.ts	182	const	hasVector
mem0-ts/src/oss/src/vector_stores/neptune_analytics.ts	193	const	priorResult
mem0-ts/src/oss/src/vector_stores/neptune_analytics.ts	197	const	properties
mem0-ts/src/oss/src/vector_stores/neptune_analytics.ts	213	const	updateResults
mem0-ts/src/oss/src/vector_stores/neptune_analytics.ts	280	const	whereClause
mem0-ts/src/oss/src/vector_stores/neptune_analytics.ts	304	const	items
mem0-ts/src/oss/src/vector_stores/neptune_analytics.ts	305	const	count
mem0-ts/src/oss/src/vector_stores/neptune_analytics.ts	314	const	results
mem0-ts/src/oss/src/vector_stores/neptune_analytics.ts	325	const	existing
mem0-ts/src/oss/src/vector_stores/neptune_analytics.ts	326	const	userId
mem0-ts/src/oss/src/vector_stores/neptune_analytics.ts	332	const	randomUserId
mem0-ts/src/oss/src/vector_stores/neptune_analytics.ts	359	const	results
mem0-ts/src/oss/src/vector_stores/neptune_analytics.ts	406	const	rawIdentifier
mem0-ts/src/oss/src/vector_stores/neptune_analytics.ts	464	const	conditions
mem0-ts/src/oss/src/vector_stores/neptune_analytics.ts	473	const	metadataFilter
mem0-ts/src/oss/src/vector_stores/neptune_analytics.ts	484	const	operations
mem0-ts/src/oss/src/vector_stores/neptune_analytics.ts	496	const	nested
mem0-ts/src/oss/src/vector_stores/neptune_analytics.ts	499	const	joiner
mem0-ts/src/oss/src/vector_stores/neptune_analytics.ts	500	const	combined
mem0-ts/src/oss/src/vector_stores/neptune_analytics.ts	512	const	nested
mem0-ts/src/oss/src/vector_stores/neptune_analytics.ts	516	const	combined
mem0-ts/src/oss/src/vector_stores/neptune_analytics.ts	571	const	operations
mem0-ts/src/oss/src/vector_stores/neptune_analytics.ts	741	const	clauses
mem0-ts/src/oss/src/vector_stores/neptune_analytics.ts	742	const	parameters
mem0-ts/src/oss/src/vector_stores/neptune_analytics.ts	755	const	nestedClauses
mem0-ts/src/oss/src/vector_stores/neptune_analytics.ts	757	const	nested
mem0-ts/src/oss/src/vector_stores/neptune_analytics.ts	766	const	joiner
mem0-ts/src/oss/src/vector_stores/neptune_analytics.ts	777	const	nestedClauses
mem0-ts/src/oss/src/vector_stores/neptune_analytics.ts	779	const	nested
mem0-ts/src/oss/src/vector_stores/neptune_analytics.ts	793	const	fieldResult
mem0-ts/src/oss/src/vector_stores/neptune_analytics.ts	815	const	field
mem0-ts/src/oss/src/vector_stores/neptune_analytics.ts	816	const	parameters
mem0-ts/src/oss/src/vector_stores/neptune_analytics.ts	817	const	clauses
mem0-ts/src/oss/src/vector_stores/neptune_analytics.ts	820	const	addParameter
mem0-ts/src/oss/src/vector_stores/neptune_analytics.ts	821	const	parameterName
mem0-ts/src/oss/src/vector_stores/neptune_analytics.ts	836	const	parameterName
mem0-ts/src/oss/src/vector_stores/neptune_analytics.ts	845	const	parameterName
mem0-ts/src/oss/src/vector_stores/neptune_analytics.ts	854	const	parameterName
mem0-ts/src/oss/src/vector_stores/neptune_analytics.ts	962	const	node
mem0-ts/src/oss/src/vector_stores/neptune_analytics.ts	963	const	payload
mem0-ts/src/oss/src/vector_stores/neptune_analytics.ts	972	const	base
mem0-ts/src/oss/src/vector_stores/neptune_analytics.ts	973	const	score
mem0-ts/src/oss/src/vector_stores/neptune_analytics.ts	995	const	rawId
mem0-ts/src/oss/src/vector_stores/neptune_analytics.ts	1000	const	node
mem0-ts/src/oss/src/vector_stores/neptune_analytics.ts	1001	const	payload
mem0-ts/src/oss/src/vector_stores/neptune_analytics.ts	1002	const	userId
mem0-ts/src/oss/src/vector_stores/neptune_analytics.ts	1015	const	numericScore
mem0-ts/src/oss/src/vector_stores/neptune_analytics.ts	1050	const	detail
mem0-ts/src/oss/src/vector_stores/neptune_analytics.ts	1085	const	response
mem0-ts/src/oss/src/vector_stores/neptune_analytics.ts	1094	const	rawPayload
mem0-ts/src/oss/src/vector_stores/neptune_analytics.ts	1102	const	parsed
mem0-ts/src/oss/src/vector_stores/opensearch.ts	5	type	OpenSearchAuth
mem0-ts/src/oss/src/vector_stores/opensearch.ts	16	interface	OpenSearchConfig
mem0-ts/src/oss/src/vector_stores/opensearch.ts	32	interface	OpenSearchHit
mem0-ts/src/oss/src/vector_stores/opensearch.ts	42	const	KEY_MAP
mem0-ts/src/oss/src/vector_stores/opensearch.ts	48	function	responseBody
mem0-ts/src/oss/src/vector_stores/opensearch.ts	61	function	escapeWildcard
mem0-ts/src/oss/src/vector_stores/opensearch.ts	65	class	OpenSearchDB
mem0-ts/src/oss/src/vector_stores/opensearch.ts	88	const	config
mem0-ts/src/oss/src/vector_stores/opensearch.ts	92	const	useSSL
mem0-ts/src/oss/src/vector_stores/opensearch.ts	93	const	host
mem0-ts/src/oss/src/vector_stores/opensearch.ts	94	const	port
mem0-ts/src/oss/src/vector_stores/opensearch.ts	95	const	auth
mem0-ts/src/oss/src/vector_stores/opensearch.ts	158	const	response
mem0-ts/src/oss/src/vector_stores/opensearch.ts	238	const	operations
mem0-ts/src/oss/src/vector_stores/opensearch.ts	239	const	id
mem0-ts/src/oss/src/vector_stores/opensearch.ts	252	const	response
mem0-ts/src/oss/src/vector_stores/opensearch.ts	260	const	failedItem
mem0-ts/src/oss/src/vector_stores/opensearch.ts	261	const	action
mem0-ts/src/oss/src/vector_stores/opensearch.ts	277	const	boolQuery
mem0-ts/src/oss/src/vector_stores/opensearch.ts	285	const	filter
mem0-ts/src/oss/src/vector_stores/opensearch.ts	290	const	response
mem0-ts/src/oss/src/vector_stores/opensearch.ts	309	const	knnQuery
mem0-ts/src/oss/src/vector_stores/opensearch.ts	318	const	filter
mem0-ts/src/oss/src/vector_stores/opensearch.ts	319	const	searchQuery
mem0-ts/src/oss/src/vector_stores/opensearch.ts	328	const	response
mem0-ts/src/oss/src/vector_stores/opensearch.ts	346	const	response
mem0-ts/src/oss/src/vector_stores/opensearch.ts	418	const	filter
mem0-ts/src/oss/src/vector_stores/opensearch.ts	419	const	query
mem0-ts/src/oss/src/vector_stores/opensearch.ts	421	const	response
mem0-ts/src/oss/src/vector_stores/opensearch.ts	436	const	results
mem0-ts/src/oss/src/vector_stores/opensearch.ts	437	const	total
mem0-ts/src/oss/src/vector_stores/opensearch.ts	455	const	response
mem0-ts/src/oss/src/vector_stores/opensearch.ts	465	const	existing
mem0-ts/src/oss/src/vector_stores/opensearch.ts	468	const	userId
mem0-ts/src/oss/src/vector_stores/opensearch.ts	501	const	normalized
mem0-ts/src/oss/src/vector_stores/opensearch.ts	522	const	clauses
mem0-ts/src/oss/src/vector_stores/opensearch.ts	559	const	clauses
mem0-ts/src/oss/src/vector_stores/opensearch.ts	631	const	field
mem0-ts/src/oss/src/vector_stores/pgvector.ts	7	const	SAFE_IDENTIFIER_RE
mem0-ts/src/oss/src/vector_stores/pgvector.ts	9	function	validateIdentifier
mem0-ts/src/oss/src/vector_stores/pgvector.ts	22	function	escapeFilterKey
mem0-ts/src/oss/src/vector_stores/pgvector.ts	31	interface	FilterResult
mem0-ts/src/oss/src/vector_stores/pgvector.ts	37	const	OPERATOR_SQL_MAP
mem0-ts/src/oss/src/vector_stores/pgvector.ts	60	function	buildFilterConditions
mem0-ts/src/oss/src/vector_stores/pgvector.ts	64	const	conditions
mem0-ts/src/oss/src/vector_stores/pgvector.ts	65	const	values
mem0-ts/src/oss/src/vector_stores/pgvector.ts	74	const	orGroups
mem0-ts/src/oss/src/vector_stores/pgvector.ts	76	const	sub
mem0-ts/src/oss/src/vector_stores/pgvector.ts	90	const	notGroups
mem0-ts/src/oss/src/vector_stores/pgvector.ts	92	const	sub
mem0-ts/src/oss/src/vector_stores/pgvector.ts	105	const	safeKey
mem0-ts/src/oss/src/vector_stores/pgvector.ts	116	const	mapping
mem0-ts/src/oss/src/vector_stores/pgvector.ts	120	const	clause
mem0-ts/src/oss/src/vector_stores/pgvector.ts	128	const	escaped
mem0-ts/src/oss/src/vector_stores/pgvector.ts	158	interface	PGVectorConfig
mem0-ts/src/oss/src/vector_stores/pgvector.ts	171	function	getConnectionString
mem0-ts/src/oss/src/vector_stores/pgvector.ts	175	function	validateConnectionConfig
mem0-ts/src/oss/src/vector_stores/pgvector.ts	180	const	missingFields
mem0-ts/src/oss/src/vector_stores/pgvector.ts	181	const	v
mem0-ts/src/oss/src/vector_stores/pgvector.ts	192	function	buildClientConfig
mem0-ts/src/oss/src/vector_stores/pgvector.ts	196	const	connectionString
mem0-ts/src/oss/src/vector_stores/pgvector.ts	214	class	PGVector
mem0-ts/src/oss/src/vector_stores/pgvector.ts	263	const	dbExists
mem0-ts/src/oss/src/vector_stores/pgvector.ts	283	const	collections
mem0-ts/src/oss/src/vector_stores/pgvector.ts	294	const	result
mem0-ts/src/oss/src/vector_stores/pgvector.ts	306	const	dims
mem0-ts/src/oss/src/vector_stores/pgvector.ts	317	const	result
mem0-ts/src/oss/src/vector_stores/pgvector.ts	348	const	values
mem0-ts/src/oss/src/vector_stores/pgvector.ts	354	const	query
mem0-ts/src/oss/src/vector_stores/pgvector.ts	377	const	filterValues
mem0-ts/src/oss/src/vector_stores/pgvector.ts	379	const	filterClause
mem0-ts/src/oss/src/vector_stores/pgvector.ts	382	const	searchQuery
mem0-ts/src/oss/src/vector_stores/pgvector.ts	391	const	result
mem0-ts/src/oss/src/vector_stores/pgvector.ts	409	const	queryVector
mem0-ts/src/oss/src/vector_stores/pgvector.ts	415	const	filterValues
mem0-ts/src/oss/src/vector_stores/pgvector.ts	417	const	filterClause
mem0-ts/src/oss/src/vector_stores/pgvector.ts	420	const	searchQuery
mem0-ts/src/oss/src/vector_stores/pgvector.ts	428	const	result
mem0-ts/src/oss/src/vector_stores/pgvector.ts	438	const	result
mem0-ts/src/oss/src/vector_stores/pgvector.ts	456	const	vectorStr
mem0-ts/src/oss/src/vector_stores/pgvector.ts	478	const	result
mem0-ts/src/oss/src/vector_stores/pgvector.ts	496	const	filterClause
mem0-ts/src/oss/src/vector_stores/pgvector.ts	499	const	listQuery
mem0-ts/src/oss/src/vector_stores/pgvector.ts	506	const	countQuery
mem0-ts/src/oss/src/vector_stores/pgvector.ts	512	const	listValues
mem0-ts/src/oss/src/vector_stores/pgvector.ts	519	const	results
mem0-ts/src/oss/src/vector_stores/pgvector.ts	532	const	result
mem0-ts/src/oss/src/vector_stores/pgvector.ts	541	const	randomUserId
mem0-ts/src/oss/src/vector_stores/pinecone.ts	5	const	MIGRATIONS_NAMESPACE
mem0-ts/src/oss/src/vector_stores/pinecone.ts	6	const	MIGRATIONS_RECORD_ID
mem0-ts/src/oss/src/vector_stores/pinecone.ts	8	interface	PineconeDBConfig
mem0-ts/src/oss/src/vector_stores/pinecone.ts	29	class	PineconeDB
mem0-ts/src/oss/src/vector_stores/pinecone.ts	51	const	apiKey
mem0-ts/src/oss/src/vector_stores/pinecone.ts	80	const	config
mem0-ts/src/oss/src/vector_stores/pinecone.ts	84	const	apiKey
mem0-ts/src/oss/src/vector_stores/pinecone.ts	111	const	indexList
mem0-ts/src/oss/src/vector_stores/pinecone.ts	112	const	exists
mem0-ts/src/oss/src/vector_stores/pinecone.ts	117	const	spec
mem0-ts/src/oss/src/vector_stores/pinecone.ts	163	const	result
mem0-ts/src/oss/src/vector_stores/pinecone.ts	195	const	pineconeOps
mem0-ts/src/oss/src/vector_stores/pinecone.ts	252	const	records
mem0-ts/src/oss/src/vector_stores/pinecone.ts	278	const	filter
mem0-ts/src/oss/src/vector_stores/pinecone.ts	279	const	response
mem0-ts/src/oss/src/vector_stores/pinecone.ts	295	const	response
mem0-ts/src/oss/src/vector_stores/pinecone.ts	296	const	record
mem0-ts/src/oss/src/vector_stores/pinecone.ts	334	const	zeroVector
mem0-ts/src/oss/src/vector_stores/pinecone.ts	335	const	filter
mem0-ts/src/oss/src/vector_stores/pinecone.ts	336	const	response
mem0-ts/src/oss/src/vector_stores/pinecone.ts	343	const	results
mem0-ts/src/oss/src/vector_stores/pinecone.ts	354	const	response
mem0-ts/src/oss/src/vector_stores/pinecone.ts	357	const	record
mem0-ts/src/oss/src/vector_stores/pinecone.ts	364	const	randomUserId
mem0-ts/src/oss/src/vector_stores/qdrant.ts	6	interface	QdrantConfig
mem0-ts/src/oss/src/vector_stores/qdrant.ts	33	interface	QdrantFilter
mem0-ts/src/oss/src/vector_stores/qdrant.ts	39	interface	QdrantCondition
mem0-ts/src/oss/src/vector_stores/qdrant.ts	51	const	KEY_MAP
mem0-ts/src/oss/src/vector_stores/qdrant.ts	57	class	Qdrant
mem0-ts/src/oss/src/vector_stores/qdrant.ts	67	const	params
mem0-ts/src/oss/src/vector_stores/qdrant.ts	75	const	parsedUrl
mem0-ts/src/oss/src/vector_stores/qdrant.ts	125	const	ops
mem0-ts/src/oss/src/vector_stores/qdrant.ts	126	const	rangeOps
mem0-ts/src/oss/src/vector_stores/qdrant.ts	127	const	hasRangeOps
mem0-ts/src/oss/src/vector_stores/qdrant.ts	128	const	nonRangeOps
mem0-ts/src/oss/src/vector_stores/qdrant.ts	139	const	range
mem0-ts/src/oss/src/vector_stores/qdrant.ts	162	const	text
mem0-ts/src/oss/src/vector_stores/qdrant.ts	167	const	supportedOps
mem0-ts/src/oss/src/vector_stores/qdrant.ts	193	const	normalized
mem0-ts/src/oss/src/vector_stores/qdrant.ts	195	const	normKey
mem0-ts/src/oss/src/vector_stores/qdrant.ts	201	const	must
mem0-ts/src/oss/src/vector_stores/qdrant.ts	202	const	should
mem0-ts/src/oss/src/vector_stores/qdrant.ts	203	const	mustNot
mem0-ts/src/oss/src/vector_stores/qdrant.ts	214	const	item
mem0-ts/src/oss/src/vector_stores/qdrant.ts	228	const	built
mem0-ts/src/oss/src/vector_stores/qdrant.ts	235	const	built
mem0-ts/src/oss/src/vector_stores/qdrant.ts	242	const	built
mem0-ts/src/oss/src/vector_stores/qdrant.ts	250	const	condition
mem0-ts/src/oss/src/vector_stores/qdrant.ts	273	const	points
mem0-ts/src/oss/src/vector_stores/qdrant.ts	293	const	queryFilter
mem0-ts/src/oss/src/vector_stores/qdrant.ts	294	const	results
mem0-ts/src/oss/src/vector_stores/qdrant.ts	308	const	results
mem0-ts/src/oss/src/vector_stores/qdrant.ts	326	const	point
mem0-ts/src/oss/src/vector_stores/qdrant.ts	351	const	scrollRequest
mem0-ts/src/oss/src/vector_stores/qdrant.ts	358	const	response
mem0-ts/src/oss/src/vector_stores/qdrant.ts	363	const	results
mem0-ts/src/oss/src/vector_stores/qdrant.ts	375	const	r
mem0-ts/src/oss/src/vector_stores/qdrant.ts	376	const	v
mem0-ts/src/oss/src/vector_stores/qdrant.ts	388	const	result
mem0-ts/src/oss/src/vector_stores/qdrant.ts	398	const	randomUserId
mem0-ts/src/oss/src/vector_stores/qdrant.ts	422	const	result
mem0-ts/src/oss/src/vector_stores/qdrant.ts	427	const	pointId
mem0-ts/src/oss/src/vector_stores/qdrant.ts	462	const	collectionInfo
mem0-ts/src/oss/src/vector_stores/qdrant.ts	463	const	vectorConfig
mem0-ts/src/oss/src/vector_stores/redis.ts	18	function	escapeRedisTagValue
mem0-ts/src/oss/src/vector_stores/redis.ts	25	interface	RedisConfig
mem0-ts/src/oss/src/vector_stores/redis.ts	33	interface	RedisField
mem0-ts/src/oss/src/vector_stores/redis.ts	44	interface	RedisSchema
mem0-ts/src/oss/src/vector_stores/redis.ts	52	interface	RedisEntry
mem0-ts/src/oss/src/vector_stores/redis.ts	66	interface	RedisDocument
mem0-ts/src/oss/src/vector_stores/redis.ts	82	interface	RedisSearchResult
mem0-ts/src/oss/src/vector_stores/redis.ts	87	interface	RedisModule
mem0-ts/src/oss/src/vector_stores/redis.ts	92	const	DEFAULT_FIELDS
mem0-ts/src/oss/src/vector_stores/redis.ts	114	const	EXCLUDED_KEYS
mem0-ts/src/oss/src/vector_stores/redis.ts	125	function	toSnakeCase
mem0-ts/src/oss/src/vector_stores/redis.ts	137	function	toCamelCase
mem0-ts/src/oss/src/vector_stores/redis.ts	148	class	RedisDB
mem0-ts/src/oss/src/vector_stores/redis.ts	213	const	schema
mem0-ts/src/oss/src/vector_stores/redis.ts	268	const	modulesResponse
mem0-ts/src/oss/src/vector_stores/redis.ts	271	const	hasSearch
mem0-ts/src/oss/src/vector_stores/redis.ts	274	const	name
mem0-ts/src/oss/src/vector_stores/redis.ts	279	const	moduleMap
mem0-ts/src/oss/src/vector_stores/redis.ts	283	const	name
mem0-ts/src/oss/src/vector_stores/redis.ts	300	const	maxRetries
mem0-ts/src/oss/src/vector_stores/redis.ts	334	const	data
mem0-ts/src/oss/src/vector_stores/redis.ts	335	const	payload
mem0-ts/src/oss/src/vector_stores/redis.ts	336	const	id
mem0-ts/src/oss/src/vector_stores/redis.ts	339	const	createdAt
mem0-ts/src/oss/src/vector_stores/redis.ts	342	const	entry
mem0-ts/src/oss/src/vector_stores/redis.ts	392	const	snakeFilters
mem0-ts/src/oss/src/vector_stores/redis.ts	393	const	filterExpr
mem0-ts/src/oss/src/vector_stores/redis.ts	400	const	queryVector
mem0-ts/src/oss/src/vector_stores/redis.ts	402	const	searchOptions
mem0-ts/src/oss/src/vector_stores/redis.ts	426	const	results
mem0-ts/src/oss/src/vector_stores/redis.ts	433	const	resultPayload
mem0-ts/src/oss/src/vector_stores/redis.ts	461	const	exists
mem0-ts/src/oss/src/vector_stores/redis.ts	469	const	result
mem0-ts/src/oss/src/vector_stores/redis.ts	474	const	doc
mem0-ts/src/oss/src/vector_stores/redis.ts	492	const	timestamp
mem0-ts/src/oss/src/vector_stores/redis.ts	517	const	timestamp
mem0-ts/src/oss/src/vector_stores/redis.ts	539	const	payload
mem0-ts/src/oss/src/vector_stores/redis.ts	565	const	snakePayload
mem0-ts/src/oss/src/vector_stores/redis.ts	566	const	createdAt
mem0-ts/src/oss/src/vector_stores/redis.ts	569	const	updatedAt
mem0-ts/src/oss/src/vector_stores/redis.ts	572	const	entry
mem0-ts/src/oss/src/vector_stores/redis.ts	606	const	key
mem0-ts/src/oss/src/vector_stores/redis.ts	607	const	exists
mem0-ts/src/oss/src/vector_stores/redis.ts	615	const	result
mem0-ts/src/oss/src/vector_stores/redis.ts	636	const	snakeFilters
mem0-ts/src/oss/src/vector_stores/redis.ts	637	const	filterExpr
mem0-ts/src/oss/src/vector_stores/redis.ts	644	const	searchOptions
mem0-ts/src/oss/src/vector_stores/redis.ts	653	const	results
mem0-ts/src/oss/src/vector_stores/redis.ts	659	const	items
mem0-ts/src/oss/src/vector_stores/redis.ts	685	const	userId
mem0-ts/src/oss/src/vector_stores/redis.ts	691	const	randomUserId
mem0-ts/src/oss/src/vector_stores/s3_vectors.ts	10	const	MIGRATION_INDEX_NAME
mem0-ts/src/oss/src/vector_stores/s3_vectors.ts	11	const	MIGRATION_VECTOR_KEY
mem0-ts/src/oss/src/vector_stores/s3_vectors.ts	12	const	DEFAULT_PAGE_SIZE
mem0-ts/src/oss/src/vector_stores/s3_vectors.ts	13	const	ALWAYS_FALSE_FILTER_KEY
mem0-ts/src/oss/src/vector_stores/s3_vectors.ts	15	type	S3Filter
mem0-ts/src/oss/src/vector_stores/s3_vectors.ts	17	interface	S3VectorsConfig
mem0-ts/src/oss/src/vector_stores/s3_vectors.ts	31	interface	S3VectorsClientLike
mem0-ts/src/oss/src/vector_stores/s3_vectors.ts	35	class	S3Vectors
mem0-ts/src/oss/src/vector_stores/s3_vectors.ts	55	const	dimension
mem0-ts/src/oss/src/vector_stores/s3_vectors.ts	95	const	config
mem0-ts/src/oss/src/vector_stores/s3_vectors.ts	100	const	sdk
mem0-ts/src/oss/src/vector_stores/s3_vectors.ts	133	const	sdk
mem0-ts/src/oss/src/vector_stores/s3_vectors.ts	134	const	client
mem0-ts/src/oss/src/vector_stores/s3_vectors.ts	160	const	filter
mem0-ts/src/oss/src/vector_stores/s3_vectors.ts	164	const	sdk
mem0-ts/src/oss/src/vector_stores/s3_vectors.ts	165	const	client
mem0-ts/src/oss/src/vector_stores/s3_vectors.ts	166	const	response
mem0-ts/src/oss/src/vector_stores/s3_vectors.ts	178	const	responseDistanceMetric
mem0-ts/src/oss/src/vector_stores/s3_vectors.ts	190	const	sdk
mem0-ts/src/oss/src/vector_stores/s3_vectors.ts	191	const	client
mem0-ts/src/oss/src/vector_stores/s3_vectors.ts	193	const	response
mem0-ts/src/oss/src/vector_stores/s3_vectors.ts	202	const	vector
mem0-ts/src/oss/src/vector_stores/s3_vectors.ts	227	const	existing
mem0-ts/src/oss/src/vector_stores/s3_vectors.ts	237	const	sdk
mem0-ts/src/oss/src/vector_stores/s3_vectors.ts	238	const	client
mem0-ts/src/oss/src/vector_stores/s3_vectors.ts	257	const	sdk
mem0-ts/src/oss/src/vector_stores/s3_vectors.ts	258	const	client
mem0-ts/src/oss/src/vector_stores/s3_vectors.ts	271	const	sdk
mem0-ts/src/oss/src/vector_stores/s3_vectors.ts	272	const	client
mem0-ts/src/oss/src/vector_stores/s3_vectors.ts	294	const	filter
mem0-ts/src/oss/src/vector_stores/s3_vectors.ts	295	const	results
mem0-ts/src/oss/src/vector_stores/s3_vectors.ts	297	const	sdk
mem0-ts/src/oss/src/vector_stores/s3_vectors.ts	298	const	client
mem0-ts/src/oss/src/vector_stores/s3_vectors.ts	305	const	response
mem0-ts/src/oss/src/vector_stores/s3_vectors.ts	319	const	normalized
mem0-ts/src/oss/src/vector_stores/s3_vectors.ts	340	const	sdk
mem0-ts/src/oss/src/vector_stores/s3_vectors.ts	341	const	client
mem0-ts/src/oss/src/vector_stores/s3_vectors.ts	342	const	response
mem0-ts/src/oss/src/vector_stores/s3_vectors.ts	351	const	metadata
mem0-ts/src/oss/src/vector_stores/s3_vectors.ts	352	const	userId
mem0-ts/src/oss/src/vector_stores/s3_vectors.ts	358	const	randomUserId
mem0-ts/src/oss/src/vector_stores/s3_vectors.ts	369	const	sdk
mem0-ts/src/oss/src/vector_stores/s3_vectors.ts	370	const	client
mem0-ts/src/oss/src/vector_stores/s3_vectors.ts	389	const	sdk
mem0-ts/src/oss/src/vector_stores/s3_vectors.ts	390	const	client
mem0-ts/src/oss/src/vector_stores/s3_vectors.ts	421	const	sdk
mem0-ts/src/oss/src/vector_stores/s3_vectors.ts	422	const	client
mem0-ts/src/oss/src/vector_stores/s3_vectors.ts	460	const	sdk
mem0-ts/src/oss/src/vector_stores/s3_vectors.ts	461	const	client
mem0-ts/src/oss/src/vector_stores/s3_vectors.ts	462	const	response
mem0-ts/src/oss/src/vector_stores/s3_vectors.ts	472	const	vector
mem0-ts/src/oss/src/vector_stores/s3_vectors.ts	473	const	data
mem0-ts/src/oss/src/vector_stores/s3_vectors.ts	488	const	normalized
mem0-ts/src/oss/src/vector_stores/s3_vectors.ts	493	const	clauses
mem0-ts/src/oss/src/vector_stores/s3_vectors.ts	500	const	normalizedEntries
mem0-ts/src/oss/src/vector_stores/s3_vectors.ts	503	const	entries
mem0-ts/src/oss/src/vector_stores/s3_vectors.ts	517	const	viableEntries
mem0-ts/src/oss/src/vector_stores/s3_vectors.ts	539	const	normalizedEntries
mem0-ts/src/oss/src/vector_stores/s3_vectors.ts	545	const	negated
mem0-ts/src/oss/src/vector_stores/s3_vectors.ts	551	const	negatedFilters
mem0-ts/src/oss/src/vector_stores/s3_vectors.ts	560	const	fieldFilter
mem0-ts/src/oss/src/vector_stores/s3_vectors.ts	599	const	operators
mem0-ts/src/oss/src/vector_stores/s3_vectors.ts	665	const	entries
mem0-ts/src/oss/src/vector_stores/s3_vectors.ts	675	const	value
mem0-ts/src/oss/src/vector_stores/s3_vectors.ts	679	const	negated
mem0-ts/src/oss/src/vector_stores/s3_vectors.ts	743	const	value
mem0-ts/src/oss/src/vector_stores/supabase.ts	5	interface	VectorData
mem0-ts/src/oss/src/vector_stores/supabase.ts	12	interface	VectorQueryParams
mem0-ts/src/oss/src/vector_stores/supabase.ts	18	interface	VectorSearchResult
mem0-ts/src/oss/src/vector_stores/supabase.ts	25	interface	SupabaseConfig
mem0-ts/src/oss/src/vector_stores/supabase.ts	84	class	SupabaseDB
mem0-ts/src/oss/src/vector_stores/supabase.ts	112	const	testVector
mem0-ts/src/oss/src/vector_stores/supabase.ts	213	const	data
mem0-ts/src/oss/src/vector_stores/supabase.ts	241	const	rpcQuery
mem0-ts/src/oss/src/vector_stores/supabase.ts	255	const	results
mem0-ts/src/oss/src/vector_stores/supabase.ts	360	const	results
mem0-ts/src/oss/src/vector_stores/supabase.ts	382	const	randomUserId
mem0-ts/src/oss/src/vector_stores/supabase.ts	404	const	randomUserId
mem0-ts/src/oss/src/vector_stores/turbopuffer.ts	4	interface	TurbopufferConfig
mem0-ts/src/oss/src/vector_stores/turbopuffer.ts	12	class	TurbopufferDB
mem0-ts/src/oss/src/vector_stores/turbopuffer.ts	22	const	apiKey
mem0-ts/src/oss/src/vector_stores/turbopuffer.ts	71	const	client
mem0-ts/src/oss/src/vector_stores/turbopuffer.ts	76	const	client
mem0-ts/src/oss/src/vector_stores/turbopuffer.ts	89	const	ns
mem0-ts/src/oss/src/vector_stores/turbopuffer.ts	91	const	batchVectors
mem0-ts/src/oss/src/vector_stores/turbopuffer.ts	92	const	batchIds
mem0-ts/src/oss/src/vector_stores/turbopuffer.ts	93	const	batchPayloads
mem0-ts/src/oss/src/vector_stores/turbopuffer.ts	95	const	upsert_rows
mem0-ts/src/oss/src/vector_stores/turbopuffer.ts	113	const	queryParams
mem0-ts/src/oss/src/vector_stores/turbopuffer.ts	119	const	tpufFilters
mem0-ts/src/oss/src/vector_stores/turbopuffer.ts	122	const	ns
mem0-ts/src/oss/src/vector_stores/turbopuffer.ts	124	const	result
mem0-ts/src/oss/src/vector_stores/turbopuffer.ts	137	const	ns
mem0-ts/src/oss/src/vector_stores/turbopuffer.ts	139	const	result
mem0-ts/src/oss/src/vector_stores/turbopuffer.ts	145	const	rows
mem0-ts/src/oss/src/vector_stores/turbopuffer.ts	158	const	ns
mem0-ts/src/oss/src/vector_stores/turbopuffer.ts	172	const	ns
mem0-ts/src/oss/src/vector_stores/turbopuffer.ts	177	const	ns
mem0-ts/src/oss/src/vector_stores/turbopuffer.ts	185	const	queryParams
mem0-ts/src/oss/src/vector_stores/turbopuffer.ts	191	const	tpufFilters
mem0-ts/src/oss/src/vector_stores/turbopuffer.ts	194	const	ns
mem0-ts/src/oss/src/vector_stores/turbopuffer.ts	196	const	result
mem0-ts/src/oss/src/vector_stores/turbopuffer.ts	197	const	rows
mem0-ts/src/oss/src/vector_stores/turbopuffer.ts	207	const	migrationsNs
mem0-ts/src/oss/src/vector_stores/turbopuffer.ts	210	const	result
mem0-ts/src/oss/src/vector_stores/turbopuffer.ts	225	const	randomId
mem0-ts/src/oss/src/vector_stores/turbopuffer.ts	241	const	migrationsNs
mem0-ts/src/oss/src/vector_stores/turbopuffer.ts	255	const	conditions
mem0-ts/src/oss/src/vector_stores/turbopuffer.ts	279	const	score
mem0-ts/src/oss/src/vector_stores/upstash_vector.ts	5	interface	UpstashVectorConfig
mem0-ts/src/oss/src/vector_stores/upstash_vector.ts	14	type	UpstashMetadata
mem0-ts/src/oss/src/vector_stores/upstash_vector.ts	16	class	UpstashVector
mem0-ts/src/oss/src/vector_stores/upstash_vector.ts	41	const	config
mem0-ts/src/oss/src/vector_stores/upstash_vector.ts	70	const	upsertData
mem0-ts/src/oss/src/vector_stores/upstash_vector.ts	87	const	response
mem0-ts/src/oss/src/vector_stores/upstash_vector.ts	107	const	response
mem0-ts/src/oss/src/vector_stores/upstash_vector.ts	126	const	response
mem0-ts/src/oss/src/vector_stores/upstash_vector.ts	130	const	vector
mem0-ts/src/oss/src/vector_stores/upstash_vector.ts	176	const	results
mem0-ts/src/oss/src/vector_stores/upstash_vector.ts	180	const	response
mem0-ts/src/oss/src/vector_stores/upstash_vector.ts	248	const	expressions
mem0-ts/src/oss/src/vector_stores/valkey.ts	5	interface	ValkeyClient
mem0-ts/src/oss/src/vector_stores/valkey.ts	20	function	escapeTagValue
mem0-ts/src/oss/src/vector_stores/valkey.ts	27	const	EXCLUDED_KEYS
mem0-ts/src/oss/src/vector_stores/valkey.ts	37	function	toSnakeCase
mem0-ts/src/oss/src/vector_stores/valkey.ts	47	function	toCamelCase
mem0-ts/src/oss/src/vector_stores/valkey.ts	57	interface	ValkeySearchDoc
mem0-ts/src/oss/src/vector_stores/valkey.ts	70	function	parseFtSearchResults
mem0-ts/src/oss/src/vector_stores/valkey.ts	74	const	total
mem0-ts/src/oss/src/vector_stores/valkey.ts	75	const	docs
mem0-ts/src/oss/src/vector_stores/valkey.ts	77	const	fields
mem0-ts/src/oss/src/vector_stores/valkey.ts	78	const	doc
mem0-ts/src/oss/src/vector_stores/valkey.ts	80	const	key
mem0-ts/src/oss/src/vector_stores/valkey.ts	88	function	parseValkeyUrl
mem0-ts/src/oss/src/vector_stores/valkey.ts	94	const	normalized
mem0-ts/src/oss/src/vector_stores/valkey.ts	95	const	parsed
mem0-ts/src/oss/src/vector_stores/valkey.ts	104	function	formatTimestamp
mem0-ts/src/oss/src/vector_stores/valkey.ts	105	const	date
mem0-ts/src/oss/src/vector_stores/valkey.ts	111	const	parts
mem0-ts/src/oss/src/vector_stores/valkey.ts	121	const	get
mem0-ts/src/oss/src/vector_stores/valkey.ts	123	const	yyyy
mem0-ts/src/oss/src/vector_stores/valkey.ts	124	const	MM
mem0-ts/src/oss/src/vector_stores/valkey.ts	125	const	dd
mem0-ts/src/oss/src/vector_stores/valkey.ts	126	const	HH
mem0-ts/src/oss/src/vector_stores/valkey.ts	127	const	mm
mem0-ts/src/oss/src/vector_stores/valkey.ts	128	const	ss
mem0-ts/src/oss/src/vector_stores/valkey.ts	129	const	asIfUtc
mem0-ts/src/oss/src/vector_stores/valkey.ts	137	const	offsetMinutes
mem0-ts/src/oss/src/vector_stores/valkey.ts	138	const	sign
mem0-ts/src/oss/src/vector_stores/valkey.ts	139	const	absOffset
mem0-ts/src/oss/src/vector_stores/valkey.ts	140	const	offHH
mem0-ts/src/oss/src/vector_stores/valkey.ts	141	const	offMM
mem0-ts/src/oss/src/vector_stores/valkey.ts	145	function	loadIovalkey
mem0-ts/src/oss/src/vector_stores/valkey.ts	155	class	ValkeyDB
mem0-ts/src/oss/src/vector_stores/valkey.ts	200	const	vectorConfig
mem0-ts/src/oss/src/vector_stores/valkey.ts	268	const	message
mem0-ts/src/oss/src/vector_stores/valkey.ts	285	const	message
mem0-ts/src/oss/src/vector_stores/valkey.ts	294	const	cmd
mem0-ts/src/oss/src/vector_stores/valkey.ts	304	const	iovalkey
mem0-ts/src/oss/src/vector_stores/valkey.ts	305	const	Valkey
mem0-ts/src/oss/src/vector_stores/valkey.ts	313	const	redisOptions
mem0-ts/src/oss/src/vector_stores/valkey.ts	342	const	snakeFilters
mem0-ts/src/oss/src/vector_stores/valkey.ts	352	const	filterParts
mem0-ts/src/oss/src/vector_stores/valkey.ts	364	const	rawDistance
mem0-ts/src/oss/src/vector_stores/valkey.ts	365	const	score
mem0-ts/src/oss/src/vector_stores/valkey.ts	368	const	resultPayload
mem0-ts/src/oss/src/vector_stores/valkey.ts	408	const	payload
mem0-ts/src/oss/src/vector_stores/valkey.ts	409	const	id
mem0-ts/src/oss/src/vector_stores/valkey.ts	410	const	key
mem0-ts/src/oss/src/vector_stores/valkey.ts	416	const	hashData
mem0-ts/src/oss/src/vector_stores/valkey.ts	451	const	vectorBytes
mem0-ts/src/oss/src/vector_stores/valkey.ts	452	const	knnPart
mem0-ts/src/oss/src/vector_stores/valkey.ts	457	const	searchQuery
mem0-ts/src/oss/src/vector_stores/valkey.ts	458	const	result
mem0-ts/src/oss/src/vector_stores/valkey.ts	490	const	key
mem0-ts/src/oss/src/vector_stores/valkey.ts	491	const	exists
mem0-ts/src/oss/src/vector_stores/valkey.ts	496	const	result
mem0-ts/src/oss/src/vector_stores/valkey.ts	501	const	doc
mem0-ts/src/oss/src/vector_stores/valkey.ts	521	const	snakePayload
mem0-ts/src/oss/src/vector_stores/valkey.ts	522	const	key
mem0-ts/src/oss/src/vector_stores/valkey.ts	528	const	hashData
mem0-ts/src/oss/src/vector_stores/valkey.ts	559	const	key
mem0-ts/src/oss/src/vector_stores/valkey.ts	560	const	exists
mem0-ts/src/oss/src/vector_stores/valkey.ts	572	const	message
mem0-ts/src/oss/src/vector_stores/valkey.ts	583	const	dummyVector
mem0-ts/src/oss/src/vector_stores/valkey.ts	584	const	results
mem0-ts/src/oss/src/vector_stores/valkey.ts	593	const	userId
mem0-ts/src/oss/src/vector_stores/valkey.ts	598	const	randomUserId
mem0-ts/src/oss/src/vector_stores/vectorize.ts	6	interface	VectorizeConfig
mem0-ts/src/oss/src/vector_stores/vectorize.ts	12	interface	CloudflareVector
mem0-ts/src/oss/src/vector_stores/vectorize.ts	18	class	VectorizeDB
mem0-ts/src/oss/src/vector_stores/vectorize.ts	39	const	vectorObjects
mem0-ts/src/oss/src/vector_stores/vectorize.ts	47	const	ndjsonPayload
mem0-ts/src/oss/src/vector_stores/vectorize.ts	51	const	response
mem0-ts/src/oss/src/vector_stores/vectorize.ts	64	const	errorText
mem0-ts/src/oss/src/vector_stores/vectorize.ts	87	const	result
mem0-ts/src/oss/src/vector_stores/vectorize.ts	115	const	result
mem0-ts/src/oss/src/vector_stores/vectorize.ts	143	const	data
mem0-ts/src/oss/src/vector_stores/vectorize.ts	149	const	response
mem0-ts/src/oss/src/vector_stores/vectorize.ts	162	const	errorText
mem0-ts/src/oss/src/vector_stores/vectorize.ts	207	const	result
mem0-ts/src/oss/src/vector_stores/vectorize.ts	218	const	matches
mem0-ts/src/oss/src/vector_stores/vectorize.ts	238	const	r
mem0-ts/src/oss/src/vector_stores/vectorize.ts	239	const	v
mem0-ts/src/oss/src/vector_stores/vectorize.ts	268	const	result
mem0-ts/src/oss/src/vector_stores/vectorize.ts	282	const	randomUserId
mem0-ts/src/oss/src/vector_stores/vectorize.ts	285	const	data
mem0-ts/src/oss/src/vector_stores/vectorize.ts	314	const	result
mem0-ts/src/oss/src/vector_stores/vectorize.ts	323	const	pointId
mem0-ts/src/oss/src/vector_stores/vectorize.ts	326	const	data
mem0-ts/src/oss/src/vector_stores/vectorize.ts	381	const	properties
mem0-ts/src/oss/src/vector_stores/vectorize.ts	399	const	metadataIndexes
mem0-ts/src/oss/src/vector_stores/vectorize.ts	406	const	existingMetadataIndexes
mem0-ts/src/oss/src/vector_stores/vectorize.ts	410	const	properties
mem0-ts/src/oss/src/vector_stores/vertex_ai_vector_search.ts	4	interface	GoogleMatchingEngineConfig
mem0-ts/src/oss/src/vector_stores/vertex_ai_vector_search.ts	17	class	VertexAIVectorSearch
mem0-ts/src/oss/src/vector_stores/vertex_ai_vector_search.ts	41	const	aiplatform
mem0-ts/src/oss/src/vector_stores/vertex_ai_vector_search.ts	44	const	clientOptions
mem0-ts/src/oss/src/vector_stores/vertex_ai_vector_search.ts	83	const	restricts
mem0-ts/src/oss/src/vector_stores/vertex_ai_vector_search.ts	107	const	datapoints
mem0-ts/src/oss/src/vector_stores/vertex_ai_vector_search.ts	129	const	restricts
mem0-ts/src/oss/src/vector_stores/vertex_ai_vector_search.ts	133	const	includes
mem0-ts/src/oss/src/vector_stores/vertex_ai_vector_search.ts	134	const	excludes
mem0-ts/src/oss/src/vector_stores/vertex_ai_vector_search.ts	149	const	request
mem0-ts/src/oss/src/vector_stores/vertex_ai_vector_search.ts	174	const	neighbors
mem0-ts/src/oss/src/vector_stores/vertex_ai_vector_search.ts	181	const	payload
mem0-ts/src/oss/src/vector_stores/vertex_ai_vector_search.ts	190	const	score
mem0-ts/src/oss/src/vector_stores/vertex_ai_vector_search.ts	208	const	request
mem0-ts/src/oss/src/vector_stores/vertex_ai_vector_search.ts	232	const	neighbors
mem0-ts/src/oss/src/vector_stores/vertex_ai_vector_search.ts	237	const	neighbor
mem0-ts/src/oss/src/vector_stores/vertex_ai_vector_search.ts	242	const	payload
mem0-ts/src/oss/src/vector_stores/vertex_ai_vector_search.ts	251	const	score
mem0-ts/src/oss/src/vector_stores/vertex_ai_vector_search.ts	278	const	existing
mem0-ts/src/oss/src/vector_stores/vertex_ai_vector_search.ts	284	const	datapoint
mem0-ts/src/oss/src/vector_stores/vertex_ai_vector_search.ts	322	const	dimension
mem0-ts/src/oss/src/vector_stores/vertex_ai_vector_search.ts	323	const	zeroVector
mem0-ts/src/oss/src/vector_stores/vertex_ai_vector_search.ts	325	const	results
mem0-ts/src/oss/src/vector_stores/vertex_ai_vector_search.ts	332	const	userIdDatapointId
mem0-ts/src/oss/src/vector_stores/vertex_ai_vector_search.ts	333	const	existing
mem0-ts/src/oss/src/vector_stores/vertex_ai_vector_search.ts	338	const	randomUserId
mem0-ts/src/oss/src/vector_stores/vertex_ai_vector_search.ts	348	const	userIdDatapointId
mem0-ts/src/oss/src/vector_stores/vertex_ai_vector_search.ts	349	const	dimension
mem0-ts/src/oss/src/vector_stores/vertex_ai_vector_search.ts	350	const	zeroVector
mem0-ts/src/oss/src/vector_stores/vertex_ai_vector_search.ts	352	const	datapoint
mem0-ts/src/oss/src/vector_stores/weaviate.ts	6	interface	WeaviateConfig
mem0-ts/src/oss/src/vector_stores/weaviate.ts	17	const	RETURN_PROPERTIES
mem0-ts/src/oss/src/vector_stores/weaviate.ts	30	class	WeaviateDB
mem0-ts/src/oss/src/vector_stores/weaviate.ts	64	const	weaviate
mem0-ts/src/oss/src/vector_stores/weaviate.ts	83	const	parsed
mem0-ts/src/oss/src/vector_stores/weaviate.ts	84	const	httpSecure
mem0-ts/src/oss/src/vector_stores/weaviate.ts	104	const	weaviate
mem0-ts/src/oss/src/vector_stores/weaviate.ts	106	const	exists
mem0-ts/src/oss/src/vector_stores/weaviate.ts	124	const	conditions
mem0-ts/src/oss/src/vector_stores/weaviate.ts	136	const	objects
mem0-ts/src/oss/src/vector_stores/weaviate.ts	150	const	result
mem0-ts/src/oss/src/vector_stores/weaviate.ts	168	const	result
mem0-ts/src/oss/src/vector_stores/weaviate.ts	183	const	obj
mem0-ts/src/oss/src/vector_stores/weaviate.ts	218	const	result
mem0-ts/src/oss/src/vector_stores/weaviate.ts	223	const	results
mem0-ts/src/oss/tests/anthropic-llm.test.ts	6	const	mockCreate
mem0-ts/src/oss/tests/anthropic-llm.test.ts	7	const	mockConstructor
mem0-ts/src/oss/tests/anthropic-llm.test.ts	33	const	ctorArgs
mem0-ts/src/oss/tests/anthropic-llm.test.ts	44	const	ctorArgs
mem0-ts/src/oss/tests/anthropic-llm.test.ts	53	const	llm
mem0-ts/src/oss/tests/anthropic-llm.test.ts	54	const	result
mem0-ts/src/oss/tests/anthropic-llm.test.ts	62	const	callArgs
mem0-ts/src/oss/tests/anthropic-llm.test.ts	79	const	tools
mem0-ts/src/oss/tests/anthropic-llm.test.ts	87	const	llm
mem0-ts/src/oss/tests/anthropic-llm.test.ts	94	const	callArgs
mem0-ts/src/oss/tests/anthropic-llm.test.ts	113	const	tools
mem0-ts/src/oss/tests/anthropic-llm.test.ts	121	const	llm
mem0-ts/src/oss/tests/anthropic-llm.test.ts	132	const	inputObj
mem0-ts/src/oss/tests/anthropic-llm.test.ts	144	const	tools
mem0-ts/src/oss/tests/anthropic-llm.test.ts	152	const	llm
mem0-ts/src/oss/tests/anthropic-llm.test.ts	153	const	result
mem0-ts/src/oss/tests/anthropic-llm.test.ts	160	const	response
mem0-ts/src/oss/tests/anthropic-llm.test.ts	171	const	inputObj
mem0-ts/src/oss/tests/anthropic-llm.test.ts	184	const	tools
mem0-ts/src/oss/tests/anthropic-llm.test.ts	192	const	llm
mem0-ts/src/oss/tests/anthropic-llm.test.ts	193	const	result
mem0-ts/src/oss/tests/anthropic-llm.test.ts	200	const	response
mem0-ts/src/oss/tests/anthropic-llm.test.ts	217	const	tools
mem0-ts/src/oss/tests/anthropic-llm.test.ts	225	const	llm
mem0-ts/src/oss/tests/anthropic-llm.test.ts	226	const	result
mem0-ts/src/oss/tests/anthropic-llm.test.ts	246	const	llm
mem0-ts/src/oss/tests/anthropic-llm.test.ts	249	const	callArgs
mem0-ts/src/oss/tests/anthropic-llm.test.ts	261	const	llm
mem0-ts/src/oss/tests/anthropic-llm.test.ts	269	const	callArgs
mem0-ts/src/oss/tests/anthropic-llm.test.ts	281	const	llm
mem0-ts/src/oss/tests/anthropic-llm.test.ts	288	const	callArgs
mem0-ts/src/oss/tests/aws-bedrock-embedder.test.ts	11	const	mockSend
mem0-ts/src/oss/tests/aws-bedrock-embedder.test.ts	12	const	mockClientConfigs
mem0-ts/src/oss/tests/aws-bedrock-embedder.test.ts	13	const	mockClientConstructor
mem0-ts/src/oss/tests/aws-bedrock-embedder.test.ts	21	const	actual
mem0-ts/src/oss/tests/aws-bedrock-embedder.test.ts	28	const	encode
mem0-ts/src/oss/tests/aws-bedrock-embedder.test.ts	32	const	titanReply
mem0-ts/src/oss/tests/aws-bedrock-embedder.test.ts	35	const	cohereReply
mem0-ts/src/oss/tests/aws-bedrock-embedder.test.ts	38	const	commandAt
mem0-ts/src/oss/tests/aws-bedrock-embedder.test.ts	41	const	requestBodyAt
mem0-ts/src/oss/tests/aws-bedrock-embedder.test.ts	45	const	savedEnv
mem0-ts/src/oss/tests/aws-bedrock-embedder.test.ts	60	const	embedder
mem0-ts/src/oss/tests/aws-bedrock-embedder.test.ts	62	const	embedding
mem0-ts/src/oss/tests/aws-bedrock-embedder.test.ts	74	const	embedder
mem0-ts/src/oss/tests/aws-bedrock-embedder.test.ts	86	const	embedder
mem0-ts/src/oss/tests/aws-bedrock-embedder.test.ts	102	const	embedder
mem0-ts/src/oss/tests/aws-bedrock-embedder.test.ts	116	const	embedder
mem0-ts/src/oss/tests/aws-bedrock-embedder.test.ts	118	const	embeddings
mem0-ts/src/oss/tests/aws-bedrock-embedder.test.ts	133	const	embedder
mem0-ts/src/oss/tests/aws-bedrock-embedder.test.ts	137	const	embedding
mem0-ts/src/oss/tests/aws-bedrock-embedder.test.ts	148	const	embedder
mem0-ts/src/oss/tests/aws-bedrock-embedder.test.ts	152	const	embeddings
mem0-ts/src/oss/tests/aws-bedrock-embedder.test.ts	160	const	texts
mem0-ts/src/oss/tests/aws-bedrock-embedder.test.ts	166	const	embedder
mem0-ts/src/oss/tests/aws-bedrock-embedder.test.ts	170	const	embeddings
mem0-ts/src/oss/tests/aws-bedrock-embedder.test.ts	192	const	embedder
mem0-ts/src/oss/tests/aws-bedrock-embedder.test.ts	197	const	embedding
mem0-ts/src/oss/tests/aws-bedrock-embedder.test.ts	212	const	embedder
mem0-ts/src/oss/tests/aws-bedrock-embedder.test.ts	234	const	embedder
mem0-ts/src/oss/tests/aws-bedrock-embedder.test.ts	236	const	embeddings
mem0-ts/src/oss/tests/aws-bedrock-embedder.test.ts	311	const	embedder
mem0-ts/src/oss/tests/aws-bedrock-embedder.test.ts	322	const	embedder
mem0-ts/src/oss/tests/aws-bedrock-embedder.test.ts	331	const	embedder
mem0-ts/src/oss/tests/aws-bedrock-embedder.test.ts	343	const	embedder
mem0-ts/src/oss/tests/aws-bedrock-embedder.test.ts	351	const	embedder
mem0-ts/src/oss/tests/aws-bedrock-embedder.test.ts	366	const	actual
mem0-ts/src/oss/tests/aws-bedrock-embedder.test.ts	377	const	err
mem0-ts/src/oss/tests/aws-bedrock-embedder.test.ts	381	const	embedder
mem0-ts/src/oss/tests/aws-bedrock-embedder.test.ts	393	const	err
mem0-ts/src/oss/tests/aws-bedrock-embedder.test.ts	399	const	embedder
mem0-ts/src/oss/tests/aws-bedrock-embedder.test.ts	420	const	embedder
mem0-ts/src/oss/tests/aws-bedrock-embedder.test.ts	441	const	embedder
mem0-ts/src/oss/tests/aws-bedrock-embedder.test.ts	457	const	embedder
mem0-ts/src/oss/tests/aws-bedrock-embedder.test.ts	472	const	embedder
mem0-ts/src/oss/tests/aws-bedrock-embedder.test.ts	498	const	body
mem0-ts/src/oss/tests/aws-bedrock-embedder.test.ts	503	const	index
mem0-ts/src/oss/tests/aws-bedrock-embedder.test.ts	506	const	embedder
mem0-ts/src/oss/tests/aws-bedrock-embedder.test.ts	507	const	texts
mem0-ts/src/oss/tests/aws-bedrock-embedder.test.ts	509	const	embeddings
mem0-ts/src/oss/tests/azure-embedder.test.ts	8	const	mockEmbeddingsCreate
mem0-ts/src/oss/tests/azure-embedder.test.ts	21	const	mockEmbedding
mem0-ts/src/oss/tests/azure-embedder.test.ts	23	const	baseConfig
mem0-ts/src/oss/tests/azure-embedder.test.ts	38	const	embedder
mem0-ts/src/oss/tests/azure-embedder.test.ts	43	const	callArgs
mem0-ts/src/oss/tests/azure-embedder.test.ts	52	const	embedder
mem0-ts/src/oss/tests/azure-embedder.test.ts	60	const	callArgs
mem0-ts/src/oss/tests/azure-embedder.test.ts	69	const	embedder
mem0-ts/src/oss/tests/azure-embedder.test.ts	76	const	callArgs
mem0-ts/src/oss/tests/azure-embedder.test.ts	85	const	embedder
mem0-ts/src/oss/tests/azure-embedder.test.ts	89	const	callArgs
mem0-ts/src/oss/tests/azure-embedder.test.ts	98	const	embedder
mem0-ts/src/oss/tests/azure-embedder.test.ts	105	const	callArgs
mem0-ts/src/oss/tests/azure-embedder.test.ts	116	const	embedder
mem0-ts/src/oss/tests/azure-embedder.test.ts	118	const	result
mem0-ts/src/oss/tests/azure-embedder.test.ts	123	const	batch
mem0-ts/src/oss/tests/azure-embedder.test.ts	131	const	embedder
mem0-ts/src/oss/tests/azure-embedder.test.ts	133	const	result
mem0-ts/src/oss/tests/azure-embedder.test.ts	143	const	embedder
mem0-ts/src/oss/tests/azure-embedder.test.ts	151	const	embedder
mem0-ts/src/oss/tests/azure-embedder.test.ts	158	const	callArgs
mem0-ts/src/oss/tests/baidu.test.ts	17	const	OK
mem0-ts/src/oss/tests/baidu.test.ts	18	const	DIMS
mem0-ts/src/oss/tests/baidu.test.ts	20	const	normalTable
mem0-ts/src/oss/tests/baidu.test.ts	25	const	CORE_FIELDS
mem0-ts/src/oss/tests/baidu.test.ts	32	const	BM25_FIELDS
mem0-ts/src/oss/tests/baidu.test.ts	38	function	fakeClient
mem0-ts/src/oss/tests/baidu.test.ts	39	const	calls
mem0-ts/src/oss/tests/baidu.test.ts	40	const	track
mem0-ts/src/oss/tests/baidu.test.ts	47	const	client
mem0-ts/src/oss/tests/baidu.test.ts	67	const	makeStore
mem0-ts/src/oss/tests/baidu.test.ts	80	const	runTimersInline
mem0-ts/src/oss/tests/baidu.test.ts	109	const	client
mem0-ts/src/oss/tests/baidu.test.ts	112	const	spec
mem0-ts/src/oss/tests/baidu.test.ts	123	const	fields
mem0-ts/src/oss/tests/baidu.test.ts	143	const	client
mem0-ts/src/oss/tests/baidu.test.ts	164	const	client
mem0-ts/src/oss/tests/baidu.test.ts	188	const	client
mem0-ts/src/oss/tests/baidu.test.ts	195	const	client
mem0-ts/src/oss/tests/baidu.test.ts	211	const	states
mem0-ts/src/oss/tests/baidu.test.ts	216	const	client
mem0-ts/src/oss/tests/baidu.test.ts	228	const	client
mem0-ts/src/oss/tests/baidu.test.ts	240	const	client
mem0-ts/src/oss/tests/baidu.test.ts	266	const	client
mem0-ts/src/oss/tests/baidu.test.ts	282	const	client
mem0-ts/src/oss/tests/baidu.test.ts	289	const	store
mem0-ts/src/oss/tests/baidu.test.ts	299	const	client
mem0-ts/src/oss/tests/baidu.test.ts	317	const	client
mem0-ts/src/oss/tests/baidu.test.ts	325	const	results
mem0-ts/src/oss/tests/baidu.test.ts	343	const	client
mem0-ts/src/oss/tests/baidu.test.ts	388	const	client
mem0-ts/src/oss/tests/baidu.test.ts	389	const	store
mem0-ts/src/oss/tests/baidu.test.ts	411	const	client
mem0-ts/src/oss/tests/baidu.test.ts	422	const	client
mem0-ts/src/oss/tests/baidu.test.ts	434	const	results
mem0-ts/src/oss/tests/baidu.test.ts	449	const	client
mem0-ts/src/oss/tests/baidu.test.ts	456	const	client
mem0-ts/src/oss/tests/baidu.test.ts	458	const	store
mem0-ts/src/oss/tests/baidu.test.ts	474	const	client
mem0-ts/src/oss/tests/baidu.test.ts	475	const	store
mem0-ts/src/oss/tests/baidu.test.ts	499	const	client
mem0-ts/src/oss/tests/baidu.test.ts	500	const	store
mem0-ts/src/oss/tests/baidu.test.ts	507	const	client
mem0-ts/src/oss/tests/baidu.test.ts	537	const	client
mem0-ts/src/oss/tests/baidu.test.ts	538	const	store
mem0-ts/src/oss/tests/baidu.test.ts	554	const	client
mem0-ts/src/oss/tests/baidu.test.ts	555	const	store
mem0-ts/src/oss/tests/baidu.test.ts	571	const	gate
mem0-ts/src/oss/tests/baidu.test.ts	576	const	descQueue
mem0-ts/src/oss/tests/baidu.test.ts	580	const	client
mem0-ts/src/oss/tests/baidu.test.ts	588	const	store
mem0-ts/src/oss/tests/baidu.test.ts	589	const	resetting
mem0-ts/src/oss/tests/baidu.test.ts	612	const	store
mem0-ts/src/oss/tests/config-manager.test.ts	6	const	baseLlm
mem0-ts/src/oss/tests/config-manager.test.ts	12	const	config
mem0-ts/src/oss/tests/config-manager.test.ts	24	const	config
mem0-ts/src/oss/tests/config-manager.test.ts	37	const	config
mem0-ts/src/oss/tests/config-manager.test.ts	53	const	mockClient
mem0-ts/src/oss/tests/config-manager.test.ts	54	const	config
mem0-ts/src/oss/tests/config-manager.test.ts	72	const	mockClient
mem0-ts/src/oss/tests/config-manager.test.ts	73	const	config
mem0-ts/src/oss/tests/config-manager.test.ts	90	const	baseEmbedder
mem0-ts/src/oss/tests/config-manager.test.ts	94	const	baseVectorStore
mem0-ts/src/oss/tests/config-manager.test.ts	100	const	config
mem0-ts/src/oss/tests/config-manager.test.ts	113	const	config
mem0-ts/src/oss/tests/config-manager.test.ts	131	const	config
mem0-ts/src/oss/tests/config-manager.test.ts	145	const	config
mem0-ts/src/oss/tests/config-manager.test.ts	159	const	config
mem0-ts/src/oss/tests/config-manager.test.ts	175	const	config
mem0-ts/src/oss/tests/config-manager.test.ts	188	const	config
mem0-ts/src/oss/tests/config-manager.test.ts	212	const	baseLlm
mem0-ts/src/oss/tests/config-manager.test.ts	215	const	cfg
mem0-ts/src/oss/tests/config-manager.test.ts	233	const	cfg
mem0-ts/src/oss/tests/config-manager.test.ts	249	const	cfg
mem0-ts/src/oss/tests/config-manager.test.ts	266	const	cfg
mem0-ts/src/oss/tests/config-manager.test.ts	283	const	cfg
mem0-ts/src/oss/tests/config-manager.test.ts	302	const	baseLlm
mem0-ts/src/oss/tests/config-manager.test.ts	305	const	cfg
mem0-ts/src/oss/tests/config-manager.test.ts	319	const	cfg
mem0-ts/src/oss/tests/config-manager.test.ts	334	const	baseEmbedder
mem0-ts/src/oss/tests/config-manager.test.ts	337	const	cfg
mem0-ts/src/oss/tests/config-manager.test.ts	355	const	cfg
mem0-ts/src/oss/tests/config-manager.test.ts	371	const	cfg
mem0-ts/src/oss/tests/config-manager.test.ts	382	const	baseEmbedder
mem0-ts/src/oss/tests/config-manager.test.ts	383	const	baseVectorStore
mem0-ts/src/oss/tests/config-manager.test.ts	386	const	cfg
mem0-ts/src/oss/tests/config-manager.test.ts	410	const	cfg
mem0-ts/src/oss/tests/config-manager.test.ts	432	const	cfg
mem0-ts/src/oss/tests/config-manager.test.ts	481	const	cfg
mem0-ts/src/oss/tests/config-manager.test.ts	506	const	cfg
mem0-ts/src/oss/tests/config-manager.test.ts	527	const	baseLlm
mem0-ts/src/oss/tests/config-manager.test.ts	528	const	baseEmbedder
mem0-ts/src/oss/tests/config-manager.test.ts	533	const	config
mem0-ts/src/oss/tests/config-manager.test.ts	544	const	config
mem0-ts/src/oss/tests/config-manager.test.ts	622	const	mem
mem0-ts/src/oss/tests/config-manager.test.ts	660	const	mem
mem0-ts/src/oss/tests/config-manager.test.ts	679	const	vsCall
mem0-ts/src/oss/tests/config-manager.test.ts	684	const	mem
mem0-ts/src/oss/tests/config-manager.test.ts	736	const	mem
mem0-ts/src/oss/tests/config-manager.test.ts	756	const	result
mem0-ts/src/oss/tests/config-manager.test.ts	770	const	mem
mem0-ts/src/oss/tests/config-manager.test.ts	794	const	mem
mem0-ts/src/oss/tests/config-manager.test.ts	841	const	mem
mem0-ts/src/oss/tests/deepseek.test.ts	8	const	mockCreate
mem0-ts/src/oss/tests/deepseek.test.ts	20	const	original
mem0-ts/src/oss/tests/deepseek.test.ts	42	const	llm
mem0-ts/src/oss/tests/deepseek.test.ts	43	const	result
mem0-ts/src/oss/tests/deepseek.test.ts	71	const	llm
mem0-ts/src/oss/tests/deepseek.test.ts	72	const	result
mem0-ts/src/oss/tests/deepseek.test.ts	88	const	llm
mem0-ts/src/oss/tests/deepseek.test.ts	104	const	llm
mem0-ts/src/oss/tests/deepseek.test.ts	105	const	result
mem0-ts/src/oss/tests/deepseek.test.ts	118	const	llm
mem0-ts/src/oss/tests/dimension-autodetect.test.ts	24	const	baseLlm
mem0-ts/src/oss/tests/dimension-autodetect.test.ts	27	const	cfg
mem0-ts/src/oss/tests/dimension-autodetect.test.ts	36	const	cfg
mem0-ts/src/oss/tests/dimension-autodetect.test.ts	48	const	cfg
mem0-ts/src/oss/tests/dimension-autodetect.test.ts	63	const	cfg
mem0-ts/src/oss/tests/dimension-autodetect.test.ts	75	const	cfg
mem0-ts/src/oss/tests/dimension-autodetect.test.ts	90	const	cfg
mem0-ts/src/oss/tests/dimension-autodetect.test.ts	110	const	cfg
mem0-ts/src/oss/tests/dimension-autodetect.test.ts	134	const	store
mem0-ts/src/oss/tests/dimension-autodetect.test.ts	139	const	vector
mem0-ts/src/oss/tests/dimension-autodetect.test.ts	141	const	result
mem0-ts/src/oss/tests/dimension-autodetect.test.ts	146	const	store
mem0-ts/src/oss/tests/dimension-autodetect.test.ts	152	const	vector
mem0-ts/src/oss/tests/dimension-autodetect.test.ts	154	const	result
mem0-ts/src/oss/tests/dimension-autodetect.test.ts	159	const	store
mem0-ts/src/oss/tests/dimension-autodetect.test.ts	165	const	wrongVector
mem0-ts/src/oss/tests/dimension-autodetect.test.ts	172	const	store
mem0-ts/src/oss/tests/dimension-autodetect.test.ts	184	const	store
mem0-ts/src/oss/tests/dimension-autodetect.test.ts	199	const	results
mem0-ts/src/oss/tests/dimension-autodetect.test.ts	205	const	store
mem0-ts/src/oss/tests/dimension-autodetect.test.ts	210	const	userId
mem0-ts/src/oss/tests/dimension-autodetect.test.ts	215	const	newUserId
mem0-ts/src/oss/tests/dimension-autodetect.test.ts	220	const	store
mem0-ts/src/oss/tests/dimension-autodetect.test.ts	241	function	createMockEmbedder
mem0-ts/src/oss/tests/dimension-autodetect.test.ts	248	function	createMockVectorStore
mem0-ts/src/oss/tests/dimension-autodetect.test.ts	266	const	mockEmbedder
mem0-ts/src/oss/tests/dimension-autodetect.test.ts	267	const	mockVStore
mem0-ts/src/oss/tests/dimension-autodetect.test.ts	305	const	mockEmbedder
mem0-ts/src/oss/tests/dimension-autodetect.test.ts	306	const	mockVStore
mem0-ts/src/oss/tests/dimension-autodetect.test.ts	310	const	mem
mem0-ts/src/oss/tests/dimension-autodetect.test.ts	323	const	vsCreateCall
mem0-ts/src/oss/tests/dimension-autodetect.test.ts	328	const	mockEmbedder
mem0-ts/src/oss/tests/dimension-autodetect.test.ts	329	const	mockVStore
mem0-ts/src/oss/tests/dimension-autodetect.test.ts	333	const	mem
mem0-ts/src/oss/tests/dimension-autodetect.test.ts	349	const	vsCreateCall
mem0-ts/src/oss/tests/dimension-autodetect.test.ts	354	const	mockEmbedder
mem0-ts/src/oss/tests/dimension-autodetect.test.ts	355	const	mockVStore
mem0-ts/src/oss/tests/dimension-autodetect.test.ts	359	const	mem
mem0-ts/src/oss/tests/dimension-autodetect.test.ts	378	const	mockEmbedder
mem0-ts/src/oss/tests/dimension-autodetect.test.ts	392	const	mockVStore
mem0-ts/src/oss/tests/dimension-autodetect.test.ts	396	const	mem
mem0-ts/src/oss/tests/dimension-autodetect.test.ts	407	const	getAllP
mem0-ts/src/oss/tests/dimension-autodetect.test.ts	410	const	searchP
mem0-ts/src/oss/tests/dimension-autodetect.test.ts	413	const	getP
mem0-ts/src/oss/tests/dimension-autodetect.test.ts	429	const	mockEmbedder
mem0-ts/src/oss/tests/dimension-autodetect.test.ts	430	const	mockVStore
mem0-ts/src/oss/tests/dimension-autodetect.test.ts	434	const	mem
mem0-ts/src/oss/tests/dimension-autodetect.test.ts	445	const	mockVStore2
mem0-ts/src/oss/tests/dimension-autodetect.test.ts	451	const	secondCall
mem0-ts/src/oss/tests/dimension-autodetect.test.ts	456	const	mockEmbedder
mem0-ts/src/oss/tests/dimension-autodetect.test.ts	457	const	mockVStore
mem0-ts/src/oss/tests/dimension-autodetect.test.ts	461	const	mem
mem0-ts/src/oss/tests/dimension-autodetect.test.ts	484	const	mockEmbedder
mem0-ts/src/oss/tests/dimension-autodetect.test.ts	491	const	consoleSpy
mem0-ts/src/oss/tests/dimension-autodetect.test.ts	495	const	mem
mem0-ts/src/oss/tests/dimension-autodetect.test.ts	508	const	errorCall
mem0-ts/src/oss/tests/dimension-autodetect.test.ts	514	const	errorMsg
mem0-ts/src/oss/tests/elasticsearch.unit.test.ts	3	type	MockFn
mem0-ts/src/oss/tests/elasticsearch.unit.test.ts	5	const	mockIndicesExists
mem0-ts/src/oss/tests/elasticsearch.unit.test.ts	6	const	mockIndicesCreate
mem0-ts/src/oss/tests/elasticsearch.unit.test.ts	7	const	mockBulk
mem0-ts/src/oss/tests/elasticsearch.unit.test.ts	8	const	mockSearch
mem0-ts/src/oss/tests/elasticsearch.unit.test.ts	9	const	mockGet
mem0-ts/src/oss/tests/elasticsearch.unit.test.ts	10	const	mockUpdate
mem0-ts/src/oss/tests/elasticsearch.unit.test.ts	11	const	mockDelete
mem0-ts/src/oss/tests/elasticsearch.unit.test.ts	12	const	mockIndicesDelete
mem0-ts/src/oss/tests/elasticsearch.unit.test.ts	13	const	mockIndex_
mem0-ts/src/oss/tests/elasticsearch.unit.test.ts	15	const	mockClient
mem0-ts/src/oss/tests/elasticsearch.unit.test.ts	56	const	store
mem0-ts/src/oss/tests/elasticsearch.unit.test.ts	75	const	store
mem0-ts/src/oss/tests/elasticsearch.unit.test.ts	95	const	preExisting
mem0-ts/src/oss/tests/elasticsearch.unit.test.ts	106	const	store
mem0-ts/src/oss/tests/elasticsearch.unit.test.ts	123	const	store
mem0-ts/src/oss/tests/elasticsearch.unit.test.ts	158	const	store
mem0-ts/src/oss/tests/elasticsearch.unit.test.ts	192	const	store
mem0-ts/src/oss/tests/elasticsearch.unit.test.ts	207	const	store
mem0-ts/src/oss/tests/elasticsearch.unit.test.ts	222	const	store
mem0-ts/src/oss/tests/elasticsearch.unit.test.ts	262	const	store
mem0-ts/src/oss/tests/elasticsearch.unit.test.ts	268	const	results
mem0-ts/src/oss/tests/elasticsearch.unit.test.ts	285	const	store
mem0-ts/src/oss/tests/elasticsearch.unit.test.ts	316	const	store
mem0-ts/src/oss/tests/elasticsearch.unit.test.ts	334	const	store
mem0-ts/src/oss/tests/elasticsearch.unit.test.ts	340	const	result
mem0-ts/src/oss/tests/elasticsearch.unit.test.ts	349	const	store
mem0-ts/src/oss/tests/elasticsearch.unit.test.ts	355	const	result
mem0-ts/src/oss/tests/elasticsearch.unit.test.ts	362	const	store
mem0-ts/src/oss/tests/elasticsearch.unit.test.ts	380	const	store
mem0-ts/src/oss/tests/elasticsearch.unit.test.ts	394	const	store
mem0-ts/src/oss/tests/elasticsearch.unit.test.ts	417	const	store
mem0-ts/src/oss/tests/elasticsearch.unit.test.ts	435	const	store
mem0-ts/src/oss/tests/elasticsearch.unit.test.ts	455	const	store
mem0-ts/src/oss/tests/elasticsearch.unit.test.ts	461	const	userId
mem0-ts/src/oss/tests/elasticsearch.unit.test.ts	489	const	store
mem0-ts/src/oss/tests/elasticsearch.unit.test.ts	495	const	userId
mem0-ts/src/oss/tests/elasticsearch.unit.test.ts	500	const	store
mem0-ts/src/oss/tests/elasticsearch.unit.test.ts	520	const	store
mem0-ts/src/oss/tests/entity-extraction.test.ts	5	const	text
mem0-ts/src/oss/tests/entity-extraction.test.ts	15	const	entityTexts
mem0-ts/src/oss/tests/entity-extraction.test.ts	18	const	normalized
mem0-ts/src/oss/tests/extract-json.test.ts	5	const	input
mem0-ts/src/oss/tests/extract-json.test.ts	10	const	input
mem0-ts/src/oss/tests/extract-json.test.ts	15	const	input
mem0-ts/src/oss/tests/extract-json.test.ts	20	const	input
mem0-ts/src/oss/tests/extract-json.test.ts	22	const	result
mem0-ts/src/oss/tests/extract-json.test.ts	27	const	input
mem0-ts/src/oss/tests/extract-json.test.ts	29	const	result
mem0-ts/src/oss/tests/extract-json.test.ts	36	const	input
mem0-ts/src/oss/tests/extract-json.test.ts	38	const	result
mem0-ts/src/oss/tests/extract-json.test.ts	43	const	input
mem0-ts/src/oss/tests/extract-json.test.ts	47	const	result
mem0-ts/src/oss/tests/extract-json.test.ts	54	const	input
mem0-ts/src/oss/tests/extract-json.test.ts	56	const	result
mem0-ts/src/oss/tests/extract-json.test.ts	63	const	input
mem0-ts/src/oss/tests/extract-json.test.ts	65	const	result
mem0-ts/src/oss/tests/extract-json.test.ts	72	const	input
mem0-ts/src/oss/tests/extract-json.test.ts	80	const	result
mem0-ts/src/oss/tests/extract-json.test.ts	87	const	input
mem0-ts/src/oss/tests/extract-json.test.ts	94	const	input
mem0-ts/src/oss/tests/extract-json.test.ts	95	const	result
mem0-ts/src/oss/tests/extract-json.test.ts	104	const	input
mem0-ts/src/oss/tests/extract-json.test.ts	109	const	input
mem0-ts/src/oss/tests/extract-json.test.ts	114	const	input
mem0-ts/src/oss/tests/extract-json.test.ts	118	const	result
mem0-ts/src/oss/tests/extract-json.test.ts	125	const	input
mem0-ts/src/oss/tests/extract-json.test.ts	129	const	result
mem0-ts/src/oss/tests/extract-json.test.ts	136	const	input
mem0-ts/src/oss/tests/extract-json.test.ts	139	const	result
mem0-ts/src/oss/tests/extract-json.test.ts	146	const	input
mem0-ts/src/oss/tests/extract-json.test.ts	148	const	result
mem0-ts/src/oss/tests/extract-json.test.ts	153	const	input
mem0-ts/src/oss/tests/extract-json.test.ts	154	const	result
mem0-ts/src/oss/tests/extract-json.test.ts	159	const	input
mem0-ts/src/oss/tests/extract-json.test.ts	160	const	result
mem0-ts/src/oss/tests/extract-json.test.ts	165	const	input
mem0-ts/src/oss/tests/extract-json.test.ts	166	const	result
mem0-ts/src/oss/tests/extract-json.test.ts	171	const	input
mem0-ts/src/oss/tests/extract-json.test.ts	173	const	result
mem0-ts/src/oss/tests/extract-json.test.ts	179	const	input
mem0-ts/src/oss/tests/extract-json.test.ts	180	const	result
mem0-ts/src/oss/tests/extract-json.test.ts	185	const	input
mem0-ts/src/oss/tests/extract-json.test.ts	188	const	result
mem0-ts/src/oss/tests/extract-json.test.ts	195	const	input
mem0-ts/src/oss/tests/extract-json.test.ts	198	const	result
mem0-ts/src/oss/tests/extract-json.test.ts	203	const	input
mem0-ts/src/oss/tests/extract-json.test.ts	204	const	result
mem0-ts/src/oss/tests/extract-json.test.ts	209	const	input
mem0-ts/src/oss/tests/extract-json.test.ts	212	const	result
mem0-ts/src/oss/tests/extract-json.test.ts	219	const	input
mem0-ts/src/oss/tests/extract-json.test.ts	221	const	result
mem0-ts/src/oss/tests/extract-json.test.ts	228	const	input
mem0-ts/src/oss/tests/extract-json.test.ts	229	const	result
mem0-ts/src/oss/tests/factory.unit.test.ts	241	const	dummyEmbedConfig
mem0-ts/src/oss/tests/factory.unit.test.ts	242	const	dummyLLMConfig
mem0-ts/src/oss/tests/factory.unit.test.ts	243	const	dummyVSConfig
mem0-ts/src/oss/tests/factory.unit.test.ts	281	const	config
mem0-ts/src/oss/tests/factory.unit.test.ts	282	const	result
mem0-ts/src/oss/tests/factory.unit.test.ts	324	const	config
mem0-ts/src/oss/tests/factory.unit.test.ts	325	const	result
mem0-ts/src/oss/tests/factory.unit.test.ts	364	const	result
mem0-ts/src/oss/tests/factory.unit.test.ts	369	const	config
mem0-ts/src/oss/tests/factory.unit.test.ts	375	const	store
mem0-ts/src/oss/tests/factory.unit.test.ts	381	const	config
mem0-ts/src/oss/tests/factory.unit.test.ts	387	const	store
mem0-ts/src/oss/tests/factory.unit.test.ts	403	const	config
mem0-ts/src/oss/tests/factory.unit.test.ts	411	const	config
mem0-ts/src/oss/tests/factory.unit.test.ts	421	const	config
mem0-ts/src/oss/tests/factory.unit.test.ts	429	const	config
mem0-ts/src/oss/tests/fastembed-embedder.test.ts	7	const	mockInit
mem0-ts/src/oss/tests/fastembed-embedder.test.ts	8	const	mockEmbed
mem0-ts/src/oss/tests/fastembed-embedder.test.ts	24	const	mockVectorBatch
mem0-ts/src/oss/tests/fastembed-embedder.test.ts	28	const	mockEmbedding
mem0-ts/src/oss/tests/fastembed-embedder.test.ts	30	const	createEmbeddingGenerator
mem0-ts/src/oss/tests/fastembed-embedder.test.ts	50	const	embedder
mem0-ts/src/oss/tests/fastembed-embedder.test.ts	56	const	result
mem0-ts/src/oss/tests/fastembed-embedder.test.ts	72	const	embedder
mem0-ts/src/oss/tests/fastembed-embedder.test.ts	75	const	result
mem0-ts/src/oss/tests/fastembed-embedder.test.ts	92	const	embedder
mem0-ts/src/oss/tests/fastembed-embedder.test.ts	105	const	embedder
mem0-ts/src/oss/tests/fastembed-embedder.test.ts	111	const	result
mem0-ts/src/oss/tests/google-embedder.test.ts	8	const	mockEmbedContent
mem0-ts/src/oss/tests/google-embedder.test.ts	21	const	mockEmbedding
mem0-ts/src/oss/tests/google-embedder.test.ts	33	const	embedder
mem0-ts/src/oss/tests/google-embedder.test.ts	40	const	callArgs
mem0-ts/src/oss/tests/google-embedder.test.ts	49	const	embedder
mem0-ts/src/oss/tests/google-embedder.test.ts	57	const	callArgs
mem0-ts/src/oss/tests/google-embedder.test.ts	66	const	embedder
mem0-ts/src/oss/tests/google-embedder.test.ts	73	const	callArgs
mem0-ts/src/oss/tests/google-embedder.test.ts	83	const	embedder
mem0-ts/src/oss/tests/google-embedder.test.ts	89	const	callArgs
mem0-ts/src/oss/tests/google-embedder.test.ts	98	const	embedder
mem0-ts/src/oss/tests/google-embedder.test.ts	105	const	callArgs
mem0-ts/src/oss/tests/google-embedder.test.ts	116	const	embedder
mem0-ts/src/oss/tests/google-embedder.test.ts	120	const	result
mem0-ts/src/oss/tests/google-embedder.test.ts	125	const	batch
mem0-ts/src/oss/tests/google-embedder.test.ts	133	const	embedder
mem0-ts/src/oss/tests/google-embedder.test.ts	137	const	result
mem0-ts/src/oss/tests/google-embedder.test.ts	142	const	embedder
mem0-ts/src/oss/tests/google-embedder.test.ts	149	const	callArgs
mem0-ts/src/oss/tests/google-llm.test.ts	9	const	mockGenerateContent
mem0-ts/src/oss/tests/google-llm.test.ts	28	const	llm
mem0-ts/src/oss/tests/google-llm.test.ts	29	const	result
mem0-ts/src/oss/tests/google-llm.test.ts	37	const	callArgs
mem0-ts/src/oss/tests/google-llm.test.ts	52	const	tools
mem0-ts/src/oss/tests/google-llm.test.ts	78	const	llm
mem0-ts/src/oss/tests/google-llm.test.ts	79	const	result
mem0-ts/src/oss/tests/google-llm.test.ts	86	const	callArgs
mem0-ts/src/oss/tests/google-llm.test.ts	95	const	response
mem0-ts/src/oss/tests/google-llm.test.ts	109	const	tools
mem0-ts/src/oss/tests/google-llm.test.ts	120	const	llm
mem0-ts/src/oss/tests/google-llm.test.ts	121	const	result
mem0-ts/src/oss/tests/google-llm.test.ts	137	const	llm
mem0-ts/src/oss/tests/google-llm.test.ts	138	const	result
mem0-ts/src/oss/tests/google-llm.test.ts	164	const	tools
mem0-ts/src/oss/tests/google-llm.test.ts	175	const	llm
mem0-ts/src/oss/tests/google-llm.test.ts	176	const	result
mem0-ts/src/oss/tests/google-llm.test.ts	182	const	response
mem0-ts/src/oss/tests/google-llm.test.ts	200	const	llm
mem0-ts/src/oss/tests/google-llm.test.ts	201	const	result
mem0-ts/src/oss/tests/google-llm.test.ts	223	const	llm
mem0-ts/src/oss/tests/google-llm.test.ts	224	const	result
mem0-ts/src/oss/tests/huggingface-embedder.test.ts	9	const	mockEmbeddingsCreate
mem0-ts/src/oss/tests/huggingface-embedder.test.ts	10	const	mockOpenAICtor
mem0-ts/src/oss/tests/huggingface-embedder.test.ts	24	const	mockEmbedding
mem0-ts/src/oss/tests/huggingface-embedder.test.ts	27	const	OLD_ENV
mem0-ts/src/oss/tests/huggingface-embedder.test.ts	51	const	embedder
mem0-ts/src/oss/tests/huggingface-embedder.test.ts	61	const	callArgs
mem0-ts/src/oss/tests/huggingface-embedder.test.ts	66	const	embedder
mem0-ts/src/oss/tests/huggingface-embedder.test.ts	82	const	embedder
mem0-ts/src/oss/tests/huggingface-embedder.test.ts	91	const	embedder
mem0-ts/src/oss/tests/huggingface-embedder.test.ts	104	const	cfg
mem0-ts/src/oss/tests/huggingface-embedder.test.ts	107	const	embedder
mem0-ts/src/oss/tests/huggingface-embedder.test.ts	112	const	embedder
mem0-ts/src/oss/tests/huggingface-embedder.test.ts	124	const	embedder
mem0-ts/src/oss/tests/huggingface-embedder.test.ts	135	const	embedder
mem0-ts/src/oss/tests/huggingface-embedder.test.ts	143	const	embedder
mem0-ts/src/oss/tests/litellm.test.ts	8	const	mockCreate
mem0-ts/src/oss/tests/litellm.test.ts	20	const	llm
mem0-ts/src/oss/tests/litellm.test.ts	37	const	llm
mem0-ts/src/oss/tests/litellm.test.ts	38	const	result
mem0-ts/src/oss/tests/litellm.test.ts	66	const	llm
mem0-ts/src/oss/tests/litellm.test.ts	67	const	result
mem0-ts/src/oss/tests/litellm.test.ts	83	const	llm
mem0-ts/src/oss/tests/litellm.test.ts	99	const	llm
mem0-ts/src/oss/tests/litellm.test.ts	100	const	result
mem0-ts/src/oss/tests/litellm.test.ts	113	const	llm
mem0-ts/src/oss/tests/litellm.test.ts	121	const	original
mem0-ts/src/oss/tests/litellm.test.ts	124	const	llm
mem0-ts/src/oss/tests/lmstudio-embedder.test.ts	8	const	mockEmbedding
mem0-ts/src/oss/tests/lmstudio-embedder.test.ts	9	const	mockCreate
mem0-ts/src/oss/tests/lmstudio-embedder.test.ts	23	const	embedder
mem0-ts/src/oss/tests/lmstudio-embedder.test.ts	28	const	result
mem0-ts/src/oss/tests/lmstudio-embedder.test.ts	40	const	embedder
mem0-ts/src/oss/tests/lmstudio-embedder.test.ts	53	const	embedder
mem0-ts/src/oss/tests/lmstudio-embedder.test.ts	64	const	mockBatch
mem0-ts/src/oss/tests/lmstudio-embedder.test.ts	72	const	embedder
mem0-ts/src/oss/tests/lmstudio-embedder.test.ts	77	const	result
mem0-ts/src/oss/tests/lmstudio-llm.test.ts	8	const	mockCreate
mem0-ts/src/oss/tests/lmstudio-llm.test.ts	32	const	llm
mem0-ts/src/oss/tests/lmstudio-llm.test.ts	33	const	result
mem0-ts/src/oss/tests/lmstudio-llm.test.ts	61	const	llm
mem0-ts/src/oss/tests/lmstudio-llm.test.ts	62	const	result
mem0-ts/src/oss/tests/lmstudio-llm.test.ts	78	const	llm
mem0-ts/src/oss/tests/lmstudio-llm.test.ts	94	const	llm
mem0-ts/src/oss/tests/lmstudio-llm.test.ts	95	const	result
mem0-ts/src/oss/tests/lmstudio-llm.test.ts	108	const	llm
mem0-ts/src/oss/tests/memory.add.test.ts	26	const	userMsg
mem0-ts/src/oss/tests/memory.add.test.ts	27	const	content
mem0-ts/src/oss/tests/memory.add.test.ts	28	const	newMsgMatch
mem0-ts/src/oss/tests/memory.add.test.ts	31	const	extracted
mem0-ts/src/oss/tests/memory.add.test.ts	48	const	mockEmbedding
mem0-ts/src/oss/tests/memory.add.test.ts	61	function	createMemory
mem0-ts/src/oss/tests/memory.add.test.ts	87	const	userId
mem0-ts/src/oss/tests/memory.add.test.ts	98	const	result
mem0-ts/src/oss/tests/memory.add.test.ts	105	const	result
mem0-ts/src/oss/tests/memory.add.test.ts	114	const	result
mem0-ts/src/oss/tests/memory.add.test.ts	121	const	messages
mem0-ts/src/oss/tests/memory.add.test.ts	125	const	result
mem0-ts/src/oss/tests/memory.add.test.ts	135	const	messages
mem0-ts/src/oss/tests/memory.add.test.ts	139	const	result
mem0-ts/src/oss/tests/memory.add.test.ts	140	const	seen
mem0-ts/src/oss/tests/memory.add.test.ts	146	const	result
mem0-ts/src/oss/tests/memory.add.test.ts	153	const	result
mem0-ts/src/oss/tests/memory.add.test.ts	164	const	result
mem0-ts/src/oss/tests/memory.add.test.ts	168	const	stored
mem0-ts/src/oss/tests/memory.add.test.ts	176	const	result
mem0-ts/src/oss/tests/memory.add.test.ts	186	const	result
mem0-ts/src/oss/tests/memory.crud.test.ts	28	const	userMsg
mem0-ts/src/oss/tests/memory.crud.test.ts	29	const	content
mem0-ts/src/oss/tests/memory.crud.test.ts	31	const	newMsgMatch
mem0-ts/src/oss/tests/memory.crud.test.ts	34	const	extracted
mem0-ts/src/oss/tests/memory.crud.test.ts	49	const	mockEmbedding
mem0-ts/src/oss/tests/memory.crud.test.ts	62	function	createMemory
mem0-ts/src/oss/tests/memory.crud.test.ts	89	const	userId
mem0-ts/src/oss/tests/memory.crud.test.ts	100	const	addResult
mem0-ts/src/oss/tests/memory.crud.test.ts	103	const	id
mem0-ts/src/oss/tests/memory.crud.test.ts	104	const	item
mem0-ts/src/oss/tests/memory.crud.test.ts	110	const	addResult
mem0-ts/src/oss/tests/memory.crud.test.ts	113	const	item
mem0-ts/src/oss/tests/memory.crud.test.ts	118	const	item
mem0-ts/src/oss/tests/memory.crud.test.ts	123	const	addResult
mem0-ts/src/oss/tests/memory.crud.test.ts	126	const	item
mem0-ts/src/oss/tests/memory.crud.test.ts	137	const	userId
mem0-ts/src/oss/tests/memory.crud.test.ts	149	const	addResult
mem0-ts/src/oss/tests/memory.crud.test.ts	153	const	id
mem0-ts/src/oss/tests/memory.crud.test.ts	154	const	result
mem0-ts/src/oss/tests/memory.crud.test.ts	159	const	addResult
mem0-ts/src/oss/tests/memory.crud.test.ts	163	const	id
mem0-ts/src/oss/tests/memory.crud.test.ts	165	const	item
mem0-ts/src/oss/tests/memory.crud.test.ts	170	const	addResult
mem0-ts/src/oss/tests/memory.crud.test.ts	174	const	id
mem0-ts/src/oss/tests/memory.crud.test.ts	175	const	before
mem0-ts/src/oss/tests/memory.crud.test.ts	176	const	originalCreatedAt
mem0-ts/src/oss/tests/memory.crud.test.ts	179	const	after
mem0-ts/src/oss/tests/memory.crud.test.ts	185	const	addResult
mem0-ts/src/oss/tests/memory.crud.test.ts	189	const	id
mem0-ts/src/oss/tests/memory.crud.test.ts	190	const	before
mem0-ts/src/oss/tests/memory.crud.test.ts	192	const	after
mem0-ts/src/oss/tests/memory.crud.test.ts	197	const	addResult
mem0-ts/src/oss/tests/memory.crud.test.ts	202	const	id
mem0-ts/src/oss/tests/memory.crud.test.ts	204	const	after
mem0-ts/src/oss/tests/memory.crud.test.ts	217	const	userId
mem0-ts/src/oss/tests/memory.crud.test.ts	235	function	seed
mem0-ts/src/oss/tests/memory.crud.test.ts	236	const	addResult
mem0-ts/src/oss/tests/memory.crud.test.ts	244	const	id
mem0-ts/src/oss/tests/memory.crud.test.ts	246	const	after
mem0-ts/src/oss/tests/memory.crud.test.ts	252	const	id
mem0-ts/src/oss/tests/memory.crud.test.ts	254	const	after
mem0-ts/src/oss/tests/memory.crud.test.ts	259	const	id
mem0-ts/src/oss/tests/memory.crud.test.ts	261	const	after
mem0-ts/src/oss/tests/memory.crud.test.ts	269	const	id
mem0-ts/src/oss/tests/memory.crud.test.ts	271	const	after
mem0-ts/src/oss/tests/memory.crud.test.ts	277	const	id
mem0-ts/src/oss/tests/memory.crud.test.ts	279	const	after
mem0-ts/src/oss/tests/memory.crud.test.ts	284	const	id
mem0-ts/src/oss/tests/memory.crud.test.ts	286	const	after
mem0-ts/src/oss/tests/memory.crud.test.ts	294	const	id
mem0-ts/src/oss/tests/memory.crud.test.ts	296	const	after
mem0-ts/src/oss/tests/memory.crud.test.ts	308	const	id
mem0-ts/src/oss/tests/memory.crud.test.ts	317	const	id
mem0-ts/src/oss/tests/memory.crud.test.ts	328	const	userId
mem0-ts/src/oss/tests/memory.crud.test.ts	341	const	rejected
mem0-ts/src/oss/tests/memory.crud.test.ts	356	const	addResult
mem0-ts/src/oss/tests/memory.crud.test.ts	369	const	addResult
mem0-ts/src/oss/tests/memory.crud.test.ts	374	const	item
mem0-ts/src/oss/tests/memory.crud.test.ts	384	const	userId
mem0-ts/src/oss/tests/memory.crud.test.ts	385	const	today
mem0-ts/src/oss/tests/memory.crud.test.ts	395	function	seed
mem0-ts/src/oss/tests/memory.crud.test.ts	396	const	addResult
mem0-ts/src/oss/tests/memory.crud.test.ts	404	function	seedLiveAndDead
mem0-ts/src/oss/tests/memory.crud.test.ts	414	const	scopedUser
mem0-ts/src/oss/tests/memory.crud.test.ts	416	const	filters
mem0-ts/src/oss/tests/memory.crud.test.ts	418	const	hidden
mem0-ts/src/oss/tests/memory.crud.test.ts	421	const	shown
mem0-ts/src/oss/tests/memory.crud.test.ts	432	const	scopedUser
mem0-ts/src/oss/tests/memory.crud.test.ts	434	const	filters
mem0-ts/src/oss/tests/memory.crud.test.ts	436	const	hidden
mem0-ts/src/oss/tests/memory.crud.test.ts	439	const	shown
mem0-ts/src/oss/tests/memory.crud.test.ts	450	const	scopedUser
mem0-ts/src/oss/tests/memory.crud.test.ts	456	const	result
mem0-ts/src/oss/tests/memory.crud.test.ts	463	const	id
mem0-ts/src/oss/tests/memory.crud.test.ts	464	const	item
mem0-ts/src/oss/tests/memory.crud.test.ts	470	const	scopedUser
mem0-ts/src/oss/tests/memory.crud.test.ts	471	const	addResult
mem0-ts/src/oss/tests/memory.crud.test.ts	476	const	id
mem0-ts/src/oss/tests/memory.crud.test.ts	478	const	before
mem0-ts/src/oss/tests/memory.crud.test.ts	485	const	after
mem0-ts/src/oss/tests/memory.crud.test.ts	492	const	scopedUser
mem0-ts/src/oss/tests/memory.crud.test.ts	504	const	result
mem0-ts/src/oss/tests/memory.crud.test.ts	519	const	userId
mem0-ts/src/oss/tests/memory.crud.test.ts	530	const	addResult
mem0-ts/src/oss/tests/memory.crud.test.ts	534	const	result
mem0-ts/src/oss/tests/memory.crud.test.ts	539	const	addResult
mem0-ts/src/oss/tests/memory.crud.test.ts	543	const	id
mem0-ts/src/oss/tests/memory.crud.test.ts	553	const	userId
mem0-ts/src/oss/tests/memory.crud.test.ts	566	const	result
mem0-ts/src/oss/tests/memory.crud.test.ts	568	const	remaining
mem0-ts/src/oss/tests/memory.crud.test.ts	585	const	userId
mem0-ts/src/oss/tests/memory.crud.test.ts	598	const	result
mem0-ts/src/oss/tests/memory.crud.test.ts	606	const	result
mem0-ts/src/oss/tests/memory.crud.test.ts	616	const	result
mem0-ts/src/oss/tests/memory.crud.test.ts	627	const	userId
mem0-ts/src/oss/tests/memory.crud.test.ts	639	const	result
mem0-ts/src/oss/tests/memory.crud.test.ts	646	const	result
mem0-ts/src/oss/tests/memory.crud.test.ts	661	const	result
mem0-ts/src/oss/tests/memory.crud.test.ts	672	const	userId
mem0-ts/src/oss/tests/memory.crud.test.ts	678	const	addResult
mem0-ts/src/oss/tests/memory.crud.test.ts	687	const	item
mem0-ts/src/oss/tests/memory.crud.test.ts	692	const	result
mem0-ts/src/oss/tests/memory.crud.test.ts	699	const	result
mem0-ts/src/oss/tests/memory.crud.test.ts	711	const	userId
mem0-ts/src/oss/tests/memory.crud.test.ts	722	const	addResult
mem0-ts/src/oss/tests/memory.crud.test.ts	725	const	history
mem0-ts/src/oss/tests/memory.crud.test.ts	731	const	addResult
mem0-ts/src/oss/tests/memory.crud.test.ts	734	const	id
mem0-ts/src/oss/tests/memory.crud.test.ts	736	const	history
mem0-ts/src/oss/tests/memory.crud.test.ts	741	const	history
mem0-ts/src/oss/tests/memory.embedding-action.test.ts	11	const	mockEmbedding
mem0-ts/src/oss/tests/memory.embedding-action.test.ts	13	const	mockEmbed
mem0-ts/src/oss/tests/memory.embedding-action.test.ts	14	const	mockEmbedBatch
mem0-ts/src/oss/tests/memory.embedding-action.test.ts	20	const	mockGenerateResponse
mem0-ts/src/oss/tests/memory.embedding-action.test.ts	39	function	createMemory
mem0-ts/src/oss/tests/memory.entity-boost.test.ts	31	const	mockEmbedding
mem0-ts/src/oss/tests/memory.entity-boost.test.ts	44	function	makeMatch
mem0-ts/src/oss/tests/memory.entity-boost.test.ts	52	function	createMemory
mem0-ts/src/oss/tests/memory.entity-boost.test.ts	88	const	allSettledSpy
mem0-ts/src/oss/tests/memory.entity-boost.test.ts	91	const	m
mem0-ts/src/oss/tests/memory.entity-boost.test.ts	94	const	mockEntityStore
mem0-ts/src/oss/tests/memory.entity-boost.test.ts	124	const	m
mem0-ts/src/oss/tests/memory.entity-boost.test.ts	129	const	mockEntityStore
mem0-ts/src/oss/tests/memory.entity-boost.test.ts	136	const	callCount
mem0-ts/src/oss/tests/memory.entity-boost.test.ts	166	const	result
mem0-ts/src/oss/tests/memory.entity-boost.test.ts	182	const	m
mem0-ts/src/oss/tests/memory.entity-boost.test.ts	186	const	mockEntityStore
mem0-ts/src/oss/tests/memory.entity-boost.test.ts	212	const	warnSpy
mem0-ts/src/oss/tests/memory.entity-boost.test.ts	215	const	result
mem0-ts/src/oss/tests/memory.entity-boost.test.ts	230	const	m
mem0-ts/src/oss/tests/memory.entity-boost.test.ts	233	const	concurrency
mem0-ts/src/oss/tests/memory.entity-boost.test.ts	235	const	mockEntityStore
mem0-ts/src/oss/tests/memory.entity-boost.test.ts	264	const	start
mem0-ts/src/oss/tests/memory.entity-boost.test.ts	268	const	elapsed
mem0-ts/src/oss/tests/memory.init.test.ts	26	const	userMsg
mem0-ts/src/oss/tests/memory.init.test.ts	27	const	content
mem0-ts/src/oss/tests/memory.init.test.ts	28	const	newMsgMatch
mem0-ts/src/oss/tests/memory.init.test.ts	31	const	extracted
mem0-ts/src/oss/tests/memory.init.test.ts	46	const	mockEmbedding
mem0-ts/src/oss/tests/memory.init.test.ts	59	function	createMemory
mem0-ts/src/oss/tests/memory.init.test.ts	85	const	config
mem0-ts/src/oss/tests/memory.init.test.ts	100	const	mem
mem0-ts/src/oss/tests/memory.init.test.ts	109	const	mem
mem0-ts/src/oss/tests/memory.init.test.ts	111	const	result
mem0-ts/src/oss/tests/memory.init.test.ts	118	const	mem
mem0-ts/src/oss/tests/memory.init.test.ts	119	const	userId
mem0-ts/src/oss/tests/memory.init.test.ts	122	const	before
mem0-ts/src/oss/tests/memory.init.test.ts	129	const	after
mem0-ts/src/oss/tests/memory.llm-error.test.ts	22	class	_ProviderError
mem0-ts/src/oss/tests/memory.llm-error.test.ts	32	const	mockEmbedding
mem0-ts/src/oss/tests/memory.llm-error.test.ts	45	function	createMemory
mem0-ts/src/oss/tests/memory.llm-error.test.ts	70	const	userId
mem0-ts/src/oss/tests/memory.llm-error.test.ts	89	const	result
mem0-ts/src/oss/tests/memory.rerank.test.ts	29	const	mockEmbedding
mem0-ts/src/oss/tests/memory.rerank.test.ts	42	function	createMemory
mem0-ts/src/oss/tests/memory.rerank.test.ts	67	function	primeSearch
mem0-ts/src/oss/tests/memory.rerank.test.ts	79	const	memory
mem0-ts/src/oss/tests/memory.rerank.test.ts	80	const	m
mem0-ts/src/oss/tests/memory.rerank.test.ts	83	const	rerank
mem0-ts/src/oss/tests/memory.rerank.test.ts	91	const	result
mem0-ts/src/oss/tests/memory.rerank.test.ts	115	const	memory
mem0-ts/src/oss/tests/memory.rerank.test.ts	116	const	m
mem0-ts/src/oss/tests/memory.rerank.test.ts	118	const	rerank
mem0-ts/src/oss/tests/memory.rerank.test.ts	121	const	result
mem0-ts/src/oss/tests/memory.rerank.test.ts	136	const	memory
mem0-ts/src/oss/tests/memory.rerank.test.ts	137	const	m
mem0-ts/src/oss/tests/memory.rerank.test.ts	140	const	result
mem0-ts/src/oss/tests/memory.rerank.test.ts	154	const	memory
mem0-ts/src/oss/tests/memory.rerank.test.ts	155	const	m
mem0-ts/src/oss/tests/memory.rerank.test.ts	160	const	warnSpy
mem0-ts/src/oss/tests/memory.rerank.test.ts	162	const	result
mem0-ts/src/oss/tests/memory.rerank.test.ts	178	const	memory
mem0-ts/src/oss/tests/memory.validation.test.ts	33	const	mockEmbedding
mem0-ts/src/oss/tests/memory.validation.test.ts	43	const	testUserId
mem0-ts/src/oss/tests/memory.validation.test.ts	145	const	result
mem0-ts/src/oss/tests/memory.validation.test.ts	154	const	result
mem0-ts/src/oss/tests/memory.validation.test.ts	163	const	result
mem0-ts/src/oss/tests/memory.validation.test.ts	192	const	result
mem0-ts/src/oss/tests/memory.validation.test.ts	201	const	result
mem0-ts/src/oss/tests/memory.validation.test.ts	249	const	result
mem0-ts/src/oss/tests/memory.validation.test.ts	282	const	result
mem0-ts/src/oss/tests/memory.validation.test.ts	310	const	result
mem0-ts/src/oss/tests/memory.validation.test.ts	332	const	listSpy
mem0-ts/src/oss/tests/minimax.test.ts	7	const	mockCreate
mem0-ts/src/oss/tests/minimax.test.ts	82	const	llm
mem0-ts/src/oss/tests/minimax.test.ts	83	const	result
mem0-ts/src/oss/tests/minimax.test.ts	113	const	llm
mem0-ts/src/oss/tests/minimax.test.ts	114	const	result
mem0-ts/src/oss/tests/minimax.test.ts	130	const	llm
mem0-ts/src/oss/tests/minimax.test.ts	146	const	llm
mem0-ts/src/oss/tests/minimax.test.ts	147	const	result
mem0-ts/src/oss/tests/minimax.test.ts	160	const	llm
mem0-ts/src/oss/tests/notices.decay-feature.test.ts	15	const	mockEmbedding
mem0-ts/src/oss/tests/notices.decay-feature.test.ts	34	const	DECAY_COPY
mem0-ts/src/oss/tests/notices.decay-feature.test.ts	36	const	PLAIN_DECAY_ERROR
mem0-ts/src/oss/tests/notices.decay-feature.test.ts	38	const	PROJECT_UPDATE_ERROR
mem0-ts/src/oss/tests/notices.decay-feature.test.ts	41	function	makeTempMem0Dir
mem0-ts/src/oss/tests/notices.decay-feature.test.ts	45	function	decayPayload
mem0-ts/src/oss/tests/notices.decay-feature.test.ts	58	function	createFetchMock
mem0-ts/src/oss/tests/notices.decay-feature.test.ts	64	const	calls
mem0-ts/src/oss/tests/notices.decay-feature.test.ts	65	const	fetchMock
mem0-ts/src/oss/tests/notices.decay-feature.test.ts	66	const	target
mem0-ts/src/oss/tests/notices.decay-feature.test.ts	110	function	noticeEvents
mem0-ts/src/oss/tests/notices.decay-feature.test.ts	114	function	createMemory
mem0-ts/src/oss/tests/notices.decay-feature.test.ts	177	const	memory
mem0-ts/src/oss/tests/notices.decay-feature.test.ts	183	const	notices
mem0-ts/src/oss/tests/notices.decay-feature.test.ts	205	const	memory
mem0-ts/src/oss/tests/notices.decay-feature.test.ts	211	const	notices
mem0-ts/src/oss/tests/notices.decay-feature.test.ts	228	const	memory
mem0-ts/src/oss/tests/notices.decay-feature.test.ts	234	const	notices
mem0-ts/src/oss/tests/notices.decay-feature.test.ts	253	const	memory
mem0-ts/src/oss/tests/notices.decay-feature.test.ts	259	const	notices
mem0-ts/src/oss/tests/notices.decay-feature.test.ts	290	const	memory
mem0-ts/src/oss/tests/notices.decay-feature.test.ts	296	const	notices
mem0-ts/src/oss/tests/notices.decay-feature.test.ts	313	const	memory
mem0-ts/src/oss/tests/notices.decay-feature.test.ts	325	const	memory
mem0-ts/src/oss/tests/notices.decay-feature.test.ts	340	const	memory
mem0-ts/src/oss/tests/notices.decay-feature.test.ts	357	const	memory
mem0-ts/src/oss/tests/notices.decay-feature.test.ts	372	const	memory
mem0-ts/src/oss/tests/notices.decay-feature.test.ts	378	const	eventNames
mem0-ts/src/oss/tests/notices.decay-usage.test.ts	15	const	mockEmbedding
mem0-ts/src/oss/tests/notices.decay-usage.test.ts	34	const	DECAY_USAGE_COPY
mem0-ts/src/oss/tests/notices.decay-usage.test.ts	37	function	makeTempMem0Dir
mem0-ts/src/oss/tests/notices.decay-usage.test.ts	41	function	configPath
mem0-ts/src/oss/tests/notices.decay-usage.test.ts	45	function	readConfig
mem0-ts/src/oss/tests/notices.decay-usage.test.ts	46	const	file
mem0-ts/src/oss/tests/notices.decay-usage.test.ts	51	function	writeConfig
mem0-ts/src/oss/tests/notices.decay-usage.test.ts	56	function	consumeFirstRun
mem0-ts/src/oss/tests/notices.decay-usage.test.ts	69	function	decayUsagePayload
mem0-ts/src/oss/tests/notices.decay-usage.test.ts	82	function	createFetchMock
mem0-ts/src/oss/tests/notices.decay-usage.test.ts	88	const	calls
mem0-ts/src/oss/tests/notices.decay-usage.test.ts	89	const	fetchMock
mem0-ts/src/oss/tests/notices.decay-usage.test.ts	90	const	target
mem0-ts/src/oss/tests/notices.decay-usage.test.ts	96	const	payload
mem0-ts/src/oss/tests/notices.decay-usage.test.ts	133	function	noticeEvents
mem0-ts/src/oss/tests/notices.decay-usage.test.ts	137	function	flagRequestCount
mem0-ts/src/oss/tests/notices.decay-usage.test.ts	142	function	createMemory
mem0-ts/src/oss/tests/notices.decay-usage.test.ts	166	function	addMemories
mem0-ts/src/oss/tests/notices.decay-usage.test.ts	167	const	ids
mem0-ts/src/oss/tests/notices.decay-usage.test.ts	169	const	result
mem0-ts/src/oss/tests/notices.decay-usage.test.ts	222	const	memory
mem0-ts/src/oss/tests/notices.decay-usage.test.ts	223	const	ids
mem0-ts/src/oss/tests/notices.decay-usage.test.ts	241	const	memory
mem0-ts/src/oss/tests/notices.decay-usage.test.ts	242	const	ids
mem0-ts/src/oss/tests/notices.decay-usage.test.ts	248	const	notices
mem0-ts/src/oss/tests/notices.decay-usage.test.ts	275	const	memory
mem0-ts/src/oss/tests/notices.decay-usage.test.ts	291	const	memory
mem0-ts/src/oss/tests/notices.decay-usage.test.ts	296	const	notices
mem0-ts/src/oss/tests/notices.decay-usage.test.ts	316	const	memory
mem0-ts/src/oss/tests/notices.decay-usage.test.ts	329	const	memory
mem0-ts/src/oss/tests/notices.decay-usage.test.ts	344	const	memory
mem0-ts/src/oss/tests/notices.decay-usage.test.ts	352	const	notices
mem0-ts/src/oss/tests/notices.decay-usage.test.ts	398	const	memory
mem0-ts/src/oss/tests/notices.decay-usage.test.ts	406	const	notices
mem0-ts/src/oss/tests/notices.decay-usage.test.ts	426	const	memory
mem0-ts/src/oss/tests/notices.decay-usage.test.ts	439	const	memory
mem0-ts/src/oss/tests/notices.decay-usage.test.ts	454	const	memory
mem0-ts/src/oss/tests/notices.decay-usage.test.ts	466	const	now
mem0-ts/src/oss/tests/notices.decay-usage.test.ts	482	const	memory
mem0-ts/src/oss/tests/notices.decay-usage.test.ts	512	const	memory
mem0-ts/src/oss/tests/notices.decay-usage.test.ts	514	const	config
mem0-ts/src/oss/tests/notices.decay-usage.test.ts	520	const	notices
mem0-ts/src/oss/tests/notices.first-run.test.ts	25	const	mockEmbedding
mem0-ts/src/oss/tests/notices.first-run.test.ts	38	const	FIRST_RUN_COPY
mem0-ts/src/oss/tests/notices.first-run.test.ts	40	function	makeTempMem0Dir
mem0-ts/src/oss/tests/notices.first-run.test.ts	44	function	firstRunPayload
mem0-ts/src/oss/tests/notices.first-run.test.ts	57	function	createFetchMock
mem0-ts/src/oss/tests/notices.first-run.test.ts	62	const	calls
mem0-ts/src/oss/tests/notices.first-run.test.ts	63	const	fetchMock
mem0-ts/src/oss/tests/notices.first-run.test.ts	64	const	target
mem0-ts/src/oss/tests/notices.first-run.test.ts	105	function	noticeEvents
mem0-ts/src/oss/tests/notices.first-run.test.ts	109	function	createMemory
mem0-ts/src/oss/tests/notices.first-run.test.ts	176	const	memory
mem0-ts/src/oss/tests/notices.first-run.test.ts	187	const	stderrOutput
mem0-ts/src/oss/tests/notices.first-run.test.ts	190	const	notices
mem0-ts/src/oss/tests/notices.first-run.test.ts	208	const	config
mem0-ts/src/oss/tests/notices.first-run.test.ts	219	const	payload
mem0-ts/src/oss/tests/notices.first-run.test.ts	226	const	memory
mem0-ts/src/oss/tests/notices.first-run.test.ts	233	const	stderrOutput
mem0-ts/src/oss/tests/notices.first-run.test.ts	247	const	memory
mem0-ts/src/oss/tests/notices.first-run.test.ts	257	const	notices
mem0-ts/src/oss/tests/notices.first-run.test.ts	276	const	memory
mem0-ts/src/oss/tests/notices.first-run.test.ts	283	const	stderrOutput
mem0-ts/src/oss/tests/notices.first-run.test.ts	285	const	notices
mem0-ts/src/oss/tests/notices.first-run.test.ts	304	const	memory
mem0-ts/src/oss/tests/notices.first-run.test.ts	311	const	notices
mem0-ts/src/oss/tests/notices.first-run.test.ts	331	const	memory
mem0-ts/src/oss/tests/notices.first-run.test.ts	345	const	publicOssEntry
mem0-ts/src/oss/tests/notices.first-run.test.ts	356	const	memory
mem0-ts/src/oss/tests/notices.first-run.test.ts	372	const	memory
mem0-ts/src/oss/tests/notices.first-run.test.ts	387	const	memory
mem0-ts/src/oss/tests/notices.first-run.test.ts	389	const	result
mem0-ts/src/oss/tests/notices.first-run.test.ts	401	const	memory
mem0-ts/src/oss/tests/notices.first-run.test.ts	405	const	notices
mem0-ts/src/oss/tests/notices.foundation.test.ts	7	function	makeTempMem0Dir
mem0-ts/src/oss/tests/notices.foundation.test.ts	11	function	makeInstance
mem0-ts/src/oss/tests/notices.foundation.test.ts	49	const	notices
mem0-ts/src/oss/tests/notices.foundation.test.ts	50	const	configPath
mem0-ts/src/oss/tests/notices.foundation.test.ts	61	const	config
mem0-ts/src/oss/tests/notices.foundation.test.ts	67	const	notices
mem0-ts/src/oss/tests/notices.foundation.test.ts	73	const	configDir
mem0-ts/src/oss/tests/notices.foundation.test.ts	74	const	tempFiles
mem0-ts/src/oss/tests/notices.foundation.test.ts	82	const	notices
mem0-ts/src/oss/tests/notices.foundation.test.ts	83	const	now
mem0-ts/src/oss/tests/notices.foundation.test.ts	87	const	nextState
mem0-ts/src/oss/tests/notices.foundation.test.ts	103	const	notices
mem0-ts/src/oss/tests/notices.foundation.test.ts	104	const	oldEvent
mem0-ts/src/oss/tests/notices.foundation.test.ts	108	const	now
mem0-ts/src/oss/tests/notices.foundation.test.ts	113	const	nextState
mem0-ts/src/oss/tests/notices.foundation.test.ts	125	const	fetchMock
mem0-ts/src/oss/tests/notices.foundation.test.ts	127	const	notices
mem0-ts/src/oss/tests/notices.foundation.test.ts	142	const	notices
mem0-ts/src/oss/tests/notices.foundation.test.ts	143	const	fetchMock
mem0-ts/src/oss/tests/notices.foundation.test.ts	151	const	notices
mem0-ts/src/oss/tests/notices.foundation.test.ts	152	const	fetchMock
mem0-ts/src/oss/tests/notices.foundation.test.ts	170	const	notices
mem0-ts/src/oss/tests/notices.foundation.test.ts	171	const	payload
mem0-ts/src/oss/tests/notices.foundation.test.ts	180	const	fetchMock
mem0-ts/src/oss/tests/notices.foundation.test.ts	194	const	result
mem0-ts/src/oss/tests/notices.foundation.test.ts	198	const	parsed
mem0-ts/src/oss/tests/notices.foundation.test.ts	207	const	fetchMock
mem0-ts/src/oss/tests/notices.foundation.test.ts	212	const	notices
mem0-ts/src/oss/tests/notices.foundation.test.ts	222	const	body
mem0-ts/src/oss/tests/notices.performance-slow-query.test.ts	15	const	mockEmbedding
mem0-ts/src/oss/tests/notices.performance-slow-query.test.ts	34	const	PERFORMANCE_COPY
mem0-ts/src/oss/tests/notices.performance-slow-query.test.ts	37	function	makeTempMem0Dir
mem0-ts/src/oss/tests/notices.performance-slow-query.test.ts	41	function	configPath
mem0-ts/src/oss/tests/notices.performance-slow-query.test.ts	45	function	readConfig
mem0-ts/src/oss/tests/notices.performance-slow-query.test.ts	46	const	file
mem0-ts/src/oss/tests/notices.performance-slow-query.test.ts	51	function	writeConfig
mem0-ts/src/oss/tests/notices.performance-slow-query.test.ts	56	function	consumeFirstRun
mem0-ts/src/oss/tests/notices.performance-slow-query.test.ts	69	function	performancePayload
mem0-ts/src/oss/tests/notices.performance-slow-query.test.ts	82	function	createFetchMock
mem0-ts/src/oss/tests/notices.performance-slow-query.test.ts	88	const	calls
mem0-ts/src/oss/tests/notices.performance-slow-query.test.ts	89	const	fetchMock
mem0-ts/src/oss/tests/notices.performance-slow-query.test.ts	90	const	target
mem0-ts/src/oss/tests/notices.performance-slow-query.test.ts	96	const	payload
mem0-ts/src/oss/tests/notices.performance-slow-query.test.ts	133	function	noticeEvents
mem0-ts/src/oss/tests/notices.performance-slow-query.test.ts	137	function	performanceEvents
mem0-ts/src/oss/tests/notices.performance-slow-query.test.ts	143	function	flagRequestCount
mem0-ts/src/oss/tests/notices.performance-slow-query.test.ts	148	function	mockSearchElapsed
mem0-ts/src/oss/tests/notices.performance-slow-query.test.ts	151	const	current
mem0-ts/src/oss/tests/notices.performance-slow-query.test.ts	157	function	createMemory
mem0-ts/src/oss/tests/notices.performance-slow-query.test.ts	181	function	addSeed
mem0-ts/src/oss/tests/notices.performance-slow-query.test.ts	232	const	memory
mem0-ts/src/oss/tests/notices.performance-slow-query.test.ts	237	const	result
mem0-ts/src/oss/tests/notices.performance-slow-query.test.ts	244	const	event
mem0-ts/src/oss/tests/notices.performance-slow-query.test.ts	264	const	serialized
mem0-ts/src/oss/tests/notices.performance-slow-query.test.ts	273	const	memory
mem0-ts/src/oss/tests/notices.performance-slow-query.test.ts	318	const	memory
mem0-ts/src/oss/tests/notices.performance-slow-query.test.ts	341	const	memory
mem0-ts/src/oss/tests/notices.performance-slow-query.test.ts	359	const	memory
mem0-ts/src/oss/tests/notices.performance-slow-query.test.ts	381	const	memory
mem0-ts/src/oss/tests/notices.performance-slow-query.test.ts	398	const	memory
mem0-ts/src/oss/tests/notices.performance-slow-query.test.ts	416	const	memory
mem0-ts/src/oss/tests/notices.performance-slow-query.test.ts	434	const	memory
mem0-ts/src/oss/tests/notices.performance-slow-query.test.ts	458	const	memory
mem0-ts/src/oss/tests/notices.performance-slow-query.test.ts	472	const	noticeIds
mem0-ts/src/oss/tests/notices.performance-slow-query.test.ts	481	const	memory
mem0-ts/src/oss/tests/notices.scale-threshold.test.ts	15	const	mockEmbedding
mem0-ts/src/oss/tests/notices.scale-threshold.test.ts	34	const	SCALE_TOP_K_COPY
mem0-ts/src/oss/tests/notices.scale-threshold.test.ts	35	const	SCALE_MEMORY_COUNT_COPY
mem0-ts/src/oss/tests/notices.scale-threshold.test.ts	37	function	makeTempMem0Dir
mem0-ts/src/oss/tests/notices.scale-threshold.test.ts	41	function	configPath
mem0-ts/src/oss/tests/notices.scale-threshold.test.ts	45	function	readConfig
mem0-ts/src/oss/tests/notices.scale-threshold.test.ts	46	const	file
mem0-ts/src/oss/tests/notices.scale-threshold.test.ts	51	function	writeConfig
mem0-ts/src/oss/tests/notices.scale-threshold.test.ts	56	function	consumeFirstRun
mem0-ts/src/oss/tests/notices.scale-threshold.test.ts	72	function	scalePayload
mem0-ts/src/oss/tests/notices.scale-threshold.test.ts	88	function	createFetchMock
mem0-ts/src/oss/tests/notices.scale-threshold.test.ts	94	const	calls
mem0-ts/src/oss/tests/notices.scale-threshold.test.ts	95	const	fetchMock
mem0-ts/src/oss/tests/notices.scale-threshold.test.ts	96	const	target
mem0-ts/src/oss/tests/notices.scale-threshold.test.ts	102	const	payload
mem0-ts/src/oss/tests/notices.scale-threshold.test.ts	139	function	noticeEvents
mem0-ts/src/oss/tests/notices.scale-threshold.test.ts	143	function	scaleEvents
mem0-ts/src/oss/tests/notices.scale-threshold.test.ts	149	function	flagRequestCount
mem0-ts/src/oss/tests/notices.scale-threshold.test.ts	154	function	createMemory
mem0-ts/src/oss/tests/notices.scale-threshold.test.ts	178	function	addSeed
mem0-ts/src/oss/tests/notices.scale-threshold.test.ts	229	const	memory
mem0-ts/src/oss/tests/notices.scale-threshold.test.ts	233	const	result
mem0-ts/src/oss/tests/notices.scale-threshold.test.ts	240	const	event
mem0-ts/src/oss/tests/notices.scale-threshold.test.ts	258	const	memory
mem0-ts/src/oss/tests/notices.scale-threshold.test.ts	262	const	result
mem0-ts/src/oss/tests/notices.scale-threshold.test.ts	269	const	event
mem0-ts/src/oss/tests/notices.scale-threshold.test.ts	285	const	memory
mem0-ts/src/oss/tests/notices.scale-threshold.test.ts	302	const	memory
mem0-ts/src/oss/tests/notices.scale-threshold.test.ts	324	const	memory
mem0-ts/src/oss/tests/notices.scale-threshold.test.ts	342	const	memory
mem0-ts/src/oss/tests/notices.scale-threshold.test.ts	367	const	memory
mem0-ts/src/oss/tests/notices.scale-threshold.test.ts	377	const	event
mem0-ts/src/oss/tests/notices.scale-threshold.test.ts	388	const	payload
mem0-ts/src/oss/tests/notices.scale-threshold.test.ts	395	const	memory
mem0-ts/src/oss/tests/notices.scale-threshold.test.ts	416	const	memory
mem0-ts/src/oss/tests/notices.scale-threshold.test.ts	436	const	memory
mem0-ts/src/oss/tests/notices.scale-threshold.test.ts	452	const	memory
mem0-ts/src/oss/tests/notices.temporal-feature.test.ts	15	const	mockEmbedding
mem0-ts/src/oss/tests/notices.temporal-feature.test.ts	16	const	mockEmbed
mem0-ts/src/oss/tests/notices.temporal-feature.test.ts	17	const	mockEmbedBatch
mem0-ts/src/oss/tests/notices.temporal-feature.test.ts	31	const	mockGenerateResponse
mem0-ts/src/oss/tests/notices.temporal-feature.test.ts	38	const	TEMPORAL_COPY
mem0-ts/src/oss/tests/notices.temporal-feature.test.ts	40	const	PLAIN_TIMESTAMP_ERROR
mem0-ts/src/oss/tests/notices.temporal-feature.test.ts	42	const	PLAIN_REFERENCE_DATE_ERROR
mem0-ts/src/oss/tests/notices.temporal-feature.test.ts	45	function	makeTempMem0Dir
mem0-ts/src/oss/tests/notices.temporal-feature.test.ts	49	function	temporalPayload
mem0-ts/src/oss/tests/notices.temporal-feature.test.ts	62	function	createFetchMock
mem0-ts/src/oss/tests/notices.temporal-feature.test.ts	68	const	calls
mem0-ts/src/oss/tests/notices.temporal-feature.test.ts	69	const	fetchMock
mem0-ts/src/oss/tests/notices.temporal-feature.test.ts	70	const	target
mem0-ts/src/oss/tests/notices.temporal-feature.test.ts	114	function	noticeEvents
mem0-ts/src/oss/tests/notices.temporal-feature.test.ts	118	function	createMemory
mem0-ts/src/oss/tests/notices.temporal-feature.test.ts	189	const	memory
mem0-ts/src/oss/tests/notices.temporal-feature.test.ts	207	const	notices
mem0-ts/src/oss/tests/notices.temporal-feature.test.ts	235	const	memory
mem0-ts/src/oss/tests/notices.temporal-feature.test.ts	253	const	notices
mem0-ts/src/oss/tests/notices.temporal-feature.test.ts	271	const	memory
mem0-ts/src/oss/tests/notices.temporal-feature.test.ts	280	const	notices
mem0-ts/src/oss/tests/notices.temporal-feature.test.ts	294	const	payload
mem0-ts/src/oss/tests/notices.temporal-feature.test.ts	301	const	memory
mem0-ts/src/oss/tests/notices.temporal-feature.test.ts	325	const	memory
mem0-ts/src/oss/tests/notices.temporal-feature.test.ts	334	const	notices
mem0-ts/src/oss/tests/notices.temporal-feature.test.ts	369	const	memory
mem0-ts/src/oss/tests/notices.temporal-feature.test.ts	378	const	notices
mem0-ts/src/oss/tests/notices.temporal-feature.test.ts	398	const	memory
mem0-ts/src/oss/tests/notices.temporal-feature.test.ts	413	const	memory
mem0-ts/src/oss/tests/notices.temporal-feature.test.ts	431	const	memory
mem0-ts/src/oss/tests/notices.temporal-feature.test.ts	447	const	memory
mem0-ts/src/oss/tests/notices.temporal-feature.test.ts	448	const	addToVectorStoreSpy
mem0-ts/src/oss/tests/notices.temporal-feature.test.ts	472	const	memory
mem0-ts/src/oss/tests/notices.temporal-feature.test.ts	493	const	memory
mem0-ts/src/oss/tests/notices.temporal-feature.test.ts	495	const	addResult
mem0-ts/src/oss/tests/notices.temporal-feature.test.ts	501	const	searchResult
mem0-ts/src/oss/tests/notices.temporal-feature.test.ts	507	const	eventNames
mem0-ts/src/oss/tests/notices.temporal-usage.test.ts	15	const	mockEmbedding
mem0-ts/src/oss/tests/notices.temporal-usage.test.ts	34	const	TEMPORAL_USAGE_COPY
mem0-ts/src/oss/tests/notices.temporal-usage.test.ts	37	function	makeTempMem0Dir
mem0-ts/src/oss/tests/notices.temporal-usage.test.ts	41	function	configPath
mem0-ts/src/oss/tests/notices.temporal-usage.test.ts	45	function	readConfig
mem0-ts/src/oss/tests/notices.temporal-usage.test.ts	46	const	file
mem0-ts/src/oss/tests/notices.temporal-usage.test.ts	51	function	writeConfig
mem0-ts/src/oss/tests/notices.temporal-usage.test.ts	56	function	consumeFirstRun
mem0-ts/src/oss/tests/notices.temporal-usage.test.ts	69	function	temporalUsagePayload
mem0-ts/src/oss/tests/notices.temporal-usage.test.ts	82	function	createFetchMock
mem0-ts/src/oss/tests/notices.temporal-usage.test.ts	88	const	calls
mem0-ts/src/oss/tests/notices.temporal-usage.test.ts	89	const	fetchMock
mem0-ts/src/oss/tests/notices.temporal-usage.test.ts	90	const	target
mem0-ts/src/oss/tests/notices.temporal-usage.test.ts	96	const	payload
mem0-ts/src/oss/tests/notices.temporal-usage.test.ts	133	function	noticeEvents
mem0-ts/src/oss/tests/notices.temporal-usage.test.ts	137	function	temporalUsageEvents
mem0-ts/src/oss/tests/notices.temporal-usage.test.ts	143	function	flagRequestCount
mem0-ts/src/oss/tests/notices.temporal-usage.test.ts	148	function	createMemory
mem0-ts/src/oss/tests/notices.temporal-usage.test.ts	172	function	addSearchSeed
mem0-ts/src/oss/tests/notices.temporal-usage.test.ts	223	const	memory
mem0-ts/src/oss/tests/notices.temporal-usage.test.ts	225	const	result
mem0-ts/src/oss/tests/notices.temporal-usage.test.ts	233	const	notices
mem0-ts/src/oss/tests/notices.temporal-usage.test.ts	258	const	memory
mem0-ts/src/oss/tests/notices.temporal-usage.test.ts	266	const	notices
mem0-ts/src/oss/tests/notices.temporal-usage.test.ts	283	const	memory
mem0-ts/src/oss/tests/notices.temporal-usage.test.ts	294	const	notices
mem0-ts/src/oss/tests/notices.temporal-usage.test.ts	311	const	memory
mem0-ts/src/oss/tests/notices.temporal-usage.test.ts	332	const	memory
mem0-ts/src/oss/tests/notices.temporal-usage.test.ts	354	const	memory
mem0-ts/src/oss/tests/notices.temporal-usage.test.ts	363	const	notices
mem0-ts/src/oss/tests/notices.temporal-usage.test.ts	401	const	memory
mem0-ts/src/oss/tests/notices.temporal-usage.test.ts	410	const	notices
mem0-ts/src/oss/tests/notices.temporal-usage.test.ts	428	const	memory
mem0-ts/src/oss/tests/notices.temporal-usage.test.ts	444	const	memory
mem0-ts/src/oss/tests/notices.temporal-usage.test.ts	462	const	memory
mem0-ts/src/oss/tests/notices.temporal-usage.test.ts	479	const	memory
mem0-ts/src/oss/tests/notices.temporal-usage.test.ts	498	const	memory
mem0-ts/src/oss/tests/notices.temporal-usage.test.ts	512	const	notices
mem0-ts/src/oss/tests/notices.temporal-usage.test.ts	524	const	memory
mem0-ts/src/oss/tests/notices.temporal-usage.test.ts	535	const	props
mem0-ts/src/oss/tests/notices.temporal-usage.test.ts	536	const	serialized
mem0-ts/src/oss/tests/notices.temporal-usage.test.ts	579	const	metadata
mem0-ts/src/oss/tests/notices.temporal-usage.test.ts	581	const	filters
mem0-ts/src/oss/tests/ollama-embedder.test.ts	8	const	mockEmbedding
mem0-ts/src/oss/tests/ollama-embedder.test.ts	9	const	mockEmbed
mem0-ts/src/oss/tests/ollama-embedder.test.ts	13	const	mockList
mem0-ts/src/oss/tests/ollama-embedder.test.ts	16	const	mockPull
mem0-ts/src/oss/tests/ollama-embedder.test.ts	34	const	embedder
mem0-ts/src/oss/tests/ollama-embedder.test.ts	38	const	result
mem0-ts/src/oss/tests/ollama-embedder.test.ts	49	const	embedder
mem0-ts/src/oss/tests/ollama-embedder.test.ts	60	const	embedder
mem0-ts/src/oss/tests/ollama-embedder.test.ts	64	const	result
mem0-ts/src/oss/tests/ollama-embedder.test.ts	71	const	embedder
mem0-ts/src/oss/tests/ollama-embedder.test.ts	84	const	embedder
mem0-ts/src/oss/tests/ollama-embedder.test.ts	98	const	embedder
mem0-ts/src/oss/tests/ollama-embedder.test.ts	113	const	embedder
mem0-ts/src/oss/tests/openai-embedder.test.ts	9	const	mockEmbeddingsCreate
mem0-ts/src/oss/tests/openai-embedder.test.ts	22	const	mockEmbedding
mem0-ts/src/oss/tests/openai-embedder.test.ts	34	const	embedder
mem0-ts/src/oss/tests/openai-embedder.test.ts	41	const	callArgs
mem0-ts/src/oss/tests/openai-embedder.test.ts	51	const	embedder
mem0-ts/src/oss/tests/openai-embedder.test.ts	59	const	callArgs
mem0-ts/src/oss/tests/openai-embedder.test.ts	69	const	embedder
mem0-ts/src/oss/tests/openai-embedder.test.ts	76	const	callArgs
mem0-ts/src/oss/tests/openai-embedder.test.ts	85	const	embedder
mem0-ts/src/oss/tests/openai-embedder.test.ts	91	const	callArgs
mem0-ts/src/oss/tests/openai-embedder.test.ts	101	const	embedder
mem0-ts/src/oss/tests/openai-embedder.test.ts	108	const	callArgs
mem0-ts/src/oss/tests/openai-embedder.test.ts	120	const	embedder
mem0-ts/src/oss/tests/openai-embedder.test.ts	124	const	result
mem0-ts/src/oss/tests/openai-embedder.test.ts	129	const	batch
mem0-ts/src/oss/tests/openai-embedder.test.ts	137	const	embedder
mem0-ts/src/oss/tests/openai-embedder.test.ts	141	const	result
mem0-ts/src/oss/tests/openai-embedder.test.ts	151	const	embedder
mem0-ts/src/oss/tests/openai-embedder.test.ts	161	const	embedder
mem0-ts/src/oss/tests/openai-embedder.test.ts	168	const	callArgs
mem0-ts/src/oss/tests/openai-llm.test.ts	10	const	mockCreate
mem0-ts/src/oss/tests/openai-llm.test.ts	79	const	llm
mem0-ts/src/oss/tests/openai-llm.test.ts	80	const	result
mem0-ts/src/oss/tests/openai-llm.test.ts	108	const	llm
mem0-ts/src/oss/tests/openai-llm.test.ts	109	const	result
mem0-ts/src/oss/tests/openai-llm.test.ts	131	const	llm
mem0-ts/src/oss/tests/openai-llm.test.ts	132	const	result
mem0-ts/src/oss/tests/openai-structured-llm.test.ts	9	const	mockCreate
mem0-ts/src/oss/tests/opensearch.unit.test.ts	11	const	collectionName
mem0-ts/src/oss/tests/opensearch.unit.test.ts	12	const	dims
mem0-ts/src/oss/tests/opensearch.unit.test.ts	14	function	createClient
mem0-ts/src/oss/tests/opensearch.unit.test.ts	35	function	createStore
mem0-ts/src/oss/tests/opensearch.unit.test.ts	36	const	store
mem0-ts/src/oss/tests/opensearch.unit.test.ts	46	const	client
mem0-ts/src/oss/tests/opensearch.unit.test.ts	49	const	createCall
mem0-ts/src/oss/tests/opensearch.unit.test.ts	54	const	body
mem0-ts/src/oss/tests/opensearch.unit.test.ts	67	const	client
mem0-ts/src/oss/tests/opensearch.unit.test.ts	68	const	store
mem0-ts/src/oss/tests/opensearch.unit.test.ts	77	const	operations
mem0-ts/src/oss/tests/opensearch.unit.test.ts	91	const	client
mem0-ts/src/oss/tests/opensearch.unit.test.ts	92	const	store
mem0-ts/src/oss/tests/opensearch.unit.test.ts	96	const	searchCall
mem0-ts/src/oss/tests/opensearch.unit.test.ts	100	const	filter
mem0-ts/src/oss/tests/opensearch.unit.test.ts	107	const	client
mem0-ts/src/oss/tests/opensearch.unit.test.ts	123	const	store
mem0-ts/src/oss/tests/opensearch.unit.test.ts	134	const	client
mem0-ts/src/oss/tests/opensearch.unit.test.ts	135	const	store
mem0-ts/src/oss/tests/opensearch.unit.test.ts	149	const	client
mem0-ts/src/oss/tests/opensearch.unit.test.ts	152	const	store
mem0-ts/src/oss/tests/optional-peers.test.ts	8	const	packageRoot
mem0-ts/src/oss/tests/optional-peers.test.ts	10	function	optionalPeers
mem0-ts/src/oss/tests/optional-peers.test.ts	11	const	pkg
mem0-ts/src/oss/tests/optional-peers.test.ts	21	function	sourceFiles
mem0-ts/src/oss/tests/optional-peers.test.ts	23	const	full
mem0-ts/src/oss/tests/optional-peers.test.ts	35	function	hasStaticValueImport
mem0-ts/src/oss/tests/optional-peers.test.ts	36	const	escaped
mem0-ts/src/oss/tests/optional-peers.test.ts	37	const	specifier
mem0-ts/src/oss/tests/optional-peers.test.ts	47	const	peers
mem0-ts/src/oss/tests/optional-peers.test.ts	54	const	files
mem0-ts/src/oss/tests/optional-peers.test.ts	55	const	sources
mem0-ts/src/oss/tests/optional-peers.test.ts	59	const	offenders
mem0-ts/src/oss/tests/pgvector.filters.test.ts	2	const	Client
mem0-ts/src/oss/tests/pgvector.filters.test.ts	7	const	escapeIdentifier
mem0-ts/src/oss/tests/pgvector.filters.test.ts	20	const	result
mem0-ts/src/oss/tests/pgvector.filters.test.ts	27	const	result
mem0-ts/src/oss/tests/pgvector.filters.test.ts	33	const	result
mem0-ts/src/oss/tests/pgvector.filters.test.ts	41	const	result
mem0-ts/src/oss/tests/pgvector.filters.test.ts	51	const	result
mem0-ts/src/oss/tests/pgvector.filters.test.ts	58	const	result
mem0-ts/src/oss/tests/pgvector.filters.test.ts	65	const	result
mem0-ts/src/oss/tests/pgvector.filters.test.ts	72	const	result
mem0-ts/src/oss/tests/pgvector.filters.test.ts	78	const	result
mem0-ts/src/oss/tests/pgvector.filters.test.ts	84	const	result
mem0-ts/src/oss/tests/pgvector.filters.test.ts	90	const	result
mem0-ts/src/oss/tests/pgvector.filters.test.ts	98	const	result
mem0-ts/src/oss/tests/pgvector.filters.test.ts	108	const	result
mem0-ts/src/oss/tests/pgvector.filters.test.ts	119	const	result
mem0-ts/src/oss/tests/pgvector.filters.test.ts	126	const	result
mem0-ts/src/oss/tests/pgvector.filters.test.ts	133	const	result
mem0-ts/src/oss/tests/pgvector.filters.test.ts	138	const	result
mem0-ts/src/oss/tests/pgvector.filters.test.ts	143	const	result
mem0-ts/src/oss/tests/pgvector.filters.test.ts	150	const	result
mem0-ts/src/oss/tests/pgvector.filters.test.ts	157	const	result
mem0-ts/src/oss/tests/pgvector.filters.test.ts	170	const	result
mem0-ts/src/oss/tests/pgvector.filters.test.ts	182	const	result
mem0-ts/src/oss/tests/pgvector.filters.test.ts	194	const	result
mem0-ts/src/oss/tests/pgvector.filters.test.ts	213	const	result
mem0-ts/src/oss/tests/pgvector.filters.test.ts	218	const	result
mem0-ts/src/oss/tests/pgvector.filters.test.ts	229	const	result
mem0-ts/src/oss/tests/pgvector.filters.test.ts	234	const	result
mem0-ts/src/oss/tests/pgvector.filters.test.ts	239	const	result
mem0-ts/src/oss/tests/pgvector.unit.test.ts	1	const	searchRows
mem0-ts/src/oss/tests/pgvector.unit.test.ts	24	const	mockState
mem0-ts/src/oss/tests/pgvector.unit.test.ts	28	function	mockPgQuery
mem0-ts/src/oss/tests/pgvector.unit.test.ts	45	const	clients
mem0-ts/src/oss/tests/pgvector.unit.test.ts	47	const	Client
mem0-ts/src/oss/tests/pgvector.unit.test.ts	48	const	client
mem0-ts/src/oss/tests/pgvector.unit.test.ts	61	const	escapeIdentifier
mem0-ts/src/oss/tests/pgvector.unit.test.ts	74	function	getClientQueries
mem0-ts/src/oss/tests/pgvector.unit.test.ts	80	const	pg
mem0-ts/src/oss/tests/pgvector.unit.test.ts	89	const	ssl
mem0-ts/src/oss/tests/pgvector.unit.test.ts	90	const	store
mem0-ts/src/oss/tests/pgvector.unit.test.ts	101	const	pg
mem0-ts/src/oss/tests/pgvector.unit.test.ts	109	const	directClient
mem0-ts/src/oss/tests/pgvector.unit.test.ts	110	const	queries
mem0-ts/src/oss/tests/pgvector.unit.test.ts	130	const	ssl
mem0-ts/src/oss/tests/pgvector.unit.test.ts	132	const	store
mem0-ts/src/oss/tests/pgvector.unit.test.ts	146	const	pg
mem0-ts/src/oss/tests/pgvector.unit.test.ts	165	const	bootstrapClient
mem0-ts/src/oss/tests/pgvector.unit.test.ts	166	const	activeClient
mem0-ts/src/oss/tests/pgvector.unit.test.ts	167	const	bootstrapQueries
mem0-ts/src/oss/tests/pgvector.unit.test.ts	198	const	store
mem0-ts/src/oss/tests/pgvector.unit.test.ts	210	const	results
mem0-ts/src/oss/tests/pgvector.unit.test.ts	235	const	pg
mem0-ts/src/oss/tests/pgvector.unit.test.ts	238	const	activeClient
mem0-ts/src/oss/tests/qdrant-url-port.test.ts	131	const	mockClient
mem0-ts/src/oss/tests/redis.unit.test.ts	22	function	createStore
mem0-ts/src/oss/tests/redis.unit.test.ts	45	const	entityPayload
mem0-ts/src/oss/tests/redis.unit.test.ts	55	const	call
mem0-ts/src/oss/tests/redis.unit.test.ts	56	const	entry
mem0-ts/src/oss/tests/redis.unit.test.ts	66	const	entityPayload
mem0-ts/src/oss/tests/redis.unit.test.ts	76	const	call
mem0-ts/src/oss/tests/redis.unit.test.ts	77	const	entry
mem0-ts/src/oss/tests/redis.unit.test.ts	89	const	normalPayload
mem0-ts/src/oss/tests/redis.unit.test.ts	99	const	call
mem0-ts/src/oss/tests/redis.unit.test.ts	100	const	entry
mem0-ts/src/oss/tests/redis.unit.test.ts	111	const	normalPayload
mem0-ts/src/oss/tests/redis.unit.test.ts	120	const	call
mem0-ts/src/oss/tests/redis.unit.test.ts	121	const	entry
mem0-ts/src/oss/tests/remove-code-blocks.test.ts	5	const	input
mem0-ts/src/oss/tests/remove-code-blocks.test.ts	10	const	input
mem0-ts/src/oss/tests/remove-code-blocks.test.ts	15	const	input
mem0-ts/src/oss/tests/remove-code-blocks.test.ts	20	const	input
mem0-ts/src/oss/tests/remove-code-blocks.test.ts	25	const	input
mem0-ts/src/oss/tests/remove-code-blocks.test.ts	33	const	input
mem0-ts/src/oss/tests/remove-code-blocks.test.ts	38	const	input
mem0-ts/src/oss/tests/remove-code-blocks.test.ts	43	const	input
mem0-ts/src/oss/tests/remove-code-blocks.test.ts	48	const	input
mem0-ts/src/oss/tests/remove-code-blocks.test.ts	53	const	input
mem0-ts/src/oss/tests/remove-code-blocks.test.ts	54	const	result
mem0-ts/src/oss/tests/remove-code-blocks.test.ts	65	const	input
mem0-ts/src/oss/tests/remove-code-blocks.test.ts	70	const	input
mem0-ts/src/oss/tests/remove-code-blocks.test.ts	76	const	input
mem0-ts/src/oss/tests/remove-code-blocks.test.ts	82	const	input
mem0-ts/src/oss/tests/sarvam.test.ts	8	const	mockCreate
mem0-ts/src/oss/tests/sarvam.test.ts	9	const	mockOpenAICtor
mem0-ts/src/oss/tests/sarvam.test.ts	19	const	ORIGINAL_ENV
mem0-ts/src/oss/tests/sarvam.test.ts	36	const	llm
mem0-ts/src/oss/tests/sarvam.test.ts	37	const	result
mem0-ts/src/oss/tests/sarvam.test.ts	70	const	llm
mem0-ts/src/oss/tests/sarvam.test.ts	109	const	llm
mem0-ts/src/oss/tests/sarvam.test.ts	110	const	result
mem0-ts/src/oss/tests/sarvam.test.ts	125	const	llm
mem0-ts/src/oss/tests/sarvam.test.ts	137	const	llm
mem0-ts/src/oss/tests/sarvam.test.ts	138	const	result
mem0-ts/src/oss/tests/sarvam.test.ts	147	const	llm
mem0-ts/src/oss/tests/scoring.test.ts	6	const	results
mem0-ts/src/oss/tests/scoring.test.ts	12	const	scored
mem0-ts/src/oss/tests/scoring.test.ts	18	const	scored
mem0-ts/src/oss/tests/scoring.test.ts	23	const	bm25
mem0-ts/src/oss/tests/scoring.test.ts	24	const	entity
mem0-ts/src/oss/tests/scoring.test.ts	25	const	scored
mem0-ts/src/oss/tests/scoring.test.ts	27	const	details
mem0-ts/src/oss/tests/scoring.test.ts	39	const	scored
mem0-ts/src/oss/tests/scoring.test.ts	41	const	details
mem0-ts/src/oss/tests/storage.unit.test.ts	35	const	history
mem0-ts/src/oss/tests/storage.unit.test.ts	46	const	history
mem0-ts/src/oss/tests/storage.unit.test.ts	54	const	history
mem0-ts/src/oss/tests/storage.unit.test.ts	60	const	history
mem0-ts/src/oss/tests/storage.unit.test.ts	75	const	history
mem0-ts/src/oss/tests/storage.unit.test.ts	93	const	created
mem0-ts/src/oss/tests/storage.unit.test.ts	94	const	updated
mem0-ts/src/oss/tests/storage.unit.test.ts	96	const	history
mem0-ts/src/oss/tests/storage.unit.test.ts	129	const	result
mem0-ts/src/oss/tests/storage.unit.test.ts	163	const	history
mem0-ts/src/oss/tests/storage.unit.test.ts	186	const	history
mem0-ts/src/oss/tests/storage.unit.test.ts	206	const	history
mem0-ts/src/oss/tests/telemetry-sampling.test.ts	17	function	makeInstance
mem0-ts/src/oss/tests/telemetry-sampling.test.ts	75	const	body
mem0-ts/src/oss/tests/telemetry-sampling.test.ts	106	const	body
mem0-ts/src/oss/tests/telemetry-sampling.test.ts	114	const	body
mem0-ts/src/oss/tests/telemetry-sampling.test.ts	206	const	body
mem0-ts/src/oss/tests/together-embedder.test.ts	3	const	mockEmbeddingsCreate
mem0-ts/src/oss/tests/together-embedder.test.ts	4	const	mockOpenAI
mem0-ts/src/oss/tests/together-embedder.test.ts	15	const	mockEmbedding
mem0-ts/src/oss/tests/together-embedder.test.ts	16	const	originalEnv
mem0-ts/src/oss/tests/together-embedder.test.ts	35	const	embedder
mem0-ts/src/oss/tests/together-embedder.test.ts	53	const	embedder
mem0-ts/src/oss/tests/together-embedder.test.ts	64	const	embedder
mem0-ts/src/oss/tests/together-embedder.test.ts	85	const	embedder
mem0-ts/src/oss/tests/together-embedder.test.ts	106	const	embedder
mem0-ts/src/oss/tests/together.test.ts	7	const	mockCreate
mem0-ts/src/oss/tests/together.test.ts	82	const	llm
mem0-ts/src/oss/tests/together.test.ts	83	const	result
mem0-ts/src/oss/tests/together.test.ts	98	const	llm
mem0-ts/src/oss/tests/together.test.ts	108	const	llm
mem0-ts/src/oss/tests/tsup-externals.test.ts	15	const	pkgPath
mem0-ts/src/oss/tests/tsup-externals.test.ts	16	const	pkg
mem0-ts/src/oss/tests/tsup-externals.test.ts	22	const	tsupConfigPath
mem0-ts/src/oss/tests/tsup-externals.test.ts	23	const	tsupContent
mem0-ts/src/oss/tests/tsup-externals.test.ts	24	const	externalMatch
mem0-ts/src/oss/tests/tsup-externals.test.ts	32	const	matches
mem0-ts/src/oss/tests/tsup-externals.test.ts	37	const	missing
mem0-ts/src/oss/tests/tsup-externals.test.ts	42	const	allDeps
mem0-ts/src/oss/tests/tsup-externals.test.ts	43	const	stale
mem0-ts/src/oss/tests/tsup-externals.test.ts	52	const	duplicates
mem0-ts/src/oss/tests/upstash_vector.unit.test.ts	4	const	namespace
mem0-ts/src/oss/tests/upstash_vector.unit.test.ts	6	function	createClient
mem0-ts/src/oss/tests/upstash_vector.unit.test.ts	20	const	client
mem0-ts/src/oss/tests/upstash_vector.unit.test.ts	21	const	store
mem0-ts/src/oss/tests/upstash_vector.unit.test.ts	45	const	client
mem0-ts/src/oss/tests/upstash_vector.unit.test.ts	54	const	store
mem0-ts/src/oss/tests/upstash_vector.unit.test.ts	59	const	results
mem0-ts/src/oss/tests/upstash_vector.unit.test.ts	83	const	client
mem0-ts/src/oss/tests/upstash_vector.unit.test.ts	104	const	store
mem0-ts/src/oss/tests/upstash_vector.unit.test.ts	143	const	client
mem0-ts/src/oss/tests/upstash_vector.unit.test.ts	152	const	store
mem0-ts/src/oss/tests/valkey.test.ts	13	const	store
mem0-ts/src/oss/tests/valkey.test.ts	14	const	mockClient
mem0-ts/src/oss/tests/valkey.test.ts	17	const	command
mem0-ts/src/oss/tests/valkey.test.ts	36	const	existing
mem0-ts/src/oss/tests/valkey.test.ts	37	const	normalized
mem0-ts/src/oss/tests/valkey.test.ts	60	const	Valkey
mem0-ts/src/oss/tests/valkey.test.ts	61	const	Cluster
mem0-ts/src/oss/tests/valkey.test.ts	80	const	store
mem0-ts/src/oss/tests/valkey.test.ts	98	const	store
mem0-ts/src/oss/tests/valkey.test.ts	104	const	p1
mem0-ts/src/oss/tests/valkey.test.ts	105	const	p2
mem0-ts/src/oss/tests/valkey.test.ts	108	const	iovalkey
mem0-ts/src/oss/tests/valkey.test.ts	113	const	store
mem0-ts/src/oss/tests/valkey.test.ts	121	const	iovalkey
mem0-ts/src/oss/tests/valkey.test.ts	122	const	mockClient
mem0-ts/src/oss/tests/valkey.test.ts	123	const	createCall
mem0-ts/src/oss/tests/valkey.test.ts	131	const	store
mem0-ts/src/oss/tests/valkey.test.ts	151	const	iovalkey
mem0-ts/src/oss/tests/valkey.test.ts	152	const	mockClient
mem0-ts/src/oss/tests/valkey.test.ts	166	const	result
mem0-ts/src/oss/tests/valkey.test.ts	175	const	store
mem0-ts/src/oss/tests/valkey.test.ts	183	const	iovalkey
mem0-ts/src/oss/tests/valkey.test.ts	189	const	store
mem0-ts/src/oss/tests/valkey.test.ts	197	const	iovalkey
mem0-ts/src/oss/tests/valkey.test.ts	208	const	store
mem0-ts/src/oss/tests/valkey.test.ts	222	const	result
mem0-ts/src/oss/tests/valkey.test.ts	228	const	store
mem0-ts/src/oss/tests/valkey.test.ts	235	const	iovalkey
mem0-ts/src/oss/tests/valkey.test.ts	236	const	mockClient
mem0-ts/src/oss/tests/valkey.test.ts	239	const	searchCall
mem0-ts/src/oss/tests/valkey.test.ts	248	const	iovalkey
mem0-ts/src/oss/tests/valkey.test.ts	252	const	errorSpy
mem0-ts/src/oss/tests/valkey.test.ts	253	const	unhandled
mem0-ts/src/oss/tests/valkey.test.ts	254	const	onUnhandled
mem0-ts/src/oss/tests/valkey.test.ts	260	const	store
mem0-ts/src/oss/tests/vector-store.unit.test.ts	9	const	DIM
mem0-ts/src/oss/tests/vector-store.unit.test.ts	11	function	createStore
mem0-ts/src/oss/tests/vector-store.unit.test.ts	19	function	vec
mem0-ts/src/oss/tests/vector-store.unit.test.ts	36	const	result
mem0-ts/src/oss/tests/vector-store.unit.test.ts	43	const	result
mem0-ts/src/oss/tests/vector-store.unit.test.ts	71	const	results
mem0-ts/src/oss/tests/vector-store.unit.test.ts	84	const	results
mem0-ts/src/oss/tests/vector-store.unit.test.ts	89	const	results
mem0-ts/src/oss/tests/vector-store.unit.test.ts	96	const	results
mem0-ts/src/oss/tests/vector-store.unit.test.ts	119	const	result
mem0-ts/src/oss/tests/vector-store.unit.test.ts	132	const	store
mem0-ts/src/oss/tests/vector-store.unit.test.ts	139	const	store
mem0-ts/src/oss/tests/vector-store.unit.test.ts	187	const	store
mem0-ts/src/oss/tests/vector-store.unit.test.ts	188	const	id
mem0-ts/src/oss/tests/vector-store.unit.test.ts	196	const	store
mem0-ts/src/oss/tests/vector-stores-compat.test.ts	36	const	store
mem0-ts/src/oss/tests/vector-stores-compat.test.ts	53	const	store
mem0-ts/src/oss/tests/vector-stores-compat.test.ts	61	const	vec
mem0-ts/src/oss/tests/vector-stores-compat.test.ts	63	const	result
mem0-ts/src/oss/tests/vector-stores-compat.test.ts	68	const	store
mem0-ts/src/oss/tests/vector-stores-compat.test.ts	73	const	vec1
mem0-ts/src/oss/tests/vector-stores-compat.test.ts	75	const	vec2
mem0-ts/src/oss/tests/vector-stores-compat.test.ts	89	const	item
mem0-ts/src/oss/tests/vector-stores-compat.test.ts	94	const	results
mem0-ts/src/oss/tests/vector-stores-compat.test.ts	99	const	filtered
mem0-ts/src/oss/tests/vector-stores-compat.test.ts	103	const	vec3
mem0-ts/src/oss/tests/vector-stores-compat.test.ts	106	const	updated
mem0-ts/src/oss/tests/vector-stores-compat.test.ts	119	const	deleted
mem0-ts/src/oss/tests/vector-stores-compat.test.ts	129	const	store
mem0-ts/src/oss/tests/vector-stores-compat.test.ts	135	const	vec
mem0-ts/src/oss/tests/vector-stores-compat.test.ts	137	const	result
mem0-ts/src/oss/tests/vector-stores-compat.test.ts	140	const	searchResults
mem0-ts/src/oss/tests/vector-stores-compat.test.ts	145	const	store
mem0-ts/src/oss/tests/vector-stores-compat.test.ts	156	const	store
mem0-ts/src/oss/tests/vector-stores-compat.test.ts	167	const	store
mem0-ts/src/oss/tests/vector-stores-compat.test.ts	178	const	store
mem0-ts/src/oss/tests/vector-stores-compat.test.ts	183	const	auto
mem0-ts/src/oss/tests/vector-stores-compat.test.ts	196	const	store
mem0-ts/src/oss/tests/vector-stores-compat.test.ts	200	const	result
mem0-ts/src/oss/tests/vector-stores-compat.test.ts	209	function	createMockQdrantClient
mem0-ts/src/oss/tests/vector-stores-compat.test.ts	210	const	collections
mem0-ts/src/oss/tests/vector-stores-compat.test.ts	211	const	points
mem0-ts/src/oss/tests/vector-stores-compat.test.ts	223	const	err
mem0-ts/src/oss/tests/vector-stores-compat.test.ts	231	const	err
mem0-ts/src/oss/tests/vector-stores-compat.test.ts	256	const	results
mem0-ts/src/oss/tests/vector-stores-compat.test.ts	258	const	pt
mem0-ts/src/oss/tests/vector-stores-compat.test.ts	266	const	results
mem0-ts/src/oss/tests/vector-stores-compat.test.ts	277	const	results
mem0-ts/src/oss/tests/vector-stores-compat.test.ts	300	const	store
mem0-ts/src/oss/tests/vector-stores-compat.test.ts	320	const	mockClient
mem0-ts/src/oss/tests/vector-stores-compat.test.ts	321	const	store
mem0-ts/src/oss/tests/vector-stores-compat.test.ts	329	const	p1
mem0-ts/src/oss/tests/vector-stores-compat.test.ts	330	const	p2
mem0-ts/src/oss/tests/vector-stores-compat.test.ts	331	const	p3
mem0-ts/src/oss/tests/vector-stores-compat.test.ts	341	const	mockClient
mem0-ts/src/oss/tests/vector-stores-compat.test.ts	342	const	store
mem0-ts/src/oss/tests/vector-stores-compat.test.ts	362	const	item
mem0-ts/src/oss/tests/vector-stores-compat.test.ts	367	const	results
mem0-ts/src/oss/tests/vector-stores-compat.test.ts	387	const	mockClient
mem0-ts/src/oss/tests/vector-stores-compat.test.ts	388	const	store
mem0-ts/src/oss/tests/vector-stores-compat.test.ts	396	const	userId
mem0-ts/src/oss/tests/vector-stores-compat.test.ts	401	const	updated
mem0-ts/src/oss/tests/vector-stores-compat.test.ts	417	const	store
mem0-ts/src/oss/tests/vector-stores-compat.test.ts	418	const	mockClient
mem0-ts/src/oss/tests/vector-stores-compat.test.ts	473	const	store
mem0-ts/src/oss/tests/vector-stores-compat.test.ts	491	const	redis
mem0-ts/src/oss/tests/vector-stores-compat.test.ts	492	const	mockClient
mem0-ts/src/oss/tests/vector-stores-compat.test.ts	494	const	store
mem0-ts/src/oss/tests/vector-stores-compat.test.ts	501	const	p1
mem0-ts/src/oss/tests/vector-stores-compat.test.ts	502	const	p2
mem0-ts/src/oss/tests/vector-stores-compat.test.ts	503	const	p3
mem0-ts/src/oss/tests/vector-stores-compat.test.ts	512	const	redis
mem0-ts/src/oss/tests/vector-stores-compat.test.ts	513	const	mockClient
mem0-ts/src/oss/tests/vector-stores-compat.test.ts	515	const	store
mem0-ts/src/oss/tests/vector-stores-compat.test.ts	539	const	mockClient
mem0-ts/src/oss/tests/vector-stores-compat.test.ts	572	const	store
mem0-ts/src/oss/tests/vector-stores-compat.test.ts	591	const	store
mem0-ts/src/oss/tests/vector-stores-compat.test.ts	598	const	p1
mem0-ts/src/oss/tests/vector-stores-compat.test.ts	599	const	p2
mem0-ts/src/oss/tests/vector-stores-compat.test.ts	607	const	failing
mem0-ts/src/oss/tests/vector-stores-compat.test.ts	621	const	FailingSupabaseDB
mem0-ts/src/oss/tests/vector-stores-compat.test.ts	624	const	rejections
mem0-ts/src/oss/tests/vector-stores-compat.test.ts	625	const	onUnhandled
mem0-ts/src/oss/tests/vector-stores-compat.test.ts	628	const	store
mem0-ts/src/oss/tests/vector-stores-compat.test.ts	688	const	store
mem0-ts/src/oss/tests/vector-stores-compat.test.ts	707	const	store
mem0-ts/src/oss/tests/vector-stores-compat.test.ts	714	const	p1
mem0-ts/src/oss/tests/vector-stores-compat.test.ts	715	const	p2
mem0-ts/src/oss/tests/vector-stores-compat.test.ts	716	const	p3
mem0-ts/src/oss/tests/vector-stores-compat.test.ts	734	const	executeStatement
mem0-ts/src/oss/tests/vector-stores-compat.test.ts	737	const	normalized
mem0-ts/src/oss/tests/vector-stores-compat.test.ts	780	const	match
mem0-ts/src/oss/tests/vector-stores-compat.test.ts	794	const	session
mem0-ts/src/oss/tests/vector-stores-compat.test.ts	798	const	client
mem0-ts/src/oss/tests/vector-stores-compat.test.ts	822	const	defaultQueryResponse
mem0-ts/src/oss/tests/vector-stores-compat.test.ts	834	const	httpClient
mem0-ts/src/oss/tests/vector-stores-compat.test.ts	838	const	error
mem0-ts/src/oss/tests/vector-stores-compat.test.ts	861	const	error
mem0-ts/src/oss/tests/vector-stores-compat.test.ts	946	const	create
mem0-ts/src/oss/tests/vector-stores-compat.test.ts	947	const	authPost
mem0-ts/src/oss/tests/vector-stores-compat.test.ts	979	const	store
mem0-ts/src/oss/tests/vector-stores-compat.test.ts	1002	const	databricksSql
mem0-ts/src/oss/tests/vector-stores-compat.test.ts	1003	const	axiosModule
mem0-ts/src/oss/tests/vector-stores-compat.test.ts	1004	const	store
mem0-ts/src/oss/tests/vector-stores-compat.test.ts	1015	const	p1
mem0-ts/src/oss/tests/vector-stores-compat.test.ts	1016	const	p2
mem0-ts/src/oss/tests/vector-stores-compat.test.ts	1017	const	p3
mem0-ts/src/oss/tests/vector-stores-compat.test.ts	1020	const	clientInstance
mem0-ts/src/oss/tests/vector-stores-compat.test.ts	1021	const	session
mem0-ts/src/oss/tests/vector-stores-compat.test.ts	1022	const	httpClient
mem0-ts/src/oss/tests/vector-stores-compat.test.ts	1078	const	session
mem0-ts/src/oss/tests/vector-stores-compat.test.ts	1085	const	client
mem0-ts/src/oss/tests/vector-stores-compat.test.ts	1094	const	store
mem0-ts/src/oss/tests/vector-stores-compat.test.ts	1111	const	sqlModule
mem0-ts/src/oss/tests/vector-stores-compat.test.ts	1116	const	databricksSql
mem0-ts/src/oss/tests/vector-stores-compat.test.ts	1117	const	store
mem0-ts/src/oss/tests/vector-stores-compat.test.ts	1129	const	session
mem0-ts/src/oss/tests/vector-stores-compat.test.ts	1130	const	openSessionSpy
mem0-ts/src/oss/tests/vector-stores-compat.test.ts	1145	const	databricksSql
mem0-ts/src/oss/tests/vector-stores-compat.test.ts	1146	const	store
mem0-ts/src/oss/tests/vector-stores-compat.test.ts	1178	const	session
mem0-ts/src/oss/tests/vector-stores-compat.test.ts	1184	const	axiosModule
mem0-ts/src/oss/tests/vector-stores-compat.test.ts	1185	const	databricksSql
mem0-ts/src/oss/tests/vector-stores-compat.test.ts	1186	const	store
mem0-ts/src/oss/tests/vector-stores-compat.test.ts	1212	const	authDetails
mem0-ts/src/oss/tests/vector-stores-compat.test.ts	1216	const	readDetails
mem0-ts/src/oss/tests/vector-stores-compat.test.ts	1224	const	writeDetails
mem0-ts/src/oss/tests/vector-stores-compat.test.ts	1246	const	databricksSql
mem0-ts/src/oss/tests/vector-stores-compat.test.ts	1247	const	axiosModule
mem0-ts/src/oss/tests/vector-stores-compat.test.ts	1248	const	store
mem0-ts/src/oss/tests/vector-stores-compat.test.ts	1268	const	session
mem0-ts/src/oss/tests/vector-stores-compat.test.ts	1281	const	results
mem0-ts/src/oss/tests/vector-stores-compat.test.ts	1285	const	httpClient
mem0-ts/src/oss/tests/vector-stores-compat.test.ts	1286	const	syncPosts
mem0-ts/src/oss/tests/vector-stores-compat.test.ts	1317	const	axiosModule
mem0-ts/src/oss/tests/vector-stores-compat.test.ts	1318	const	store
mem0-ts/src/oss/tests/vector-stores-compat.test.ts	1329	const	results
mem0-ts/src/oss/tests/vector-stores-compat.test.ts	1330	const	queryCall
mem0-ts/src/oss/tests/vector-stores-compat.test.ts	1352	const	axiosModule
mem0-ts/src/oss/tests/vector-stores-compat.test.ts	1379	const	store
mem0-ts/src/oss/tests/vector-stores-compat.test.ts	1390	const	results
mem0-ts/src/oss/tests/vector-stores-compat.test.ts	1393	const	queryCall
mem0-ts/src/oss/tests/vector-stores-compat.test.ts	1408	const	axiosModule
mem0-ts/src/oss/tests/vector-stores-compat.test.ts	1433	const	store
mem0-ts/src/oss/tests/vector-stores-compat.test.ts	1444	const	results
mem0-ts/src/oss/tests/vector-stores-compat.test.ts	1461	const	axiosModule
mem0-ts/src/oss/tests/vector-stores-compat.test.ts	1486	const	store
mem0-ts/src/oss/tests/vector-stores-compat.test.ts	1497	const	results
mem0-ts/src/oss/tests/vector-stores-compat.test.ts	1498	const	queryCall
mem0-ts/src/oss/tests/vector-stores-compat.test.ts	1528	const	axiosModule
mem0-ts/src/oss/tests/vector-stores-compat.test.ts	1529	const	store
mem0-ts/src/oss/tests/vector-stores-compat.test.ts	1540	const	results
mem0-ts/src/oss/tests/vector-stores-compat.test.ts	1541	const	queryCall
mem0-ts/src/oss/tests/vector-stores-compat.test.ts	1562	const	axiosModule
mem0-ts/src/oss/tests/vector-stores-compat.test.ts	1563	const	store
mem0-ts/src/oss/tests/vector-stores-compat.test.ts	1573	const	query
mem0-ts/src/oss/tests/vector-stores-compat.test.ts	1576	const	results
mem0-ts/src/oss/tests/vector-stores-compat.test.ts	1580	const	queryCall
mem0-ts/src/oss/tests/vector-stores-compat.test.ts	1603	const	axiosModule
mem0-ts/src/oss/tests/vector-stores-compat.test.ts	1604	const	store
mem0-ts/src/oss/tests/vector-stores-compat.test.ts	1614	const	query
mem0-ts/src/oss/tests/vector-stores-compat.test.ts	1620	const	queryCall
mem0-ts/src/oss/tests/vector-stores-compat.test.ts	1633	const	axiosModule
mem0-ts/src/oss/tests/vector-stores-compat.test.ts	1634	const	store
mem0-ts/src/oss/tests/vector-stores-compat.test.ts	1645	const	orResults
mem0-ts/src/oss/tests/vector-stores-compat.test.ts	1648	const	notResults
mem0-ts/src/oss/tests/vector-stores-compat.test.ts	1651	const	queryCalls
mem0-ts/src/oss/tests/vector-stores-compat.test.ts	1663	const	axiosModule
mem0-ts/src/oss/tests/vector-stores-compat.test.ts	1664	const	store
mem0-ts/src/oss/tests/vector-stores-compat.test.ts	1675	const	results
mem0-ts/src/oss/tests/vector-stores-compat.test.ts	1676	const	queryCall
mem0-ts/src/oss/tests/vector-stores-compat.test.ts	1695	const	axiosModule
mem0-ts/src/oss/tests/vector-stores-compat.test.ts	1696	const	store
mem0-ts/src/oss/tests/vector-stores-compat.test.ts	1745	const	axiosModule
mem0-ts/src/oss/tests/vector-stores-compat.test.ts	1746	const	store
mem0-ts/src/oss/tests/vector-stores-compat.test.ts	1769	const	store
mem0-ts/src/oss/tests/vector-stores-compat.test.ts	1784	const	databricksSql
mem0-ts/src/oss/tests/vector-stores-compat.test.ts	1785	const	store
mem0-ts/src/oss/tests/vector-stores-compat.test.ts	1802	const	session
mem0-ts/src/oss/tests/vector-stores-compat.test.ts	1803	const	insertSql
mem0-ts/src/oss/tests/vector-stores-compat.test.ts	1815	const	databricksSql
mem0-ts/src/oss/tests/vector-stores-compat.test.ts	1816	const	store
mem0-ts/src/oss/tests/vector-stores-compat.test.ts	1828	const	session
mem0-ts/src/oss/tests/vector-stores-compat.test.ts	1833	const	listSql
mem0-ts/src/oss/tests/vector-stores-compat.test.ts	1844	const	databricksSql
mem0-ts/src/oss/tests/vector-stores-compat.test.ts	1845	const	store
mem0-ts/src/oss/tests/vector-stores-compat.test.ts	1857	const	session
mem0-ts/src/oss/tests/vector-stores-compat.test.ts	1861	const	neSql
mem0-ts/src/oss/tests/vector-stores-compat.test.ts	1872	const	ninSql
mem0-ts/src/oss/tests/vector-stores-compat.test.ts	1885	const	databricksSql
mem0-ts/src/oss/tests/vector-stores-compat.test.ts	1886	const	store
mem0-ts/src/oss/tests/vector-stores-compat.test.ts	1898	const	session
mem0-ts/src/oss/tests/vector-stores-compat.test.ts	1902	const	defaultTopKSql
mem0-ts/src/oss/tests/vector-stores-compat.test.ts	1911	const	customTopKSql
mem0-ts/src/oss/tests/vector-stores-compat.test.ts	1920	const	store
mem0-ts/src/oss/tests/vector-stores-compat.test.ts	1945	const	databricksSql
mem0-ts/src/oss/tests/vector-stores-compat.test.ts	1946	const	store
mem0-ts/src/oss/tests/vector-stores-compat.test.ts	1958	const	session
mem0-ts/src/oss/tests/vector-stores-compat.test.ts	1963	const	listSql
mem0-ts/src/oss/tests/vector-stores-compat.test.ts	1975	const	databricksSql
mem0-ts/src/oss/tests/vector-stores-compat.test.ts	1976	const	store
mem0-ts/src/oss/tests/vector-stores-compat.test.ts	1989	const	session
mem0-ts/src/oss/tests/vector-stores-compat.test.ts	1990	const	createSql
mem0-ts/src/oss/tests/vector-stores-compat.test.ts	2001	const	databricksSql
mem0-ts/src/oss/tests/vector-stores-compat.test.ts	2002	const	store
mem0-ts/src/oss/tests/vector-stores-compat.test.ts	2014	const	session
mem0-ts/src/oss/tests/vector-stores-compat.test.ts	2023	const	insertSql
mem0-ts/src/oss/tests/vector-stores-compat.test.ts	2038	const	updateSql
mem0-ts/src/oss/tests/vector-stores-compat.test.ts	2046	const	databricksSql
mem0-ts/src/oss/tests/vector-stores-compat.test.ts	2047	const	store
mem0-ts/src/oss/tests/vector-stores-compat.test.ts	2059	const	session
mem0-ts/src/oss/tests/vector-stores-compat.test.ts	2064	const	insertSql
mem0-ts/src/oss/tests/vector-stores-compat.test.ts	2072	const	axiosModule
mem0-ts/src/oss/tests/vector-stores-compat.test.ts	2073	const	store
mem0-ts/src/oss/tests/vector-stores-compat.test.ts	2085	const	httpClient
mem0-ts/src/oss/tests/vector-stores-compat.test.ts	2094	const	syncPosts
mem0-ts/src/oss/tests/vector-stores-compat.test.ts	2103	const	axiosModule
mem0-ts/src/oss/tests/vector-stores-compat.test.ts	2104	const	store
mem0-ts/src/oss/tests/vector-stores-compat.test.ts	2116	const	httpClient
mem0-ts/src/oss/tests/vector-stores-compat.test.ts	2119	const	syncPosts
mem0-ts/src/oss/tests/vector-stores-compat.test.ts	2139	const	axiosModule
mem0-ts/src/oss/tests/vector-stores-compat.test.ts	2140	const	store
mem0-ts/src/oss/tests/vector-stores-compat.test.ts	2170	const	databricksSql
mem0-ts/src/oss/tests/vector-stores-compat.test.ts	2171	const	store
mem0-ts/src/oss/tests/vector-stores-compat.test.ts	2192	const	session
mem0-ts/src/oss/tests/vector-stores-compat.test.ts	2193	const	updateSql
mem0-ts/src/oss/tests/vector-stores-compat.test.ts	2206	const	store
mem0-ts/src/oss/tests/vector-stores-compat.test.ts	2237	const	rows
mem0-ts/src/oss/tests/vector-stores-compat.test.ts	2241	const	memoryRows
mem0-ts/src/oss/tests/vector-stores-compat.test.ts	2246	class	MockClient
mem0-ts/src/oss/tests/vector-stores-compat.test.ts	2257	const	normalized
mem0-ts/src/oss/tests/vector-stores-compat.test.ts	2285	const	row
mem0-ts/src/oss/tests/vector-stores-compat.test.ts	2348	const	row
mem0-ts/src/oss/tests/vector-stores-compat.test.ts	2389	const	store
mem0-ts/src/oss/tests/vector-stores-compat.test.ts	2409	const	cassandraDriver
mem0-ts/src/oss/tests/vector-stores-compat.test.ts	2410	const	store
mem0-ts/src/oss/tests/vector-stores-compat.test.ts	2417	const	p1
mem0-ts/src/oss/tests/vector-stores-compat.test.ts	2418	const	p2
mem0-ts/src/oss/tests/vector-stores-compat.test.ts	2419	const	p3
mem0-ts/src/oss/tests/vector-stores-compat.test.ts	2422	const	clientInstance
mem0-ts/src/oss/tests/vector-stores-compat.test.ts	2427	const	cassandraDriver
mem0-ts/src/oss/tests/vector-stores-compat.test.ts	2428	const	store
mem0-ts/src/oss/tests/vector-stores-compat.test.ts	2442	const	clientInstance
mem0-ts/src/oss/tests/vector-stores-compat.test.ts	2451	const	results
mem0-ts/src/oss/tests/vector-stores-compat.test.ts	2462	const	store
mem0-ts/src/oss/tests/vector-stores-compat.test.ts	2474	const	store
mem0-ts/src/oss/tests/vector-stores-compat.test.ts	2527	const	execute
mem0-ts/src/oss/tests/vector-stores-compat.test.ts	2535	const	normalized
mem0-ts/src/oss/tests/vector-stores-compat.test.ts	2610	const	store
mem0-ts/src/oss/tests/vector-stores-compat.test.ts	2616	const	searchResults
mem0-ts/src/oss/tests/vector-stores-compat.test.ts	2691	function	createMockS3VectorsClient
mem0-ts/src/oss/tests/vector-stores-compat.test.ts	2695	const	buckets
mem0-ts/src/oss/tests/vector-stores-compat.test.ts	2696	const	indexes
mem0-ts/src/oss/tests/vector-stores-compat.test.ts	2703	const	vectors
mem0-ts/src/oss/tests/vector-stores-compat.test.ts	2712	const	vectorMapKey
mem0-ts/src/oss/tests/vector-stores-compat.test.ts	2717	const	name
mem0-ts/src/oss/tests/vector-stores-compat.test.ts	2718	const	input
mem0-ts/src/oss/tests/vector-stores-compat.test.ts	2723	const	error
mem0-ts/src/oss/tests/vector-stores-compat.test.ts	2730	const	error
mem0-ts/src/oss/tests/vector-stores-compat.test.ts	2738	const	error
mem0-ts/src/oss/tests/vector-stores-compat.test.ts	2745	const	error
mem0-ts/src/oss/tests/vector-stores-compat.test.ts	2815	function	findCommandInput
mem0-ts/src/oss/tests/vector-stores-compat.test.ts	2819	const	match
mem0-ts/src/oss/tests/vector-stores-compat.test.ts	2827	const	store
mem0-ts/src/oss/tests/vector-stores-compat.test.ts	2847	const	mockClient
mem0-ts/src/oss/tests/vector-stores-compat.test.ts	2848	const	store
mem0-ts/src/oss/tests/vector-stores-compat.test.ts	2855	const	p1
mem0-ts/src/oss/tests/vector-stores-compat.test.ts	2856	const	p2
mem0-ts/src/oss/tests/vector-stores-compat.test.ts	2857	const	p3
mem0-ts/src/oss/tests/vector-stores-compat.test.ts	2885	const	mockClient
mem0-ts/src/oss/tests/vector-stores-compat.test.ts	2886	const	store
mem0-ts/src/oss/tests/vector-stores-compat.test.ts	2900	const	putInput
mem0-ts/src/oss/tests/vector-stores-compat.test.ts	2913	const	results
mem0-ts/src/oss/tests/vector-stores-compat.test.ts	2915	const	queryInput
mem0-ts/src/oss/tests/vector-stores-compat.test.ts	2936	const	store
mem0-ts/src/oss/tests/vector-stores-compat.test.ts	2958	const	mockClient
mem0-ts/src/oss/tests/vector-stores-compat.test.ts	2959	const	store
mem0-ts/src/oss/tests/vector-stores-compat.test.ts	2966	const	baselineQueryCalls
mem0-ts/src/oss/tests/vector-stores-compat.test.ts	2969	const	emptyInResults
mem0-ts/src/oss/tests/vector-stores-compat.test.ts	2983	const	queryInput
mem0-ts/src/oss/tests/vector-stores-compat.test.ts	2996	const	mockClient
mem0-ts/src/oss/tests/vector-stores-compat.test.ts	2997	const	store
mem0-ts/src/oss/tests/vector-stores-compat.test.ts	3077	function	createMockResponse
mem0-ts/src/oss/tests/vector-stores-compat.test.ts	3085	function	createMockNeptuneClient
mem0-ts/src/oss/tests/vector-stores-compat.test.ts	3091	const	nodes
mem0-ts/src/oss/tests/vector-stores-compat.test.ts	3101	const	getPropertyValue
mem0-ts/src/oss/tests/vector-stores-compat.test.ts	3112	const	matchesFilter
mem0-ts/src/oss/tests/vector-stores-compat.test.ts	3128	const	propertyMatcher
mem0-ts/src/oss/tests/vector-stores-compat.test.ts	3132	const	value
mem0-ts/src/oss/tests/vector-stores-compat.test.ts	3222	const	toNodeRecord
mem0-ts/src/oss/tests/vector-stores-compat.test.ts	3231	const	matchesListParameters
mem0-ts/src/oss/tests/vector-stores-compat.test.ts	3238	const	match
mem0-ts/src/oss/tests/vector-stores-compat.test.ts	3246	const	extractStructuredArgument
mem0-ts/src/oss/tests/vector-stores-compat.test.ts	3250	const	keyIndex
mem0-ts/src/oss/tests/vector-stores-compat.test.ts	3255	const	objectStart
mem0-ts/src/oss/tests/vector-stores-compat.test.ts	3262	const	char
mem0-ts/src/oss/tests/vector-stores-compat.test.ts	3268	const	literal
mem0-ts/src/oss/tests/vector-stores-compat.test.ts	3269	const	jsonLiteral
mem0-ts/src/oss/tests/vector-stores-compat.test.ts	3283	const	queryString
mem0-ts/src/oss/tests/vector-stores-compat.test.ts	3284	const	parameters
mem0-ts/src/oss/tests/vector-stores-compat.test.ts	3285	const	collectionLabelMatch
mem0-ts/src/oss/tests/vector-stores-compat.test.ts	3286	const	collectionLabel
mem0-ts/src/oss/tests/vector-stores-compat.test.ts	3314	const	createsNode
mem0-ts/src/oss/tests/vector-stores-compat.test.ts	3315	const	processedRows
mem0-ts/src/oss/tests/vector-stores-compat.test.ts	3317	const	existing
mem0-ts/src/oss/tests/vector-stores-compat.test.ts	3346	const	existing
mem0-ts/src/oss/tests/vector-stores-compat.test.ts	3368	const	existing
mem0-ts/src/oss/tests/vector-stores-compat.test.ts	3380	const	vertexFilter
mem0-ts/src/oss/tests/vector-stores-compat.test.ts	3384	const	match
mem0-ts/src/oss/tests/vector-stores-compat.test.ts	3401	const	labels
mem0-ts/src/oss/tests/vector-stores-compat.test.ts	3422	const	node
mem0-ts/src/oss/tests/vector-stores-compat.test.ts	3434	const	count
mem0-ts/src/oss/tests/vector-stores-compat.test.ts	3446	const	results
mem0-ts/src/oss/tests/vector-stores-compat.test.ts	3466	const	existing
mem0-ts/src/oss/tests/vector-stores-compat.test.ts	3532	const	store
mem0-ts/src/oss/tests/vector-stores-compat.test.ts	3554	const	mockClient
mem0-ts/src/oss/tests/vector-stores-compat.test.ts	3555	const	store
mem0-ts/src/oss/tests/vector-stores-compat.test.ts	3562	const	p1
mem0-ts/src/oss/tests/vector-stores-compat.test.ts	3563	const	p2
mem0-ts/src/oss/tests/vector-stores-compat.test.ts	3564	const	p3
mem0-ts/src/oss/tests/vector-stores-compat.test.ts	3576	const	send
mem0-ts/src/oss/tests/vector-stores-compat.test.ts	3579	const	neptuneGraphClient
mem0-ts/src/oss/tests/vector-stores-compat.test.ts	3600	const	store
mem0-ts/src/oss/tests/vector-stores-compat.test.ts	3661	const	send
mem0-ts/src/oss/tests/vector-stores-compat.test.ts	3664	const	neptuneGraphClient
mem0-ts/src/oss/tests/vector-stores-compat.test.ts	3684	const	store
mem0-ts/src/oss/tests/vector-stores-compat.test.ts	3735	const	store
mem0-ts/src/oss/tests/vector-stores-compat.test.ts	3784	const	store
mem0-ts/src/oss/tests/vector-stores-compat.test.ts	3798	const	client
mem0-ts/src/oss/tests/vector-stores-compat.test.ts	3807	const	mockClient
mem0-ts/src/oss/tests/vector-stores-compat.test.ts	3808	const	store
mem0-ts/src/oss/tests/vector-stores-compat.test.ts	3822	const	insertCall
mem0-ts/src/oss/tests/vector-stores-compat.test.ts	3827	const	vectorCall
mem0-ts/src/oss/tests/vector-stores-compat.test.ts	3851	const	results
mem0-ts/src/oss/tests/vector-stores-compat.test.ts	3866	const	searchCall
mem0-ts/src/oss/tests/vector-stores-compat.test.ts	3868	const	searchQuery
mem0-ts/src/oss/tests/vector-stores-compat.test.ts	3890	const	mockClient
mem0-ts/src/oss/tests/vector-stores-compat.test.ts	3892	const	queryString
mem0-ts/src/oss/tests/vector-stores-compat.test.ts	3900	const	store
mem0-ts/src/oss/tests/vector-stores-compat.test.ts	3912	const	listCall
mem0-ts/src/oss/tests/vector-stores-compat.test.ts	3915	const	searchCall
mem0-ts/src/oss/tests/vector-stores-compat.test.ts	3922	const	listQuery
mem0-ts/src/oss/tests/vector-stores-compat.test.ts	3926	const	searchQuery
mem0-ts/src/oss/tests/vector-stores-compat.test.ts	3948	const	mockClient
mem0-ts/src/oss/tests/vector-stores-compat.test.ts	3949	const	store
mem0-ts/src/oss/tests/vector-stores-compat.test.ts	3971	const	listCall
mem0-ts/src/oss/tests/vector-stores-compat.test.ts	3976	const	countCall
mem0-ts/src/oss/tests/vector-stores-compat.test.ts	3985	const	listQuery
mem0-ts/src/oss/tests/vector-stores-compat.test.ts	3989	const	countQuery
mem0-ts/src/oss/tests/vector-stores-compat.test.ts	4027	const	mockClient
mem0-ts/src/oss/tests/vector-stores-compat.test.ts	4028	const	store
mem0-ts/src/oss/tests/vector-stores-compat.test.ts	4041	const	created
mem0-ts/src/oss/tests/vector-stores-compat.test.ts	4052	const	updated
mem0-ts/src/oss/tests/vector-stores-compat.test.ts	4062	const	combinedUpdateCalls
mem0-ts/src/oss/tests/vector-stores-compat.test.ts	4091	const	generatedUserId
mem0-ts/src/oss/tests/vector-stores-compat.test.ts	4106	const	mockClient
mem0-ts/src/oss/tests/vector-stores-compat.test.ts	4107	const	store
mem0-ts/src/oss/tests/vector-stores-compat.test.ts	4136	const	updateCalls
mem0-ts/src/oss/tests/vector-stores-compat.test.ts	4162	const	mockClient
mem0-ts/src/oss/tests/vector-stores-compat.test.ts	4163	const	store
mem0-ts/src/oss/tests/vector-stores-compat.test.ts	4188	const	deleteColCall
mem0-ts/src/oss/tests/vector-stores-compat.test.ts	4203	const	store
mem0-ts/src/oss/tests/vector-stores-compat.test.ts	4231	const	mockClient
mem0-ts/src/oss/tests/vector-stores-compat.test.ts	4232	const	store
mem0-ts/src/oss/tests/vector-stores-compat.test.ts	4241	const	freshStore
mem0-ts/src/oss/tests/vector-stores-compat.test.ts	4255	const	store
mem0-ts/src/oss/tests/vector-stores-compat.test.ts	4276	const	afterFailedUpsert
mem0-ts/src/oss/tests/vector-stores-compat.test.ts	4290	const	store
mem0-ts/src/oss/tests/vector-stores-compat.test.ts	4308	const	store
mem0-ts/src/oss/tests/vector-stores-compat.test.ts	4326	const	store
mem0-ts/src/oss/tests/vector-stores-compat.test.ts	4339	const	results
mem0-ts/src/oss/tests/vector-stores-compat.test.ts	4347	const	mockClient
mem0-ts/src/oss/tests/vector-stores-compat.test.ts	4348	const	store
mem0-ts/src/oss/tests/vector-stores-compat.test.ts	4359	const	upsertCalls
mem0-ts/src/oss/tests/vector-stores-compat.test.ts	4373	const	mockClient
mem0-ts/src/oss/tests/vector-stores-compat.test.ts	4374	const	store
mem0-ts/src/oss/tests/vector-stores-compat.test.ts	4389	const	updateQueries
mem0-ts/src/oss/tests/vector-stores-compat.test.ts	4398	const	payloadIndex
mem0-ts/src/oss/tests/vector-stores-compat.test.ts	4401	const	vectorIndex
mem0-ts/src/oss/tests/vector-stores-compat.test.ts	4413	const	store
mem0-ts/src/oss/tests/vector-stores-compat.test.ts	4463	const	mockIndexes
mem0-ts/src/oss/tests/vector-stores-compat.test.ts	4498	const	store
mem0-ts/src/oss/tests/vector-stores-compat.test.ts	4517	const	store
mem0-ts/src/oss/tests/vector-stores-compat.test.ts	4524	const	p1
mem0-ts/src/oss/tests/vector-stores-compat.test.ts	4525	const	p2
mem0-ts/src/oss/tests/vector-stores-compat.test.ts	4537	const	mockLcStore
mem0-ts/src/oss/tests/vector-stores-compat.test.ts	4542	const	store
mem0-ts/src/oss/tests/vector-stores-compat.test.ts	4561	const	mockLcStore
mem0-ts/src/oss/tests/vector-stores-compat.test.ts	4565	const	store
mem0-ts/src/oss/tests/vector-stores-compat.test.ts	4576	const	mockLcStore
mem0-ts/src/oss/tests/vector-stores-compat.test.ts	4587	const	store
mem0-ts/src/oss/tests/vector-stores-compat.test.ts	4596	const	results
mem0-ts/src/oss/tests/vector-stores-compat.test.ts	4604	const	mockLcStore
mem0-ts/src/oss/tests/vector-stores-compat.test.ts	4608	const	store
mem0-ts/src/oss/tests/vector-stores-compat.test.ts	4613	const	defaultId
mem0-ts/src/oss/tests/vector-stores-compat.test.ts	4622	const	mockLcStore
mem0-ts/src/oss/tests/vector-stores-compat.test.ts	4626	const	store
mem0-ts/src/oss/tests/vector-stores-compat.test.ts	4648	const	rows
mem0-ts/src/oss/tests/vector-stores-compat.test.ts	4658	const	q
mem0-ts/src/oss/tests/vector-stores-compat.test.ts	4686	const	row
mem0-ts/src/oss/tests/vector-stores-compat.test.ts	4696	const	term
mem0-ts/src/oss/tests/vector-stores-compat.test.ts	4697	const	limit
mem0-ts/src/oss/tests/vector-stores-compat.test.ts	4698	const	matched
mem0-ts/src/oss/tests/vector-stores-compat.test.ts	4700	const	payload
mem0-ts/src/oss/tests/vector-stores-compat.test.ts	4772	const	store
mem0-ts/src/oss/tests/vector-stores-compat.test.ts	4793	const	mysql2
mem0-ts/src/oss/tests/vector-stores-compat.test.ts	4794	const	store
mem0-ts/src/oss/tests/vector-stores-compat.test.ts	4802	const	p1
mem0-ts/src/oss/tests/vector-stores-compat.test.ts	4803	const	p2
mem0-ts/src/oss/tests/vector-stores-compat.test.ts	4804	const	p3
mem0-ts/src/oss/tests/vector-stores-compat.test.ts	4812	const	store
mem0-ts/src/oss/tests/vector-stores-compat.test.ts	4821	const	vec1
mem0-ts/src/oss/tests/vector-stores-compat.test.ts	4822	const	vec2
mem0-ts/src/oss/tests/vector-stores-compat.test.ts	4832	const	item
mem0-ts/src/oss/tests/vector-stores-compat.test.ts	4837	const	results
mem0-ts/src/oss/tests/vector-stores-compat.test.ts	4856	const	store
mem0-ts/src/oss/tests/vector-stores-compat.test.ts	4876	const	results
mem0-ts/src/oss/tests/vector-stores-compat.test.ts	4882	const	store
mem0-ts/src/oss/tests/vector-stores-compat.test.ts	4892	const	retrieved
mem0-ts/src/oss/tests/vector-stores-compat.test.ts	4903	const	mysql2
mem0-ts/src/oss/tests/vector-stores-compat.test.ts	4904	const	store
mem0-ts/src/oss/tests/vector-stores-compat.test.ts	4914	const	poolConfig
mem0-ts/src/oss/tests/vector-stores-compat.test.ts	4915	const	plugin
mem0-ts/src/oss/tests/vector-stores-compat.test.ts	4937	function	createMockEmbedder
mem0-ts/src/oss/tests/vector-stores-compat.test.ts	4944	function	createMockVectorStore
mem0-ts/src/oss/tests/vector-stores-compat.test.ts	4966	const	mockEmbedder
mem0-ts/src/oss/tests/vector-stores-compat.test.ts	4967	const	mockVStore
mem0-ts/src/oss/tests/vector-stores-compat.test.ts	5003	const	mem
mem0-ts/src/oss/tests/vector-stores-compat.test.ts	5015	const	embedder
mem0-ts/src/oss/tests/vector-stores-compat.test.ts	5018	const	vsCreateCall
mem0-ts/src/oss/tests/vector-stores-compat.test.ts	5023	const	mem
mem0-ts/src/oss/tests/vector-stores-compat.test.ts	5033	const	mockEmbedder768
mem0-ts/src/oss/tests/vector-stores-compat.test.ts	5041	const	mockEmbedder768
mem0-ts/src/oss/tests/vector-stores-compat.test.ts	5044	const	mem
mem0-ts/src/oss/tests/vector-stores-compat.test.ts	5054	const	vsCreateCall
mem0-ts/src/oss/tests/vector-stores-compat.test.ts	5059	const	mockVStore
mem0-ts/src/oss/tests/vector-stores-compat.test.ts	5062	const	mem
mem0-ts/src/oss/tests/vector-stores-compat.test.ts	5077	const	memoryId
mem0-ts/src/oss/tests/vector-stores-compat.test.ts	5078	const	mockVStore
mem0-ts/src/oss/tests/vector-stores-compat.test.ts	5107	const	mem
mem0-ts/src/oss/tests/vector-stores-compat.test.ts	5118	const	all
mem0-ts/src/oss/tests/vector-stores-compat.test.ts	5122	const	searchResult
mem0-ts/src/oss/tests/vector-stores-compat.test.ts	5128	const	item
mem0-ts/src/oss/tests/vector-stores-compat.test.ts	5132	const	updateResult
mem0-ts/src/oss/tests/vector-stores-compat.test.ts	5136	const	deleteResult
mem0-ts/src/oss/tests/vector-stores-compat.test.ts	5140	const	deleteAllResult
mem0-ts/src/oss/tests/vector-stores-compat.test.ts	5144	const	history
mem0-ts/src/oss/tests/vector-stores-compat.test.ts	5149	const	mockVStore1
mem0-ts/src/oss/tests/vector-stores-compat.test.ts	5150	const	mockVStore2
mem0-ts/src/oss/tests/vector-stores-compat.test.ts	5155	const	mem
mem0-ts/src/oss/tests/vector-stores-compat.test.ts	5175	const	primaryStore
mem0-ts/src/oss/tests/vector-stores-compat.test.ts	5176	const	entityStore
mem0-ts/src/oss/tests/vector-stores-compat.test.ts	5181	const	mem
mem0-ts/src/oss/tests/vector-stores-compat.test.ts	5216	const	source
mem0-ts/src/oss/tests/vector-stores-compat.test.ts	5224	const	primaryStore
mem0-ts/src/oss/tests/vector-stores-compat.test.ts	5225	const	entityStore
mem0-ts/src/oss/tests/vector-stores-compat.test.ts	5230	const	mem
mem0-ts/src/oss/tests/vector-stores-compat.test.ts	5261	const	failingEmbedder
mem0-ts/src/oss/tests/vector-stores-compat.test.ts	5267	const	consoleSpy
mem0-ts/src/oss/tests/vector-stores-compat.test.ts	5271	const	mem
mem0-ts/src/oss/tests/vector-stores-compat.test.ts	5355	const	store
mem0-ts/src/oss/tests/vector-stores-compat.test.ts	5374	const	store
mem0-ts/src/oss/tests/vector-stores-compat.test.ts	5379	const	p1
mem0-ts/src/oss/tests/vector-stores-compat.test.ts	5380	const	p2
mem0-ts/src/oss/tests/vector-stores-compat.test.ts	5381	const	p3
mem0-ts/src/oss/tests/vector-stores-compat.test.ts	5387	const	store
mem0-ts/src/oss/tests/vector-stores-compat.test.ts	5415	const	store
mem0-ts/src/oss/tests/vector-stores-compat.test.ts	5421	const	results
mem0-ts/src/oss/tests/vector-stores-compat.test.ts	5431	const	store
mem0-ts/src/oss/tests/vertex-ai-vector-search.test.ts	5	const	MatchServiceClient
mem0-ts/src/oss/tests/vertex-ai-vector-search.test.ts	8	const	IndexServiceClient
mem0-ts/src/oss/tests/vertex-ai-vector-search.test.ts	45	const	results
mem0-ts/src/oss/tests/vertex-ai-vector-search.test.ts	51	const	mockFindNeighbors
mem0-ts/src/oss/tests/vertex-ai-vector-search.test.ts	70	const	results
mem0-ts/src/oss/tests/vertex-ai-vector-search.test.ts	84	const	result
mem0-ts/src/oss/tests/vertex-ai-vector-search.test.ts	90	const	spy
mem0-ts/src/oss/tests/vertex-ai-vector-search.test.ts	97	const	request
mem0-ts/src/oss/tests/vertex-ai-vector-search.test.ts	120	const	results
mem0-ts/src/oss/tests/vertex-ai-vector-search.test.ts	140	const	warnSpy
mem0-ts/src/oss/tests/vertex-ai-vector-search.test.ts	194	const	warnSpy
mem0-ts/src/oss/tests/vertex-ai-vector-search.test.ts	204	const	request
mem0-ts/src/oss/tests/vertex-ai-vector-search.test.ts	230	const	userId
mem0-ts/src/oss/tests/vertex-ai-vector-search.test.ts	236	const	userId
mem0-ts/src/oss/tests/vertexai-embedder.test.ts	3	const	mockPredict
mem0-ts/src/oss/tests/vertexai-embedder.test.ts	4	const	mockGetProjectId
mem0-ts/src/oss/tests/vertexai-embedder.test.ts	5	const	mockClientConstructor
mem0-ts/src/oss/tests/vertexai-embedder.test.ts	26	const	mockEmbedding
mem0-ts/src/oss/tests/vertexai-embedder.test.ts	29	function	predictEchoingInstances
mem0-ts/src/oss/tests/vertexai-embedder.test.ts	61	const	embedder
mem0-ts/src/oss/tests/vertexai-embedder.test.ts	65	const	result
mem0-ts/src/oss/tests/vertexai-embedder.test.ts	69	const	callArgs
mem0-ts/src/oss/tests/vertexai-embedder.test.ts	82	const	embedder
mem0-ts/src/oss/tests/vertexai-embedder.test.ts	87	const	callArgs
mem0-ts/src/oss/tests/vertexai-embedder.test.ts	92	const	embedder
mem0-ts/src/oss/tests/vertexai-embedder.test.ts	97	const	callArgs
mem0-ts/src/oss/tests/vertexai-embedder.test.ts	103	const	embedder
mem0-ts/src/oss/tests/vertexai-embedder.test.ts	119	const	embedder
mem0-ts/src/oss/tests/vertexai-embedder.test.ts	123	const	texts
mem0-ts/src/oss/tests/vertexai-embedder.test.ts	124	const	result
mem0-ts/src/oss/tests/vertexai-embedder.test.ts	141	const	embedder
mem0-ts/src/oss/tests/vertexai-embedder.test.ts	146	const	texts
mem0-ts/src/oss/tests/vertexai-embedder.test.ts	147	const	result
mem0-ts/src/oss/tests/vertexai-embedder.test.ts	159	const	embedder
mem0-ts/src/oss/tests/vertexai-embedder.test.ts	170	const	PROJECT_ENV_VARS
mem0-ts/src/oss/tests/vertexai-embedder.test.ts	193	const	embedder
mem0-ts/src/oss/tests/vertexai-embedder.test.ts	207	const	embedder
mem0-ts/src/oss/tests/vertexai-embedder.test.ts	215	const	embedder
mem0-ts/src/oss/tests/vertexai-embedder.test.ts	230	const	embedder
mem0-ts/src/oss/tests/vertexai-protobuf.test.ts	11	const	mockPredict
mem0-ts/src/oss/tests/vertexai-protobuf.test.ts	12	const	mockGetProjectId
mem0-ts/src/oss/tests/vertexai-protobuf.test.ts	15	const	actual
mem0-ts/src/oss/tests/vertexai-protobuf.test.ts	31	function	expectEncodedValue
mem0-ts/src/oss/tests/vertexai-protobuf.test.ts	48	const	embedder
mem0-ts/src/oss/tests/vertexai-protobuf.test.ts	70	const	embedder
mem0-ts/src/oss/tests/vertexai-protobuf.test.ts	85	const	values
mem0-ts/src/oss/tests/vertexai-protobuf.test.ts	91	const	embedder
mem0-ts/src/oss/tests/vertexai-protobuf.test.ts	93	const	result
mem0-ts/src/oss/tests/vertexai-protobuf.test.ts	105	const	embedder
mem0-ts/src/oss/tests/vertexai-protobuf.test.ts	111	const	vectors
mem0-ts/src/oss/tests/vertexai-protobuf.test.ts	125	const	embedder
mem0-ts/src/oss/tests/vertexai-protobuf.test.ts	130	const	result
mem0-ts/src/oss/tests/xai.test.ts	8	const	mockCreate
mem0-ts/src/oss/tests/xai.test.ts	9	const	mockOpenAICtor
mem0-ts/src/oss/tests/xai.test.ts	19	const	ORIGINAL_ENV
mem0-ts/src/oss/tests/xai.test.ts	36	const	llm
mem0-ts/src/oss/tests/xai.test.ts	37	const	result
mem0-ts/src/oss/tests/xai.test.ts	70	const	llm
mem0-ts/src/oss/tests/xai.test.ts	109	const	llm
mem0-ts/src/oss/tests/xai.test.ts	110	const	result
mem0-ts/src/oss/tests/xai.test.ts	125	const	llm
mem0-ts/src/oss/tests/xai.test.ts	137	const	llm
mem0-ts/src/oss/tests/xai.test.ts	138	const	result
mem0-ts/src/oss/tests/xai.test.ts	147	const	llm
mem0-ts/tsup.config.ts	4	const	external
mem0-ts/tsup.config.ts	49	const	define
mem0/client/main.py	43	def	_validate_and_trim_search_query
mem0/client/main.py	52	def	_encode_path_segment
mem0/client/main.py	56	def	_maybe_alias_anon_to_email
mem0/client/main.py	82	class	MemoryClient
mem0/client/main.py	95	def	__init__
mem0/client/main.py	160	def	_validate_api_key
mem0/client/main.py	184	def	add
mem0/client/main.py	225	def	get
mem0/client/main.py	249	def	get_all
mem0/client/main.py	300	def	search
mem0/client/main.py	347	def	update
mem0/client/main.py	386	def	delete
mem0/client/main.py	417	def	delete_all
mem0/client/main.py	448	def	history
mem0/client/main.py	472	def	users
mem0/client/main.py	481	def	delete_users
mem0/client/main.py	551	def	reset
mem0/client/main.py	574	def	batch_update
mem0/client/main.py	601	def	batch_delete
mem0/client/main.py	627	def	create_memory_export
mem0/client/main.py	654	def	get_memory_export
mem0/client/main.py	673	def	get_summary
mem0/client/main.py	689	def	get_project
mem0/client/main.py	729	def	update_project
mem0/client/main.py	796	def	chat
mem0/client/main.py	805	def	get_webhooks
mem0/client/main.py	830	def	create_webhook
mem0/client/main.py	858	def	update_webhook
mem0/client/main.py	892	def	delete_webhook
mem0/client/main.py	920	def	feedback
mem0/client/main.py	943	def	_prepare_payload
mem0/client/main.py	959	def	_prepare_params
mem0/client/main.py	977	class	AsyncMemoryClient
mem0/client/main.py	984	def	__init__
mem0/client/main.py	1050	def	_validate_api_key
mem0/client/main.py	1080	def	_prepare_payload
mem0/client/main.py	1096	def	_prepare_params
mem0/client/main.py	1113	def	__aenter__
mem0/client/main.py	1116	def	__aexit__
mem0/client/main.py	1120	def	add
mem0/client/main.py	1161	def	get
mem0/client/main.py	1169	def	get_all
mem0/client/main.py	1220	def	search
mem0/client/main.py	1267	def	update
mem0/client/main.py	1308	def	delete
mem0/client/main.py	1339	def	delete_all
mem0/client/main.py	1365	def	history
mem0/client/main.py	1392	def	users
mem0/client/main.py	1401	def	delete_users
mem0/client/main.py	1471	def	reset
mem0/client/main.py	1493	def	batch_update
mem0/client/main.py	1520	def	batch_delete
mem0/client/main.py	1546	def	create_memory_export
mem0/client/main.py	1564	def	get_memory_export
mem0/client/main.py	1579	def	get_summary
mem0/client/main.py	1595	def	get_project
mem0/client/main.py	1631	def	update_project
mem0/client/main.py	1698	def	chat
mem0/client/main.py	1707	def	get_webhooks
mem0/client/main.py	1732	def	create_webhook
mem0/client/main.py	1760	def	update_webhook
mem0/client/main.py	1794	def	delete_webhook
mem0/client/main.py	1818	def	feedback
mem0/client/project.py	16	class	ProjectConfig
mem0/client/project.py	28	class	BaseProject
mem0/client/project.py	33	def	__init__
mem0/client/project.py	61	def	org_id
mem0/client/project.py	66	def	project_id
mem0/client/project.py	71	def	user_email
mem0/client/project.py	75	def	_validate_org_project
mem0/client/project.py	85	def	_prepare_params
mem0/client/project.py	110	def	_prepare_org_params
mem0/client/project.py	135	def	get
mem0/client/project.py	155	def	create
mem0/client/project.py	176	def	update
mem0/client/project.py	201	def	delete
mem0/client/project.py	218	def	get_members
mem0/client/project.py	235	def	add_member
mem0/client/project.py	256	def	update_member
mem0/client/project.py	277	def	remove_member
mem0/client/project.py	297	class	Project
mem0/client/project.py	302	def	__init__
mem0/client/project.py	324	def	get
mem0/client/project.py	355	def	create
mem0/client/project.py	393	def	update
mem0/client/project.py	454	def	delete
mem0/client/project.py	480	def	get_members
mem0/client/project.py	506	def	add_member
mem0/client/project.py	542	def	update_member
mem0/client/project.py	578	def	remove_member
mem0/client/project.py	610	class	AsyncProject
mem0/client/project.py	615	def	__init__
mem0/client/project.py	637	def	get
mem0/client/project.py	668	def	create
mem0/client/project.py	706	def	update
mem0/client/project.py	767	def	delete
mem0/client/project.py	793	def	get_members
mem0/client/project.py	819	def	add_member
mem0/client/project.py	855	def	update_member
mem0/client/project.py	891	def	remove_member
mem0/client/types.py	15	class	AddMemoryOptions
mem0/client/types.py	38	class	SearchMemoryOptions
mem0/client/types.py	57	class	GetAllMemoryOptions
mem0/client/types.py	79	class	DeleteAllMemoryOptions
mem0/client/types.py	91	class	UpdateMemoryOptions
mem0/client/types.py	100	class	ProjectUpdateOptions
mem0/client/utils.py	16	class	APIError
mem0/client/utils.py	26	def	_handle_http_error
mem0/client/utils.py	68	def	_handle_request_error
mem0/client/utils.py	94	def	api_error_handler
mem0/client/utils.py	104	def	async_wrapper
mem0/client/utils.py	117	def	wrapper
mem0/configs/base.py	16	class	MemoryItem
mem0/configs/base.py	29	class	MemoryConfig
mem0/configs/base.py	60	class	AzureConfig
mem0/configs/embeddings/base.py	9	class	BaseEmbedderConfig
mem0/configs/embeddings/base.py	14	def	__init__
mem0/configs/enums.py	4	class	MemoryType
mem0/configs/llms/anthropic.py	6	class	AnthropicConfig
mem0/configs/llms/anthropic.py	12	def	__init__
mem0/configs/llms/aws_bedrock.py	7	class	AWSBedrockConfig
mem0/configs/llms/aws_bedrock.py	14	def	__init__
mem0/configs/llms/aws_bedrock.py	64	def	provider
mem0/configs/llms/aws_bedrock.py	71	def	model_name
mem0/configs/llms/aws_bedrock.py	77	def	get_model_config
mem0/configs/llms/aws_bedrock.py	94	def	get_aws_config
mem0/configs/llms/aws_bedrock.py	114	def	validate_model_format
mem0/configs/llms/aws_bedrock.py	146	def	get_supported_regions
mem0/configs/llms/aws_bedrock.py	157	def	get_model_capabilities
mem0/configs/llms/azure.py	7	class	AzureOpenAIConfig
mem0/configs/llms/azure.py	13	def	__init__
mem0/configs/llms/base.py	7	class	BaseLlmConfig
mem0/configs/llms/base.py	16	def	__init__
mem0/configs/llms/deepseek.py	6	class	DeepSeekConfig
mem0/configs/llms/deepseek.py	12	def	__init__
mem0/configs/llms/gemini.py	7	class	GeminiConfig
mem0/configs/llms/gemini.py	14	def	__init__
mem0/configs/llms/lmstudio.py	6	class	LMStudioConfig
mem0/configs/llms/lmstudio.py	12	def	__init__
mem0/configs/llms/minimax.py	6	class	MinimaxConfig
mem0/configs/llms/minimax.py	12	def	__init__
mem0/configs/llms/ollama.py	6	class	OllamaConfig
mem0/configs/llms/ollama.py	12	def	__init__
mem0/configs/llms/openai.py	6	class	OpenAIConfig
mem0/configs/llms/openai.py	12	def	__init__
mem0/configs/llms/vllm.py	6	class	VllmConfig
mem0/configs/llms/vllm.py	12	def	__init__
mem0/configs/llms/xai.py	6	class	XAIConfig
mem0/configs/llms/xai.py	12	def	__init__
mem0/configs/prompts.py	406	def	get_update_memory_messages
mem0/configs/prompts.py	968	def	_truncate_content
mem0/configs/prompts.py	975	def	_format_summary
mem0/configs/prompts.py	982	def	_format_conversation_history
mem0/configs/prompts.py	995	def	_serialize_memories
mem0/configs/prompts.py	1000	def	_format_new_messages
mem0/configs/prompts.py	1007	def	_resolve_dates
mem0/configs/prompts.py	1016	def	generate_additive_extraction_prompt
mem0/configs/rerankers/base.py	5	class	BaseRerankerConfig
mem0/configs/rerankers/cohere.py	8	class	CohereRerankerConfig
mem0/configs/rerankers/config.py	6	class	RerankerConfig
mem0/configs/rerankers/huggingface.py	7	class	HuggingFaceRerankerConfig
mem0/configs/rerankers/llm.py	8	class	LLMRerankerConfig
mem0/configs/rerankers/sentence_transformer.py	7	class	SentenceTransformerRerankerConfig
mem0/configs/rerankers/zero_entropy.py	7	class	ZeroEntropyRerankerConfig
mem0/configs/vector_stores/azure_ai_search.py	6	class	AzureAISearchConfig
mem0/configs/vector_stores/azure_ai_search.py	27	def	validate_extra_fields
mem0/configs/vector_stores/azure_mysql.py	11	class	AzureMySQLConfig
mem0/configs/vector_stores/azure_mysql.py	35	def	validate_collection_name
mem0/configs/vector_stores/azure_mysql.py	45	def	check_auth
mem0/configs/vector_stores/azure_mysql.py	64	def	check_required_fields
mem0/configs/vector_stores/azure_mysql.py	83	def	validate_extra_fields
mem0/configs/vector_stores/baidu.py	6	class	BaiduDBConfig
mem0/configs/vector_stores/baidu.py	17	def	validate_extra_fields
mem0/configs/vector_stores/cassandra.py	6	class	CassandraConfig
mem0/configs/vector_stores/cassandra.py	31	def	check_auth
mem0/configs/vector_stores/cassandra.py	46	def	check_connection_config
mem0/configs/vector_stores/cassandra.py	61	def	validate_extra_fields
mem0/configs/vector_stores/chroma.py	6	class	ChromaDbConfig
mem0/configs/vector_stores/chroma.py	23	def	check_connection_config
mem0/configs/vector_stores/chroma.py	48	def	validate_extra_fields
mem0/configs/vector_stores/databricks.py	8	class	DatabricksConfig
mem0/configs/vector_stores/databricks.py	36	def	validate_extra_fields
mem0/configs/vector_stores/databricks.py	47	def	validate_authentication
mem0/configs/vector_stores/elasticsearch.py	7	class	ElasticsearchConfig
mem0/configs/vector_stores/elasticsearch.py	27	def	validate_auth
mem0/configs/vector_stores/elasticsearch.py	40	def	validate_headers
mem0/configs/vector_stores/elasticsearch.py	57	def	validate_extra_fields
mem0/configs/vector_stores/faiss.py	6	class	FAISSConfig
mem0/configs/vector_stores/faiss.py	19	def	validate_distance_strategy
mem0/configs/vector_stores/faiss.py	27	def	validate_extra_fields
mem0/configs/vector_stores/langchain.py	6	class	LangchainConfig
mem0/configs/vector_stores/langchain.py	20	def	validate_extra_fields
mem0/configs/vector_stores/milvus.py	7	class	MetricType
mem0/configs/vector_stores/milvus.py	12	def	__str__
mem0/configs/vector_stores/milvus.py	22	class	MilvusDBConfig
mem0/configs/vector_stores/milvus.py	32	def	validate_extra_fields
mem0/configs/vector_stores/mongodb.py	6	class	MongoDBConfig
mem0/configs/vector_stores/mongodb.py	16	def	validate_extra_fields
mem0/configs/vector_stores/neptune.py	17	class	NeptuneAnalyticsConfig
mem0/configs/vector_stores/neptune.py	32	def	validate_collection_name
mem0/configs/vector_stores/opensearch.py	6	class	OpenSearchConfig
mem0/configs/vector_stores/opensearch.py	30	def	validate_auth
mem0/configs/vector_stores/opensearch.py	39	def	validate_extra_fields
mem0/configs/vector_stores/pgvector.py	6	class	PGVectorConfig
mem0/configs/vector_stores/pgvector.py	24	def	check_auth_and_connection
mem0/configs/vector_stores/pgvector.py	44	def	validate_extra_fields
mem0/configs/vector_stores/pinecone.py	7	class	PineconeConfig
mem0/configs/vector_stores/pinecone.py	25	def	check_api_key_or_client
mem0/configs/vector_stores/pinecone.py	35	def	check_pod_or_serverless
mem0/configs/vector_stores/pinecone.py	45	def	validate_extra_fields
mem0/configs/vector_stores/qdrant.py	6	class	QdrantConfig
mem0/configs/vector_stores/qdrant.py	27	def	check_host_port_or_path
mem0/configs/vector_stores/qdrant.py	41	def	validate_extra_fields
mem0/configs/vector_stores/redis.py	7	class	RedisDBConfig
mem0/configs/vector_stores/redis.py	14	def	validate_extra_fields
mem0/configs/vector_stores/s3_vectors.py	6	class	S3VectorsConfig
mem0/configs/vector_stores/s3_vectors.py	18	def	validate_extra_fields
mem0/configs/vector_stores/supabase.py	7	class	IndexMethod
mem0/configs/vector_stores/supabase.py	13	class	IndexMeasure
mem0/configs/vector_stores/supabase.py	20	class	SupabaseConfig
mem0/configs/vector_stores/supabase.py	28	def	check_connection_string
mem0/configs/vector_stores/supabase.py	36	def	validate_extra_fields
mem0/configs/vector_stores/turbopuffer.py	7	class	TurbopufferConfig
mem0/configs/vector_stores/turbopuffer.py	24	def	check_api_key
mem0/configs/vector_stores/turbopuffer.py	34	def	validate_extra_fields
mem0/configs/vector_stores/upstash_vector.py	12	class	UpstashVectorConfig
mem0/configs/vector_stores/upstash_vector.py	25	def	check_credentials_or_client
mem0/configs/vector_stores/valkey.py	6	class	ValkeyConfig
mem0/configs/vector_stores/valkey.py	21	def	validate_extra_fields
mem0/configs/vector_stores/vertex_ai_vector_search.py	6	class	GoogleMatchingEngineConfig
mem0/configs/vector_stores/vertex_ai_vector_search.py	20	def	__init__
mem0/configs/vector_stores/vertex_ai_vector_search.py	25	def	model_post_init
mem0/configs/vector_stores/weaviate.py	6	class	WeaviateConfig
mem0/configs/vector_stores/weaviate.py	19	def	check_connection_params
mem0/configs/vector_stores/weaviate.py	29	def	validate_extra_fields
mem0/embeddings/aws_bedrock.py	16	class	AWSBedrockEmbedding
mem0/embeddings/aws_bedrock.py	22	def	__init__
mem0/embeddings/aws_bedrock.py	54	def	_normalize_vector
mem0/embeddings/aws_bedrock.py	60	def	_get_embedding
mem0/embeddings/aws_bedrock.py	100	def	embed
mem0/embeddings/azure_openai.py	13	class	AzureOpenAIEmbedding
mem0/embeddings/azure_openai.py	14	def	__init__
mem0/embeddings/azure_openai.py	44	def	embed
mem0/embeddings/azure_openai.py	57	def	embed_batch
mem0/embeddings/base.py	7	class	EmbeddingBase
mem0/embeddings/base.py	14	def	__init__
mem0/embeddings/base.py	21	def	embed
mem0/embeddings/base.py	33	def	embed_batch
mem0/embeddings/configs.py	6	class	EmbedderConfig
mem0/embeddings/configs.py	14	def	validate_config
mem0/embeddings/fastembed.py	11	class	FastEmbedEmbedding
mem0/embeddings/fastembed.py	12	def	__init__
mem0/embeddings/fastembed.py	21	def	embed
mem0/embeddings/gemini.py	11	class	GoogleGenAIEmbedding
mem0/embeddings/gemini.py	12	def	__init__
mem0/embeddings/gemini.py	22	def	embed
mem0/embeddings/gemini.py	41	def	embed_batch
mem0/embeddings/huggingface.py	15	class	HuggingFaceEmbedding
mem0/embeddings/huggingface.py	16	def	__init__
mem0/embeddings/huggingface.py	29	def	embed
mem0/embeddings/huggingface.py	46	def	embed_batch
mem0/embeddings/langchain.py	12	class	LangchainEmbedding
mem0/embeddings/langchain.py	13	def	__init__
mem0/embeddings/langchain.py	24	def	embed
mem0/embeddings/lmstudio.py	9	class	LMStudioEmbedding
mem0/embeddings/lmstudio.py	10	def	__init__
mem0/embeddings/lmstudio.py	19	def	embed
mem0/embeddings/lmstudio.py	31	def	embed_batch
mem0/embeddings/mock.py	6	class	MockEmbeddings
mem0/embeddings/mock.py	7	def	embed
mem0/embeddings/ollama.py	24	class	OllamaEmbedding
mem0/embeddings/ollama.py	25	def	__init__
mem0/embeddings/ollama.py	35	def	_normalize_model_name
mem0/embeddings/ollama.py	38	def	_ensure_model_exists
mem0/embeddings/ollama.py	51	def	embed
mem0/embeddings/ollama.py	67	def	embed_batch
mem0/embeddings/openai.py	11	class	OpenAIEmbedding
mem0/embeddings/openai.py	12	def	__init__
mem0/embeddings/openai.py	37	def	embed
mem0/embeddings/openai.py	57	def	embed_batch
mem0/embeddings/together.py	10	class	TogetherEmbedding
mem0/embeddings/together.py	11	def	__init__
mem0/embeddings/together.py	19	def	embed
mem0/embeddings/together.py	32	def	embed_batch
mem0/embeddings/vertexai.py	11	class	VertexAIEmbedding
mem0/embeddings/vertexai.py	12	def	__init__
mem0/embeddings/vertexai.py	44	def	embed
mem0/embeddings/vertexai.py	66	def	embed_batch
mem0/exceptions.py	34	class	MemoryError
mem0/exceptions.py	58	def	__init__
mem0/exceptions.py	82	def	__repr__
mem0/exceptions.py	93	class	AuthenticationError
mem0/exceptions.py	115	class	RateLimitError
mem0/exceptions.py	138	class	ValidationError
mem0/exceptions.py	162	class	MemoryNotFoundError
mem0/exceptions.py	179	class	NetworkError
mem0/exceptions.py	202	class	ConfigurationError
mem0/exceptions.py	224	class	MemoryQuotaExceededError
mem0/exceptions.py	246	class	MemoryCorruptionError
mem0/exceptions.py	263	class	VectorSearchError
mem0/exceptions.py	286	class	CacheError
mem0/exceptions.py	304	class	VectorStoreError
mem0/exceptions.py	318	def	__init__
mem0/exceptions.py	326	class	EmbeddingError
mem0/exceptions.py	340	def	__init__
mem0/exceptions.py	346	class	LLMError
mem0/exceptions.py	360	def	__init__
mem0/exceptions.py	366	class	DatabaseError
mem0/exceptions.py	380	def	__init__
mem0/exceptions.py	386	class	DependencyError
mem0/exceptions.py	400	def	__init__
mem0/exceptions.py	424	def	create_exception_from_response
mem0/llms/anthropic.py	14	class	AnthropicLLM
mem0/llms/anthropic.py	15	def	__init__
mem0/llms/anthropic.py	47	def	_enable_sampling_parameters
mem0/llms/anthropic.py	71	def	_get_common_params
mem0/llms/anthropic.py	97	def	generate_response
mem0/llms/anthropic.py	143	def	_parse_response
mem0/llms/aws_bedrock.py	26	def	extract_provider
mem0/llms/aws_bedrock.py	34	class	AWSBedrockLLM
mem0/llms/aws_bedrock.py	41	def	__init__
mem0/llms/aws_bedrock.py	77	def	_initialize_aws_client
mem0/llms/aws_bedrock.py	103	def	_test_connection
mem0/llms/aws_bedrock.py	120	def	_initialize_provider_settings
mem0/llms/aws_bedrock.py	145	def	_format_messages_anthropic
mem0/llms/aws_bedrock.py	167	def	_format_messages_cohere
mem0/llms/aws_bedrock.py	178	def	_format_messages_amazon
mem0/llms/aws_bedrock.py	196	def	_format_messages_meta
mem0/llms/aws_bedrock.py	207	def	_format_messages_mistral
mem0/llms/aws_bedrock.py	225	def	_format_messages_generic
mem0/llms/aws_bedrock.py	236	def	_merge_optional_top_p
mem0/llms/aws_bedrock.py	242	def	_prepare_input
mem0/llms/aws_bedrock.py	320	def	_convert_tool_format
mem0/llms/aws_bedrock.py	357	def	_parse_response
mem0/llms/aws_bedrock.py	429	def	generate_response
mem0/llms/aws_bedrock.py	465	def	_convert_tools_to_converse_format
mem0/llms/aws_bedrock.py	487	def	_default_max_tokens_for_converse
mem0/llms/aws_bedrock.py	494	def	_build_inference_config
mem0/llms/aws_bedrock.py	518	def	_generate_with_tools
mem0/llms/aws_bedrock.py	556	def	_generate_standard
mem0/llms/aws_bedrock.py	648	def	list_available_models
mem0/llms/aws_bedrock.py	678	def	get_model_capabilities
mem0/llms/aws_bedrock.py	690	def	validate_model_access
mem0/llms/azure_openai.py	17	class	AzureOpenAILLM
mem0/llms/azure_openai.py	18	def	__init__
mem0/llms/azure_openai.py	74	def	_rewrite_assistant_keyword
mem0/llms/azure_openai.py	93	def	_parse_response
mem0/llms/azure_openai.py	123	def	generate_response
mem0/llms/azure_openai_structured.py	16	class	AzureOpenAIStructuredLLM
mem0/llms/azure_openai_structured.py	17	def	__init__
mem0/llms/azure_openai_structured.py	52	def	generate_response
mem0/llms/azure_openai_structured.py	106	def	_rewrite_assistant_keyword
mem0/llms/azure_openai_structured.py	125	def	_parse_response
mem0/llms/base.py	7	class	LLMBase
mem0/llms/base.py	13	def	__init__
mem0/llms/base.py	30	def	_validate_config
mem0/llms/base.py	43	def	_is_reasoning_model
mem0/llms/base.py	82	def	_uses_max_completion_tokens
mem0/llms/base.py	101	def	_get_supported_params
mem0/llms/base.py	137	def	generate_response
mem0/llms/base.py	154	def	_get_common_params
mem0/llms/configs.py	6	class	LlmConfig
mem0/llms/configs.py	11	def	validate_config
mem0/llms/deepseek.py	13	class	DeepSeekLLM
mem0/llms/deepseek.py	14	def	__init__
mem0/llms/deepseek.py	43	def	_parse_response
mem0/llms/deepseek.py	73	def	generate_response
mem0/llms/gemini.py	15	class	GeminiLLM
mem0/llms/gemini.py	16	def	__init__
mem0/llms/gemini.py	45	def	_parse_response
mem0/llms/gemini.py	92	def	_reformat_messages
mem0/llms/gemini.py	117	def	_reformat_tools
mem0/llms/gemini.py	128	def	remove_additional_properties
mem0/llms/gemini.py	158	def	generate_response
mem0/llms/groq.py	18	class	GroqLLM
mem0/llms/groq.py	19	def	__init__
mem0/llms/groq.py	29	def	_supports_json_mode
mem0/llms/groq.py	46	def	_parse_response
mem0/llms/groq.py	76	def	generate_response
mem0/llms/langchain.py	13	class	LangchainLLM
mem0/llms/langchain.py	14	def	__init__
mem0/llms/langchain.py	25	def	_parse_response
mem0/llms/langchain.py	54	def	generate_response
mem0/llms/litellm.py	14	class	LiteLLM
mem0/llms/litellm.py	15	def	__init__
mem0/llms/litellm.py	21	def	_parse_response
mem0/llms/litellm.py	51	def	generate_response
mem0/llms/lmstudio.py	12	class	LMStudioLLM
mem0/llms/lmstudio.py	13	def	__init__
mem0/llms/lmstudio.py	43	def	_parse_response
mem0/llms/lmstudio.py	73	def	generate_response
mem0/llms/minimax.py	13	class	MiniMaxLLM
mem0/llms/minimax.py	14	def	__init__
mem0/llms/minimax.py	47	def	_parse_response
mem0/llms/minimax.py	77	def	generate_response
mem0/llms/ollama.py	15	class	OllamaLLM
mem0/llms/ollama.py	16	def	__init__
mem0/llms/ollama.py	43	def	_parse_response
mem0/llms/ollama.py	92	def	generate_response
mem0/llms/openai.py	14	class	OpenAILLM
mem0/llms/openai.py	15	def	__init__
mem0/llms/openai.py	55	def	_parse_response
mem0/llms/openai.py	85	def	generate_response
mem0/llms/openai_structured.py	10	class	OpenAIStructuredLLM
mem0/llms/openai_structured.py	11	def	__init__
mem0/llms/openai_structured.py	21	def	generate_response
mem0/llms/sarvam.py	10	class	SarvamLLM
mem0/llms/sarvam.py	11	def	__init__
mem0/llms/sarvam.py	31	def	generate_response
mem0/llms/together.py	15	class	TogetherLLM
mem0/llms/together.py	16	def	__init__
mem0/llms/together.py	25	def	_parse_response
mem0/llms/together.py	55	def	generate_response
mem0/llms/vllm.py	13	class	VllmLLM
mem0/llms/vllm.py	14	def	__init__
mem0/llms/vllm.py	43	def	_parse_response
mem0/llms/vllm.py	73	def	generate_response
mem0/llms/xai.py	13	class	XAILLM
mem0/llms/xai.py	14	def	__init__
mem0/llms/xai.py	43	def	_parse_response
mem0/llms/xai.py	73	def	generate_response
mem0/memory/base.py	4	class	MemoryBase
mem0/memory/base.py	6	def	get
mem0/memory/base.py	19	def	get_all
mem0/memory/base.py	29	def	update
mem0/memory/base.py	43	def	delete
mem0/memory/base.py	53	def	history
mem0/memory/main.py	85	def	_vector_store_list_rows
mem0/memory/main.py	138	def	_reject_top_level_entity_params
mem0/memory/main.py	148	def	_validate_and_trim_entity_id
mem0/memory/main.py	185	def	_validate_search_params
mem0/memory/main.py	212	def	_validate_and_trim_search_query
mem0/memory/main.py	227	def	_is_sensitive_field
mem0/memory/main.py	243	def	_safe_deepcopy_config
mem0/memory/main.py	274	def	_normalize_iso_timestamp_to_utc
mem0/memory/main.py	287	def	_build_filters_and_metadata
mem0/memory/main.py	373	def	_build_session_scope
mem0/memory/main.py	383	def	_entity_collection_name
mem0/memory/main.py	388	def	_normalize_expiration_date
mem0/memory/main.py	403	def	_payload_is_expired
mem0/memory/main.py	422	class	_OSSProject
mem0/memory/main.py	423	def	update
mem0/memory/main.py	435	class	_AsyncOSSProject
mem0/memory/main.py	436	def	update
mem0/memory/main.py	448	class	Memory
mem0/memory/main.py	449	def	__init__
mem0/memory/main.py	516	def	project
mem0/memory/main.py	520	def	entity_store
mem0/memory/main.py	544	def	_normalize_entity_text
mem0/memory/main.py	547	def	_existing_entities_by_text
mem0/memory/main.py	566	def	_upsert_entity
mem0/memory/main.py	613	def	_remove_memory_from_entity_store
mem0/memory/main.py	668	def	_link_entities_for_memory
mem0/memory/main.py	692	def	from_config
mem0/memory/main.py	700	def	_should_use_agent_memory_extraction
mem0/memory/main.py	721	def	add
mem0/memory/main.py	835	def	_add_to_vector_store
mem0/memory/main.py	1164	def	get
mem0/memory/main.py	1211	def	get_all
mem0/memory/main.py	1282	def	_get_all_from_vector_store
mem0/memory/main.py	1335	def	search
mem0/memory/main.py	1480	def	_process_metadata_filters
mem0/memory/main.py	1492	def	process_condition
mem0/memory/main.py	1515	def	merge_filters
mem0/memory/main.py	1557	def	_has_advanced_operators
mem0/memory/main.py	1584	def	_search_vector_store
mem0/memory/main.py	1689	def	_compute_entity_boosts
mem0/memory/main.py	1729	def	_search_entity
mem0/memory/main.py	1771	def	update
mem0/memory/main.py	1823	def	delete
mem0/memory/main.py	1844	def	delete_all
mem0/memory/main.py	1886	def	history
mem0/memory/main.py	1901	def	_create_memory
mem0/memory/main.py	1933	def	_create_procedural_memory
mem0/memory/main.py	1972	def	_update_memory
mem0/memory/main.py	2038	def	_delete_memory
mem0/memory/main.py	2068	def	reset
mem0/memory/main.py	2100	def	close
mem0/memory/main.py	2106	def	chat
mem0/memory/main.py	2110	class	AsyncMemory
mem0/memory/main.py	2111	def	__init__
mem0/memory/main.py	2158	def	project
mem0/memory/main.py	2162	def	entity_store
mem0/memory/main.py	2185	def	_normalize_entity_text
mem0/memory/main.py	2188	def	_existing_entities_by_text
mem0/memory/main.py	2207	def	_upsert_entity_async
mem0/memory/main.py	2257	def	_bulk_clear_entity_store
mem0/memory/main.py	2278	def	_remove_memory_from_entity_store
mem0/memory/main.py	2323	def	_link_entities_for_memory
mem0/memory/main.py	2343	def	from_config
mem0/memory/main.py	2351	def	_should_use_agent_memory_extraction
mem0/memory/main.py	2372	def	add
mem0/memory/main.py	2465	def	_add_to_vector_store
mem0/memory/main.py	2798	def	get
mem0/memory/main.py	2845	def	get_all
mem0/memory/main.py	2916	def	_get_all_from_vector_store
mem0/memory/main.py	2969	def	search
mem0/memory/main.py	3121	def	_process_metadata_filters
mem0/memory/main.py	3133	def	process_condition
mem0/memory/main.py	3156	def	merge_filters
mem0/memory/main.py	3198	def	_has_advanced_operators
mem0/memory/main.py	3225	def	_search_vector_store
mem0/memory/main.py	3328	def	_compute_entity_boosts_async
mem0/memory/main.py	3358	def	_search_entity
mem0/memory/main.py	3402	def	update
mem0/memory/main.py	3455	def	delete
mem0/memory/main.py	3476	def	delete_all
mem0/memory/main.py	3530	def	history
mem0/memory/main.py	3545	def	_create_memory
mem0/memory/main.py	3582	def	_create_procedural_memory
mem0/memory/main.py	3638	def	_update_memory
mem0/memory/main.py	3706	def	_delete_memory
mem0/memory/main.py	3737	def	reset
mem0/memory/main.py	3770	def	close
mem0/memory/main.py	3776	def	chat
mem0/memory/notices.py	80	def	display_first_run_notice
mem0/memory/notices.py	149	def	display_first_run_notice_async
mem0/memory/notices.py	155	def	display_temporal_usage_notice
mem0/memory/notices.py	239	def	display_temporal_usage_notice_async
mem0/memory/notices.py	256	def	detect_decay_usage_from_delete
mem0/memory/notices.py	276	def	detect_decay_usage_from_delete_all
mem0/memory/notices.py	287	def	display_decay_usage_notice
mem0/memory/notices.py	377	def	display_decay_usage_notice_async
mem0/memory/notices.py	398	def	detect_scale_threshold_from_top_k
mem0/memory/notices.py	410	def	detect_scale_threshold_from_add_result
mem0/memory/notices.py	464	def	display_scale_threshold_notice
mem0/memory/notices.py	559	def	display_scale_threshold_notice_async
mem0/memory/notices.py	582	def	display_performance_slow_query_notice
mem0/memory/notices.py	670	def	display_performance_slow_query_notice_async
mem0/memory/notices.py	689	def	get_temporal_feature_error_message
mem0/memory/notices.py	700	def	get_temporal_feature_error_message_async
mem0/memory/notices.py	713	def	get_decay_feature_error_message
mem0/memory/notices.py	724	def	get_decay_feature_error_message_async
mem0/memory/notices.py	737	def	_get_feature_error_message
mem0/memory/notices.py	821	def	detect_temporal_usage_from_metadata
mem0/memory/notices.py	835	def	detect_temporal_usage_from_search
mem0/memory/notices.py	853	def	_claim_first_run_notice
mem0/memory/notices.py	883	def	_update_first_run_variant
mem0/memory/notices.py	901	def	_feature_error_at_capacity
mem0/memory/notices.py	917	def	_record_feature_error_opportunity
mem0/memory/notices.py	961	def	_recent_feature_error_entries
mem0/memory/notices.py	985	def	_temporal_usage_at_capacity
mem0/memory/notices.py	1002	def	_record_temporal_usage_opportunity
mem0/memory/notices.py	1048	def	_recent_temporal_usage_entries
mem0/memory/notices.py	1072	def	_decay_usage_at_capacity
mem0/memory/notices.py	1089	def	_record_decay_usage_opportunity
mem0/memory/notices.py	1140	def	_recent_decay_usage_entries
mem0/memory/notices.py	1164	def	_scale_threshold_at_capacity
mem0/memory/notices.py	1181	def	_record_scale_threshold_opportunity
mem0/memory/notices.py	1237	def	_mark_scale_memory_count_threshold_evaluated
mem0/memory/notices.py	1262	def	_recent_scale_threshold_entries
mem0/memory/notices.py	1286	def	_performance_slow_query_at_capacity
mem0/memory/notices.py	1303	def	_record_performance_slow_query_opportunity
mem0/memory/notices.py	1347	def	_recent_performance_slow_query_entries
mem0/memory/notices.py	1371	def	_parse_datetime
mem0/memory/notices.py	1383	def	_get_notice_state
mem0/memory/notices.py	1392	def	_count_added_memories
mem0/memory/notices.py	1404	def	_get_provider_memory_count
mem0/memory/notices.py	1451	def	_extract_count
mem0/memory/notices.py	1479	def	_render_scale_copy
mem0/memory/notices.py	1488	def	_coerce_nonnegative_int
mem0/memory/notices.py	1498	def	_coerce_mapping
mem0/memory/notices.py	1510	def	_walk_mapping
mem0/memory/notices.py	1521	def	_is_temporal_key
mem0/memory/notices.py	1545	def	_looks_temporal_value
mem0/memory/notices.py	1557	def	_has_temporal_filter
mem0/memory/setup.py	17	def	_config_path
mem0/memory/setup.py	21	def	_load_config
mem0/memory/setup.py	35	def	_write_config
mem0/memory/setup.py	56	def	setup_config
mem0/memory/setup.py	71	def	get_user_id
mem0/memory/setup.py	78	def	read_anon_ids
mem0/memory/setup.py	96	def	_alias_pair_marker
mem0/memory/setup.py	100	def	is_aliased
mem0/memory/setup.py	112	def	mark_aliased
mem0/memory/setup.py	134	def	get_or_create_user_id
mem0/memory/storage.py	11	class	SQLiteManager
mem0/memory/storage.py	12	def	__init__
mem0/memory/storage.py	20	def	_migrate_history_table
mem0/memory/storage.py	102	def	_create_history_table
mem0/memory/storage.py	128	def	_create_messages_table
mem0/memory/storage.py	150	def	add_history
mem0/memory/storage.py	193	def	batch_add_history
mem0/memory/storage.py	227	def	get_history
mem0/memory/storage.py	257	def	save_messages
mem0/memory/storage.py	298	def	get_last_messages
mem0/memory/storage.py	326	def	reset
mem0/memory/storage.py	341	def	close
mem0/memory/storage.py	346	def	__del__
mem0/memory/telemetry.py	35	def	_parse_sample_rate
mem0/memory/telemetry.py	58	def	_sampling_before_send
mem0/memory/telemetry.py	76	class	AnonymousTelemetry
mem0/memory/telemetry.py	77	def	__init__
mem0/memory/telemetry.py	91	def	capture_event
mem0/memory/telemetry.py	122	def	capture_identify
mem0/memory/telemetry.py	139	def	close
mem0/memory/telemetry.py	155	def	_get_oss_telemetry
mem0/memory/telemetry.py	177	def	_shutdown_oss_telemetry
mem0/memory/telemetry.py	192	def	capture_event
mem0/memory/telemetry.py	223	def	capture_client_event
mem0/memory/utils.py	15	def	get_fact_retrieval_messages
mem0/memory/utils.py	31	def	get_fact_retrieval_messages_legacy
mem0/memory/utils.py	36	def	ensure_json_instruction
mem0/memory/utils.py	61	def	parse_messages
mem0/memory/utils.py	79	def	format_entities
mem0/memory/utils.py	90	def	normalize_facts
mem0/memory/utils.py	115	def	remove_code_blocks
mem0/memory/utils.py	131	def	extract_json
mem0/memory/utils.py	151	def	get_image_description
mem0/memory/utils.py	176	def	parse_vision_messages
mem0/memory/utils.py	225	def	process_telemetry_filters
mem0/memory/utils.py	243	def	sanitize_relationship_for_cypher
mem0/memory/utils.py	295	def	remove_spaces_from_entities
mem0/proxy/main.py	28	class	Mem0
mem0/proxy/main.py	29	def	__init__
mem0/proxy/main.py	43	class	Chat
mem0/proxy/main.py	44	def	__init__
mem0/proxy/main.py	48	class	Completions
mem0/proxy/main.py	49	def	__init__
mem0/proxy/main.py	52	def	create
mem0/proxy/main.py	149	def	_prepare_messages
mem0/proxy/main.py	154	def	_async_add_to_memory
mem0/proxy/main.py	155	def	add_task
mem0/proxy/main.py	168	def	_fetch_relevant_memories
mem0/proxy/main.py	181	def	_format_query_with_memories
mem0/reranker/base.py	4	class	BaseReranker
mem0/reranker/base.py	8	def	rerank
mem0/reranker/cohere_reranker.py	16	class	CohereReranker
mem0/reranker/cohere_reranker.py	19	def	__init__
mem0/reranker/cohere_reranker.py	37	def	rerank
mem0/reranker/huggingface_reranker.py	19	class	HuggingFaceReranker
mem0/reranker/huggingface_reranker.py	22	def	__init__
mem0/reranker/huggingface_reranker.py	63	def	_normalize_scores
mem0/reranker/huggingface_reranker.py	82	def	rerank
mem0/reranker/llm_reranker.py	13	class	LLMReranker
mem0/reranker/llm_reranker.py	16	def	__init__
mem0/reranker/llm_reranker.py	94	def	_extract_score
mem0/reranker/llm_reranker.py	107	def	rerank
mem0/reranker/sentence_transformer_reranker.py	18	class	SentenceTransformerReranker
mem0/reranker/sentence_transformer_reranker.py	21	def	__init__
mem0/reranker/sentence_transformer_reranker.py	49	def	rerank
mem0/reranker/zero_entropy_reranker.py	16	class	ZeroEntropyReranker
mem0/reranker/zero_entropy_reranker.py	19	def	__init__
mem0/reranker/zero_entropy_reranker.py	42	def	rerank
mem0/utils/entity_extraction.py	25	class	_EntityCandidate
mem0/utils/entity_extraction.py	356	def	_is_sentence_start
mem0/utils/entity_extraction.py	367	def	_strip_generic_ending
mem0/utils/entity_extraction.py	375	def	_lemmatize_compound
mem0/utils/entity_extraction.py	380	def	_has_artifacts
mem0/utils/entity_extraction.py	393	def	_clean_text
mem0/utils/entity_extraction.py	400	def	_norm_text
mem0/utils/entity_extraction.py	404	def	_looks_like_technical_identifier
mem0/utils/entity_extraction.py	408	def	_has_internal_cap_or_digit
mem0/utils/entity_extraction.py	412	def	_looks_like_metric_count_token
mem0/utils/entity_extraction.py	416	def	_is_metric_list_context
mem0/utils/entity_extraction.py	422	def	_strip_trailing_metric_counts
mem0/utils/entity_extraction.py	431	def	_is_list_item_name_token
mem0/utils/entity_extraction.py	443	def	_is_name_like_token
mem0/utils/entity_extraction.py	467	def	_is_bad_single_name_token
mem0/utils/entity_extraction.py	472	def	_add_candidate
mem0/utils/entity_extraction.py	498	def	_add_ner_candidates
mem0/utils/entity_extraction.py	528	def	_add_technical_identifier_candidates
mem0/utils/entity_extraction.py	543	def	_add_proper_name_candidates
mem0/utils/entity_extraction.py	581	def	_add_quoted_candidates
mem0/utils/entity_extraction.py	590	def	_add_topic_phrase_candidates
mem0/utils/entity_extraction.py	699	def	_spans_overlap
mem0/utils/entity_extraction.py	705	def	_resolve_candidates
mem0/utils/entity_extraction.py	731	def	_extract_entities_from_doc
mem0/utils/entity_extraction.py	751	def	extract_entities
mem0/utils/entity_extraction.py	761	def	extract_entities_batch
mem0/utils/factory.py	27	def	load_class
mem0/utils/factory.py	33	class	LlmFactory
mem0/utils/factory.py	62	def	create
mem0/utils/factory.py	126	def	register_provider
mem0/utils/factory.py	140	def	get_supported_providers
mem0/utils/factory.py	150	class	EmbedderFactory
mem0/utils/factory.py	166	def	create
mem0/utils/factory.py	178	class	VectorStoreFactory
mem0/utils/factory.py	207	def	create
mem0/utils/factory.py	218	def	reset
mem0/utils/factory.py	223	class	RerankerFactory
mem0/utils/factory.py	242	def	create
mem0/utils/gcp_auth.py	13	class	GCPAuthenticator
mem0/utils/gcp_auth.py	25	def	get_credentials
mem0/utils/gcp_auth.py	93	def	setup_vertex_ai
mem0/utils/gcp_auth.py	135	def	get_genai_client
mem0/utils/http.py	6	def	build_http_client
mem0/utils/lemmatization.py	22	def	lemmatize_for_bm25
mem0/utils/scoring.py	16	def	get_bm25_params
mem0/utils/scoring.py	43	def	normalize_bm25
mem0/utils/scoring.py	60	def	score_and_rank
mem0/utils/spacy_models.py	21	def	_ensure_model_available
mem0/utils/spacy_models.py	44	def	get_nlp_full
mem0/utils/spacy_models.py	69	def	get_nlp_lemma
mem0/vector_stores/azure_ai_search.py	37	class	OutputData
mem0/vector_stores/azure_ai_search.py	43	class	AzureAISearch
mem0/vector_stores/azure_ai_search.py	44	def	__init__
mem0/vector_stores/azure_ai_search.py	105	def	create_col
mem0/vector_stores/azure_ai_search.py	164	def	_generate_document
mem0/vector_stores/azure_ai_search.py	173	def	insert
mem0/vector_stores/azure_ai_search.py	192	def	_sanitize_key
mem0/vector_stores/azure_ai_search.py	195	def	_build_filter_expression
mem0/vector_stores/azure_ai_search.py	215	def	search
mem0/vector_stores/azure_ai_search.py	256	def	keyword_search
mem0/vector_stores/azure_ai_search.py	284	def	delete
mem0/vector_stores/azure_ai_search.py	298	def	update
mem0/vector_stores/azure_ai_search.py	321	def	get
mem0/vector_stores/azure_ai_search.py	338	def	list_cols
mem0/vector_stores/azure_ai_search.py	351	def	delete_col
mem0/vector_stores/azure_ai_search.py	355	def	col_info
mem0/vector_stores/azure_ai_search.py	365	def	list
mem0/vector_stores/azure_ai_search.py	387	def	__del__
mem0/vector_stores/azure_ai_search.py	392	def	reset
mem0/vector_stores/azure_mysql.py	32	def	_validate_identifier
mem0/vector_stores/azure_mysql.py	45	class	OutputData
mem0/vector_stores/azure_mysql.py	51	class	AzureMySQL
mem0/vector_stores/azure_mysql.py	52	def	__init__
mem0/vector_stores/azure_mysql.py	116	def	_setup_azure_auth
mem0/vector_stores/azure_mysql.py	129	def	_setup_connection_pool
mem0/vector_stores/azure_mysql.py	164	def	_get_cursor
mem0/vector_stores/azure_mysql.py	183	def	create_col
mem0/vector_stores/azure_mysql.py	223	def	insert
mem0/vector_stores/azure_mysql.py	251	def	_cosine_distance
mem0/vector_stores/azure_mysql.py	273	def	search
mem0/vector_stores/azure_mysql.py	334	def	keyword_search
mem0/vector_stores/azure_mysql.py	392	def	delete
mem0/vector_stores/azure_mysql.py	402	def	update
mem0/vector_stores/azure_mysql.py	428	def	get
mem0/vector_stores/azure_mysql.py	452	def	list_cols
mem0/vector_stores/azure_mysql.py	463	def	delete_col
mem0/vector_stores/azure_mysql.py	469	def	col_info
mem0/vector_stores/azure_mysql.py	495	def	list
mem0/vector_stores/azure_mysql.py	543	def	reset
mem0/vector_stores/azure_mysql.py	549	def	__del__
mem0/vector_stores/baidu.py	44	class	OutputData
mem0/vector_stores/baidu.py	50	class	BaiduDB
mem0/vector_stores/baidu.py	53	def	__init__
mem0/vector_stores/baidu.py	94	def	_create_database_if_not_exists
mem0/vector_stores/baidu.py	110	def	create_col
mem0/vector_stores/baidu.py	179	def	insert
mem0/vector_stores/baidu.py	192	def	search
mem0/vector_stores/baidu.py	234	def	keyword_search
mem0/vector_stores/baidu.py	276	def	delete
mem0/vector_stores/baidu.py	285	def	update
mem0/vector_stores/baidu.py	297	def	get
mem0/vector_stores/baidu.py	312	def	list_cols
mem0/vector_stores/baidu.py	322	def	delete_col
mem0/vector_stores/baidu.py	353	def	col_info
mem0/vector_stores/baidu.py	362	def	list
mem0/vector_stores/baidu.py	384	def	reset
mem0/vector_stores/baidu.py	398	def	_create_filter
mem0/vector_stores/base.py	4	class	VectorStoreBase
mem0/vector_stores/base.py	6	def	create_col
mem0/vector_stores/base.py	11	def	insert
mem0/vector_stores/base.py	16	def	search
mem0/vector_stores/base.py	29	def	delete
mem0/vector_stores/base.py	34	def	update
mem0/vector_stores/base.py	39	def	get
mem0/vector_stores/base.py	44	def	list_cols
mem0/vector_stores/base.py	49	def	delete_col
mem0/vector_stores/base.py	54	def	col_info
mem0/vector_stores/base.py	59	def	list
mem0/vector_stores/base.py	64	def	reset
mem0/vector_stores/base.py	68	def	keyword_search
mem0/vector_stores/base.py	85	def	search_batch
mem0/vector_stores/cassandra.py	26	def	_validate_identifier
mem0/vector_stores/cassandra.py	35	class	OutputData
mem0/vector_stores/cassandra.py	41	class	CassandraDB
mem0/vector_stores/cassandra.py	42	def	__init__
mem0/vector_stores/cassandra.py	90	def	_setup_connection
mem0/vector_stores/cassandra.py	130	def	_create_keyspace
mem0/vector_stores/cassandra.py	145	def	_create_table
mem0/vector_stores/cassandra.py	162	def	create_col
mem0/vector_stores/cassandra.py	188	def	insert
mem0/vector_stores/cassandra.py	225	def	search
mem0/vector_stores/cassandra.py	291	def	delete
mem0/vector_stores/cassandra.py	310	def	update
mem0/vector_stores/cassandra.py	348	def	get
mem0/vector_stores/cassandra.py	379	def	list_cols
mem0/vector_stores/cassandra.py	396	def	delete_col
mem0/vector_stores/cassandra.py	408	def	col_info
mem0/vector_stores/cassandra.py	434	def	list
mem0/vector_stores/cassandra.py	482	def	reset
mem0/vector_stores/cassandra.py	495	def	__del__
mem0/vector_stores/chroma.py	17	class	OutputData
mem0/vector_stores/chroma.py	23	class	ChromaDB
mem0/vector_stores/chroma.py	24	def	__init__
mem0/vector_stores/chroma.py	76	def	_parse_output
mem0/vector_stores/chroma.py	111	def	create_col
mem0/vector_stores/chroma.py	128	def	insert
mem0/vector_stores/chroma.py	145	def	search
mem0/vector_stores/chroma.py	165	def	delete
mem0/vector_stores/chroma.py	174	def	update
mem0/vector_stores/chroma.py	194	def	get
mem0/vector_stores/chroma.py	208	def	list_cols
mem0/vector_stores/chroma.py	217	def	delete_col
mem0/vector_stores/chroma.py	223	def	col_info
mem0/vector_stores/chroma.py	232	def	list
mem0/vector_stores/chroma.py	247	def	reset
mem0/vector_stores/chroma.py	254	def	_generate_where_clause
mem0/vector_stores/chroma.py	267	def	convert_condition
mem0/vector_stores/configs.py	6	class	VectorStoreConfig
mem0/vector_stores/configs.py	41	def	validate_and_create_config
mem0/vector_stores/databricks.py	33	class	MemoryResult
mem0/vector_stores/databricks.py	45	def	_validate_identifier
mem0/vector_stores/databricks.py	51	class	Databricks
mem0/vector_stores/databricks.py	52	def	__init__
mem0/vector_stores/databricks.py	246	def	_ensure_endpoint_exists
mem0/vector_stores/databricks.py	263	def	_ensure_source_table_exists
mem0/vector_stores/databricks.py	295	def	create_col
mem0/vector_stores/databricks.py	363	def	_format_sql_value
mem0/vector_stores/databricks.py	398	def	insert
mem0/vector_stores/databricks.py	463	def	search
mem0/vector_stores/databricks.py	524	def	keyword_search
mem0/vector_stores/databricks.py	573	def	delete
mem0/vector_stores/databricks.py	601	def	update
mem0/vector_stores/databricks.py	662	def	get
mem0/vector_stores/databricks.py	737	def	list_cols
mem0/vector_stores/databricks.py	751	def	delete_col
mem0/vector_stores/databricks.py	767	def	col_info
mem0/vector_stores/databricks.py	785	def	list
mem0/vector_stores/databricks.py	838	def	reset
mem0/vector_stores/elasticsearch.py	19	class	OutputData
mem0/vector_stores/elasticsearch.py	28	def	_validate_filter
mem0/vector_stores/elasticsearch.py	38	class	ElasticsearchDB
mem0/vector_stores/elasticsearch.py	39	def	__init__
mem0/vector_stores/elasticsearch.py	72	def	create_index
mem0/vector_stores/elasticsearch.py	103	def	create_col
mem0/vector_stores/elasticsearch.py	119	def	insert
mem0/vector_stores/elasticsearch.py	154	def	search
mem0/vector_stores/elasticsearch.py	185	def	keyword_search
mem0/vector_stores/elasticsearch.py	229	def	delete
mem0/vector_stores/elasticsearch.py	233	def	update
mem0/vector_stores/elasticsearch.py	243	def	get
mem0/vector_stores/elasticsearch.py	262	def	list_cols
mem0/vector_stores/elasticsearch.py	266	def	delete_col
mem0/vector_stores/elasticsearch.py	270	def	col_info
mem0/vector_stores/elasticsearch.py	274	def	list
mem0/vector_stores/elasticsearch.py	302	def	reset
mem0/vector_stores/faiss.py	34	class	SafeUnpickler
mem0/vector_stores/faiss.py	47	def	find_class
mem0/vector_stores/faiss.py	63	def	_safe_pickle_load
mem0/vector_stores/faiss.py	80	def	_validate_docstore_structure
mem0/vector_stores/faiss.py	121	class	OutputData
mem0/vector_stores/faiss.py	127	class	FAISS
mem0/vector_stores/faiss.py	128	def	__init__
mem0/vector_stores/faiss.py	174	def	_load
mem0/vector_stores/faiss.py	227	def	_save
mem0/vector_stores/faiss.py	251	def	_should_normalize
mem0/vector_stores/faiss.py	264	def	_parse_output
mem0/vector_stores/faiss.py	309	def	create_col
mem0/vector_stores/faiss.py	335	def	insert
mem0/vector_stores/faiss.py	377	def	search
mem0/vector_stores/faiss.py	419	def	_apply_filters
mem0/vector_stores/faiss.py	445	def	delete
mem0/vector_stores/faiss.py	486	def	update
mem0/vector_stores/faiss.py	520	def	get
mem0/vector_stores/faiss.py	544	def	list_cols
mem0/vector_stores/faiss.py	564	def	delete_col
mem0/vector_stores/faiss.py	590	def	col_info
mem0/vector_stores/faiss.py	607	def	list
mem0/vector_stores/faiss.py	644	def	reset
mem0/vector_stores/langchain.py	18	class	OutputData
mem0/vector_stores/langchain.py	34	class	Langchain
mem0/vector_stores/langchain.py	35	def	__init__
mem0/vector_stores/langchain.py	39	def	_parse_output
mem0/vector_stores/langchain.py	85	def	create_col
mem0/vector_stores/langchain.py	89	def	insert
mem0/vector_stores/langchain.py	104	def	search
mem0/vector_stores/langchain.py	143	def	delete
mem0/vector_stores/langchain.py	149	def	update
mem0/vector_stores/langchain.py	156	def	get
mem0/vector_stores/langchain.py	166	def	list_cols
mem0/vector_stores/langchain.py	173	def	delete_col
mem0/vector_stores/langchain.py	185	def	col_info
mem0/vector_stores/langchain.py	191	def	list
mem0/vector_stores/langchain.py	213	def	reset
mem0/vector_stores/milvus.py	27	class	OutputData
mem0/vector_stores/milvus.py	33	class	MilvusDB
mem0/vector_stores/milvus.py	34	def	__init__
mem0/vector_stores/milvus.py	66	def	create_col
mem0/vector_stores/milvus.py	126	def	insert
mem0/vector_stores/milvus.py	137	def	_build_record
mem0/vector_stores/milvus.py	149	def	_create_filter
mem0/vector_stores/milvus.py	178	def	_parse_output
mem0/vector_stores/milvus.py	205	def	search
mem0/vector_stores/milvus.py	237	def	keyword_search
mem0/vector_stores/milvus.py	272	def	delete
mem0/vector_stores/milvus.py	281	def	update
mem0/vector_stores/milvus.py	307	def	get
mem0/vector_stores/milvus.py	327	def	list_cols
mem0/vector_stores/milvus.py	336	def	delete_col
mem0/vector_stores/milvus.py	340	def	col_info
mem0/vector_stores/milvus.py	349	def	list
mem0/vector_stores/milvus.py	368	def	reset
mem0/vector_stores/mongodb.py	22	class	OutputData
mem0/vector_stores/mongodb.py	28	class	MongoDB
mem0/vector_stores/mongodb.py	32	def	__init__
mem0/vector_stores/mongodb.py	50	def	create_col
mem0/vector_stores/mongodb.py	128	def	insert
mem0/vector_stores/mongodb.py	152	def	_validate_filter_value
mem0/vector_stores/mongodb.py	167	def	search
mem0/vector_stores/mongodb.py	226	def	keyword_search
mem0/vector_stores/mongodb.py	281	def	delete
mem0/vector_stores/mongodb.py	297	def	update
mem0/vector_stores/mongodb.py	323	def	get
mem0/vector_stores/mongodb.py	345	def	list_cols
mem0/vector_stores/mongodb.py	360	def	delete_col
mem0/vector_stores/mongodb.py	368	def	col_info
mem0/vector_stores/mongodb.py	384	def	list
mem0/vector_stores/mongodb.py	416	def	reset
mem0/vector_stores/mongodb.py	422	def	__del__
mem0/vector_stores/neptune_analytics.py	22	def	_validate_filter
mem0/vector_stores/neptune_analytics.py	32	def	_escape_cypher
mem0/vector_stores/neptune_analytics.py	35	class	OutputData
mem0/vector_stores/neptune_analytics.py	41	class	NeptuneAnalyticsVector
mem0/vector_stores/neptune_analytics.py	57	def	__init__
mem0/vector_stores/neptune_analytics.py	88	def	create_col
mem0/vector_stores/neptune_analytics.py	103	def	insert
mem0/vector_stores/neptune_analytics.py	159	def	search
mem0/vector_stores/neptune_analytics.py	201	def	delete
mem0/vector_stores/neptune_analytics.py	218	def	update
mem0/vector_stores/neptune_analytics.py	308	def	get
mem0/vector_stores/neptune_analytics.py	334	def	list_cols
mem0/vector_stores/neptune_analytics.py	356	def	delete_col
mem0/vector_stores/neptune_analytics.py	366	def	col_info
mem0/vector_stores/neptune_analytics.py	376	def	list
mem0/vector_stores/neptune_analytics.py	408	def	reset
mem0/vector_stores/neptune_analytics.py	417	def	_parse_query_responses
mem0/vector_stores/neptune_analytics.py	446	def	execute_query
mem0/vector_stores/neptune_analytics.py	467	def	_get_where_clause
mem0/vector_stores/neptune_analytics.py	488	def	_get_node_filter_clause
mem0/vector_stores/neptune_analytics.py	517	def	_process_success_message
mem0/vector_stores/opensearch.py	21	def	_validate_filter
mem0/vector_stores/opensearch.py	31	class	OutputData
mem0/vector_stores/opensearch.py	37	class	OpenSearchDB
mem0/vector_stores/opensearch.py	38	def	__init__
mem0/vector_stores/opensearch.py	59	def	create_index
mem0/vector_stores/opensearch.py	91	def	create_col
mem0/vector_stores/opensearch.py	128	def	insert
mem0/vector_stores/opensearch.py	188	def	search
mem0/vector_stores/opensearch.py	235	def	keyword_search
mem0/vector_stores/opensearch.py	287	def	delete
mem0/vector_stores/opensearch.py	303	def	update
mem0/vector_stores/opensearch.py	340	def	get
mem0/vector_stores/opensearch.py	356	def	list_cols
mem0/vector_stores/opensearch.py	360	def	delete_col
mem0/vector_stores/opensearch.py	364	def	col_info
mem0/vector_stores/opensearch.py	368	def	list
mem0/vector_stores/opensearch.py	400	def	reset
mem0/vector_stores/pgvector.py	50	def	_build_filter_conditions
mem0/vector_stores/pgvector.py	118	def	_with_sslmode
mem0/vector_stores/pgvector.py	136	class	OutputData
mem0/vector_stores/pgvector.py	142	class	PGVector
mem0/vector_stores/pgvector.py	143	def	__init__
mem0/vector_stores/pgvector.py	212	def	_ensure_collection
mem0/vector_stores/pgvector.py	221	def	_get_cursor
mem0/vector_stores/pgvector.py	254	def	_col
mem0/vector_stores/pgvector.py	258	def	create_col
mem0/vector_stores/pgvector.py	307	def	insert
mem0/vector_stores/pgvector.py	327	def	search
mem0/vector_stores/pgvector.py	365	def	keyword_search
mem0/vector_stores/pgvector.py	401	def	delete
mem0/vector_stores/pgvector.py	412	def	update
mem0/vector_stores/pgvector.py	449	def	get
mem0/vector_stores/pgvector.py	470	def	list_cols
mem0/vector_stores/pgvector.py	481	def	delete_col
mem0/vector_stores/pgvector.py	486	def	col_info
mem0/vector_stores/pgvector.py	509	def	list
mem0/vector_stores/pgvector.py	541	def	__del__
mem0/vector_stores/pgvector.py	554	def	reset
mem0/vector_stores/pinecone.py	19	class	OutputData
mem0/vector_stores/pinecone.py	25	class	PineconeDB
mem0/vector_stores/pinecone.py	26	def	__init__
mem0/vector_stores/pinecone.py	93	def	create_col
mem0/vector_stores/pinecone.py	124	def	insert
mem0/vector_stores/pinecone.py	160	def	_parse_output
mem0/vector_stores/pinecone.py	200	def	_create_filter
mem0/vector_stores/pinecone.py	224	def	search
mem0/vector_stores/pinecone.py	262	def	keyword_search
mem0/vector_stores/pinecone.py	298	def	delete
mem0/vector_stores/pinecone.py	307	def	update
mem0/vector_stores/pinecone.py	332	def	get
mem0/vector_stores/pinecone.py	351	def	list_cols
mem0/vector_stores/pinecone.py	360	def	delete_col
mem0/vector_stores/pinecone.py	368	def	col_info
mem0/vector_stores/pinecone.py	377	def	list
mem0/vector_stores/pinecone.py	414	def	count
mem0/vector_stores/pinecone.py	430	def	reset
mem0/vector_stores/qdrant.py	29	class	Qdrant
mem0/vector_stores/qdrant.py	30	def	__init__
mem0/vector_stores/qdrant.py	93	def	_get_bm25_encoder
mem0/vector_stores/qdrant.py	111	def	_encode_bm25
mem0/vector_stores/qdrant.py	128	def	create_col
mem0/vector_stores/qdrant.py	166	def	_create_filter_indexes
mem0/vector_stores/qdrant.py	186	def	insert
mem0/vector_stores/qdrant.py	258	def	_is_datetime_range
mem0/vector_stores/qdrant.py	265	def	_build_field_condition
mem0/vector_stores/qdrant.py	339	def	_create_filter
mem0/vector_stores/qdrant.py	415	def	search
mem0/vector_stores/qdrant.py	437	def	search_batch
mem0/vector_stores/qdrant.py	454	def	keyword_search
mem0/vector_stores/qdrant.py	486	def	delete
mem0/vector_stores/qdrant.py	500	def	update
mem0/vector_stores/qdrant.py	538	def	get
mem0/vector_stores/qdrant.py	551	def	list_cols
mem0/vector_stores/qdrant.py	560	def	delete_col
mem0/vector_stores/qdrant.py	564	def	col_info
mem0/vector_stores/qdrant.py	573	def	list
mem0/vector_stores/qdrant.py	594	def	reset
mem0/vector_stores/redis.py	41	class	MemoryResult
mem0/vector_stores/redis.py	42	def	__init__
mem0/vector_stores/redis.py	48	class	RedisDB
mem0/vector_stores/redis.py	49	def	__init__
mem0/vector_stores/redis.py	79	def	create_col
mem0/vector_stores/redis.py	123	def	insert
mem0/vector_stores/redis.py	148	def	search
mem0/vector_stores/redis.py	191	def	keyword_search
mem0/vector_stores/redis.py	245	def	delete
mem0/vector_stores/redis.py	248	def	update
mem0/vector_stores/redis.py	272	def	get
mem0/vector_stores/redis.py	297	def	list_cols
mem0/vector_stores/redis.py	300	def	delete_col
mem0/vector_stores/redis.py	303	def	col_info
mem0/vector_stores/redis.py	306	def	reset
mem0/vector_stores/redis.py	324	def	list
mem0/vector_stores/s3_vectors.py	18	class	OutputData
mem0/vector_stores/s3_vectors.py	24	class	S3Vectors
mem0/vector_stores/s3_vectors.py	25	def	__init__
mem0/vector_stores/s3_vectors.py	42	def	_ensure_bucket_exists
mem0/vector_stores/s3_vectors.py	54	def	create_col
mem0/vector_stores/s3_vectors.py	72	def	_parse_output
mem0/vector_stores/s3_vectors.py	88	def	insert
mem0/vector_stores/s3_vectors.py	104	def	search
mem0/vector_stores/s3_vectors.py	119	def	delete
mem0/vector_stores/s3_vectors.py	126	def	update
mem0/vector_stores/s3_vectors.py	160	def	get
mem0/vector_stores/s3_vectors.py	173	def	list_cols
mem0/vector_stores/s3_vectors.py	177	def	delete_col
mem0/vector_stores/s3_vectors.py	180	def	col_info
mem0/vector_stores/s3_vectors.py	184	def	list
mem0/vector_stores/s3_vectors.py	210	def	reset
mem0/vector_stores/supabase.py	18	class	OutputData
mem0/vector_stores/supabase.py	24	class	Supabase
mem0/vector_stores/supabase.py	25	def	__init__
mem0/vector_stores/supabase.py	53	def	_preprocess_filters
mem0/vector_stores/supabase.py	72	def	create_col
mem0/vector_stores/supabase.py	96	def	insert
mem0/vector_stores/supabase.py	118	def	search
mem0/vector_stores/supabase.py	140	def	delete
mem0/vector_stores/supabase.py	149	def	update
mem0/vector_stores/supabase.py	167	def	get
mem0/vector_stores/supabase.py	184	def	list_cols
mem0/vector_stores/supabase.py	193	def	delete_col
mem0/vector_stores/supabase.py	197	def	col_info
mem0/vector_stores/supabase.py	212	def	list
mem0/vector_stores/supabase.py	233	def	reset
mem0/vector_stores/turbopuffer.py	19	class	OutputData
mem0/vector_stores/turbopuffer.py	25	class	TurbopufferDB
mem0/vector_stores/turbopuffer.py	26	def	__init__
mem0/vector_stores/turbopuffer.py	66	def	create_col
mem0/vector_stores/turbopuffer.py	73	def	insert
mem0/vector_stores/turbopuffer.py	108	def	_parse_output
mem0/vector_stores/turbopuffer.py	134	def	_convert_filters
mem0/vector_stores/turbopuffer.py	159	def	search
mem0/vector_stores/turbopuffer.py	187	def	delete
mem0/vector_stores/turbopuffer.py	196	def	update
mem0/vector_stores/turbopuffer.py	225	def	get
mem0/vector_stores/turbopuffer.py	250	def	list_cols
mem0/vector_stores/turbopuffer.py	266	def	delete_col
mem0/vector_stores/turbopuffer.py	274	def	col_info
mem0/vector_stores/turbopuffer.py	293	def	list
mem0/vector_stores/turbopuffer.py	322	def	count
mem0/vector_stores/turbopuffer.py	335	def	reset
mem0/vector_stores/upstash_vector.py	17	class	OutputData
mem0/vector_stores/upstash_vector.py	23	class	UpstashVector
mem0/vector_stores/upstash_vector.py	24	def	__init__
mem0/vector_stores/upstash_vector.py	52	def	insert
mem0/vector_stores/upstash_vector.py	94	def	_stringify
mem0/vector_stores/upstash_vector.py	97	def	search
mem0/vector_stores/upstash_vector.py	151	def	keyword_search
mem0/vector_stores/upstash_vector.py	190	def	delete
mem0/vector_stores/upstash_vector.py	202	def	update
mem0/vector_stores/upstash_vector.py	224	def	get
mem0/vector_stores/upstash_vector.py	246	def	list
mem0/vector_stores/upstash_vector.py	291	def	create_col
mem0/vector_stores/upstash_vector.py	299	def	list_cols
mem0/vector_stores/upstash_vector.py	307	def	delete_col
mem0/vector_stores/upstash_vector.py	314	def	col_info
mem0/vector_stores/upstash_vector.py	327	def	reset
mem0/vector_stores/valkey.py	38	class	OutputData
mem0/vector_stores/valkey.py	47	class	ValkeyDB
mem0/vector_stores/valkey.py	49	def	_escape_tag_value
mem0/vector_stores/valkey.py	58	def	__init__
mem0/vector_stores/valkey.py	114	def	_build_index_schema
mem0/vector_stores/valkey.py	196	def	_create_index
mem0/vector_stores/valkey.py	245	def	create_col
mem0/vector_stores/valkey.py	288	def	insert
mem0/vector_stores/valkey.py	337	def	_build_search_query
mem0/vector_stores/valkey.py	372	def	_execute_search
mem0/vector_stores/valkey.py	392	def	_process_search_results
mem0/vector_stores/valkey.py	436	def	search
mem0/vector_stores/valkey.py	475	def	delete
mem0/vector_stores/valkey.py	490	def	update
mem0/vector_stores/valkey.py	544	def	_format_timestamp
mem0/vector_stores/valkey.py	559	def	_process_document_fields
mem0/vector_stores/valkey.py	634	def	_convert_bytes
mem0/vector_stores/valkey.py	649	def	get
mem0/vector_stores/valkey.py	681	def	list_cols
mem0/vector_stores/valkey.py	695	def	_drop_index
mem0/vector_stores/valkey.py	724	def	delete_col
mem0/vector_stores/valkey.py	730	def	col_info
mem0/vector_stores/valkey.py	747	def	reset
mem0/vector_stores/valkey.py	766	def	list
mem0/vector_stores/valkey.py	793	class	MemoryResult
mem0/vector_stores/valkey.py	794	def	__init__
mem0/vector_stores/vertex_ai_vector_search.py	29	class	OutputData
mem0/vector_stores/vertex_ai_vector_search.py	35	class	GoogleMatchingEngine
mem0/vector_stores/vertex_ai_vector_search.py	36	def	__init__
mem0/vector_stores/vertex_ai_vector_search.py	106	def	_parse_output
mem0/vector_stores/vertex_ai_vector_search.py	128	def	_create_restriction
mem0/vector_stores/vertex_ai_vector_search.py	141	def	_create_datapoint
mem0/vector_stores/vertex_ai_vector_search.py	162	def	insert
mem0/vector_stores/vertex_ai_vector_search.py	212	def	search
mem0/vector_stores/vertex_ai_vector_search.py	282	def	keyword_search
mem0/vector_stores/vertex_ai_vector_search.py	287	def	delete
mem0/vector_stores/vertex_ai_vector_search.py	328	def	update
mem0/vector_stores/vertex_ai_vector_search.py	377	def	get
mem0/vector_stores/vertex_ai_vector_search.py	438	def	list_cols
mem0/vector_stores/vertex_ai_vector_search.py	446	def	delete_col
mem0/vector_stores/vertex_ai_vector_search.py	454	def	col_info
mem0/vector_stores/vertex_ai_vector_search.py	467	def	list
mem0/vector_stores/vertex_ai_vector_search.py	500	def	create_col
mem0/vector_stores/vertex_ai_vector_search.py	515	def	add
mem0/vector_stores/vertex_ai_vector_search.py	544	def	add_texts
mem0/vector_stores/vertex_ai_vector_search.py	596	def	from_texts
mem0/vector_stores/vertex_ai_vector_search.py	610	def	similarity_search_with_score
mem0/vector_stores/vertex_ai_vector_search.py	632	def	similarity_search
mem0/vector_stores/vertex_ai_vector_search.py	643	def	reset
mem0/vector_stores/weaviate.py	25	class	OutputData
mem0/vector_stores/weaviate.py	31	class	Weaviate
mem0/vector_stores/weaviate.py	32	def	__init__
mem0/vector_stores/weaviate.py	86	def	_parse_output
mem0/vector_stores/weaviate.py	119	def	create_col
mem0/vector_stores/weaviate.py	158	def	insert
mem0/vector_stores/weaviate.py	181	def	search
mem0/vector_stores/weaviate.py	226	def	keyword_search
mem0/vector_stores/weaviate.py	275	def	delete
mem0/vector_stores/weaviate.py	285	def	update
mem0/vector_stores/weaviate.py	302	def	get
mem0/vector_stores/weaviate.py	330	def	list_cols
mem0/vector_stores/weaviate.py	341	def	delete_col
mem0/vector_stores/weaviate.py	345	def	col_info
mem0/vector_stores/weaviate.py	357	def	list
mem0/vector_stores/weaviate.py	380	def	reset
openmemory/api/alembic/env.py	37	def	run_migrations_offline
openmemory/api/alembic/env.py	61	def	run_migrations_online
openmemory/api/alembic/versions/0b53c747049a_initial_migration.py	20	def	upgrade
openmemory/api/alembic/versions/0b53c747049a_initial_migration.py	166	def	downgrade
openmemory/api/alembic/versions/add_config_table.py	20	def	upgrade
openmemory/api/alembic/versions/add_config_table.py	37	def	downgrade
openmemory/api/alembic/versions/afd00efbd06b_add_unique_user_id_constraints.py	19	def	upgrade
openmemory/api/alembic/versions/afd00efbd06b_add_unique_user_id_constraints.py	28	def	downgrade
openmemory/api/app/database.py	25	def	get_db
openmemory/api/app/mcp_server.py	46	def	get_memory_client_safe
openmemory/api/app/mcp_server.py	65	def	add_memories
openmemory/api/app/mcp_server.py	150	def	search_memory
openmemory/api/app/mcp_server.py	228	def	list_memories
openmemory/api/app/mcp_server.py	297	def	delete_memories
openmemory/api/app/mcp_server.py	371	def	delete_all_memories
openmemory/api/app/mcp_server.py	436	def	handle_sse
openmemory/api/app/mcp_server.py	466	def	handle_get_message
openmemory/api/app/mcp_server.py	471	def	handle_post_message
openmemory/api/app/mcp_server.py	474	def	handle_post_message
openmemory/api/app/mcp_server.py	480	def	receive
openmemory/api/app/mcp_server.py	484	def	send
openmemory/api/app/mcp_server.py	497	def	handle_streamable_http
openmemory/api/app/mcp_server.py	522	def	capture_send
openmemory/api/app/mcp_server.py	539	def	run_server
openmemory/api/app/mcp_server.py	569	def	setup_mcp_server
openmemory/api/app/models.py	25	def	get_current_utc_time
openmemory/api/app/models.py	30	class	MemoryState
openmemory/api/app/models.py	37	class	User
openmemory/api/app/models.py	53	class	App
openmemory/api/app/models.py	74	class	Config
openmemory/api/app/models.py	85	class	Memory
openmemory/api/app/models.py	112	class	Category
openmemory/api/app/models.py	132	class	AccessControl
openmemory/api/app/models.py	148	class	ArchivePolicy
openmemory/api/app/models.py	161	class	MemoryStatusHistory
openmemory/api/app/models.py	176	class	MemoryAccessLog
openmemory/api/app/models.py	190	def	categorize_memory
openmemory/api/app/models.py	231	def	after_memory_insert
openmemory/api/app/models.py	239	def	after_memory_update
openmemory/api/app/routers/apps.py	13	def	get_app_or_404
openmemory/api/app/routers/apps.py	21	def	list_apps
openmemory/api/app/routers/apps.py	102	def	get_app_details
openmemory/api/app/routers/apps.py	127	def	list_app_memories
openmemory/api/app/routers/apps.py	163	def	list_app_accessed_memories
openmemory/api/app/routers/apps.py	215	def	update_app_details
openmemory/api/app/routers/backup.py	26	class	ExportRequest
openmemory/api/app/routers/backup.py	33	def	_iso
openmemory/api/app/routers/backup.py	41	def	_parse_iso
openmemory/api/app/routers/backup.py	52	def	_export_sqlite
openmemory/api/app/routers/backup.py	177	def	_export_logical_memories_gz
openmemory/api/app/routers/backup.py	240	def	export_backup
openmemory/api/app/routers/backup.py	266	def	import_backup
openmemory/api/app/routers/backup.py	287	def	find_member
openmemory/api/app/routers/backup.py	414	def	iter_logical_records
openmemory/api/app/routers/config.py	12	class	LLMConfig
openmemory/api/app/routers/config.py	19	class	LLMProvider
openmemory/api/app/routers/config.py	23	class	EmbedderConfig
openmemory/api/app/routers/config.py	28	class	EmbedderProvider
openmemory/api/app/routers/config.py	32	class	VectorStoreProvider
openmemory/api/app/routers/config.py	37	class	OpenMemoryConfig
openmemory/api/app/routers/config.py	40	class	Mem0Config
openmemory/api/app/routers/config.py	45	class	ConfigSchema
openmemory/api/app/routers/config.py	49	def	get_default_configuration
openmemory/api/app/routers/config.py	76	def	get_config_from_db
openmemory/api/app/routers/config.py	120	def	save_config_to_db
openmemory/api/app/routers/config.py	136	def	get_configuration
openmemory/api/app/routers/config.py	142	def	update_configuration
openmemory/api/app/routers/config.py	160	def	patch_configuration
openmemory/api/app/routers/config.py	164	def	deep_update
openmemory/api/app/routers/config.py	181	def	reset_configuration
openmemory/api/app/routers/config.py	198	def	get_llm_configuration
openmemory/api/app/routers/config.py	205	def	update_llm_configuration
openmemory/api/app/routers/config.py	222	def	get_embedder_configuration
openmemory/api/app/routers/config.py	229	def	update_embedder_configuration
openmemory/api/app/routers/config.py	246	def	get_vector_store_configuration
openmemory/api/app/routers/config.py	253	def	update_vector_store_configuration
openmemory/api/app/routers/config.py	270	def	get_openmemory_configuration
openmemory/api/app/routers/config.py	277	def	update_openmemory_configuration
openmemory/api/app/routers/memories.py	30	def	get_memory_or_404
openmemory/api/app/routers/memories.py	37	def	update_memory_state
openmemory/api/app/routers/memories.py	60	def	get_accessible_memory_ids
openmemory/api/app/routers/memories.py	102	def	list_memories
openmemory/api/app/routers/memories.py	190	def	get_categories
openmemory/api/app/routers/memories.py	212	class	CreateMemoryRequest
openmemory/api/app/routers/memories.py	222	def	create_memory
openmemory/api/app/routers/memories.py	333	def	get_memory
openmemory/api/app/routers/memories.py	350	class	DeleteMemoriesRequest
openmemory/api/app/routers/memories.py	356	def	delete_memories
openmemory/api/app/routers/memories.py	395	def	archive_memories
openmemory/api/app/routers/memories.py	405	class	PauseMemoriesRequest
openmemory/api/app/routers/memories.py	416	def	pause_memories
openmemory/api/app/routers/memories.py	489	def	get_memory_access_log
openmemory/api/app/routers/memories.py	512	class	UpdateMemoryRequest
openmemory/api/app/routers/memories.py	518	def	update_memory
openmemory/api/app/routers/memories.py	532	class	FilterMemoriesRequest
openmemory/api/app/routers/memories.py	546	def	filter_memories
openmemory/api/app/routers/memories.py	640	def	get_related_memories
openmemory/api/app/routers/stats.py	9	def	get_profile
openmemory/api/app/schemas.py	8	class	MemoryBase
openmemory/api/app/schemas.py	12	class	MemoryCreate
openmemory/api/app/schemas.py	17	class	Category
openmemory/api/app/schemas.py	21	class	App
openmemory/api/app/schemas.py	26	class	Memory
openmemory/api/app/schemas.py	38	class	MemoryUpdate
openmemory/api/app/schemas.py	44	class	MemoryResponse
openmemory/api/app/schemas.py	55	def	convert_to_epoch
openmemory/api/app/schemas.py	60	class	PaginatedMemoryResponse
openmemory/api/app/utils/categorization.py	14	class	MemoryCategories
openmemory/api/app/utils/categorization.py	19	def	get_categories_for_memory
openmemory/api/app/utils/db.py	7	def	get_or_create_user
openmemory/api/app/utils/db.py	18	def	get_or_create_app
openmemory/api/app/utils/db.py	29	def	get_user_and_app
openmemory/api/app/utils/memory.py	44	def	_get_config_hash
openmemory/api/app/utils/memory.py	50	def	_get_docker_host_url
openmemory/api/app/utils/memory.py	102	def	_fix_ollama_urls
openmemory/api/app/utils/memory.py	129	def	reset_memory_client
openmemory/api/app/utils/memory.py	138	def	_build_ollama_llm_config
openmemory/api/app/utils/memory.py	145	def	_build_openai_llm_config
openmemory/api/app/utils/memory.py	161	def	_create_llm_config
openmemory/api/app/utils/memory.py	187	def	_build_ollama_embedder_config
openmemory/api/app/utils/memory.py	193	def	_build_openai_embedder_config
openmemory/api/app/utils/memory.py	209	def	_create_embedder_config
openmemory/api/app/utils/memory.py	227	def	get_default_memory_config
openmemory/api/app/utils/memory.py	379	def	_parse_environment_variables
openmemory/api/app/utils/memory.py	404	def	get_memory_client
openmemory/api/app/utils/memory.py	503	def	get_default_user_id
openmemory/api/app/utils/permissions.py	8	def	check_memory_access_permissions
openmemory/api/main.py	27	def	create_default_user
openmemory/api/main.py	46	def	create_default_app
openmemory/api/tests/test_mcp_server.py	29	def	test_app
openmemory/api/tests/test_mcp_server.py	39	def	client
openmemory/api/tests/test_mcp_server.py	50	def	_jsonrpc
openmemory/api/tests/test_mcp_server.py	60	def	_initialize_payload
openmemory/api/tests/test_mcp_server.py	76	class	TestStreamableHTTPBasic
openmemory/api/tests/test_mcp_server.py	80	def	test_post_initialize
openmemory/api/tests/test_mcp_server.py	98	def	test_delete_returns_method_not_allowed
openmemory/api/tests/test_mcp_server.py	107	def	test_missing_accept_header_returns_406
openmemory/api/tests/test_mcp_server.py	116	def	test_invalid_json_returns_400
openmemory/api/tests/test_mcp_server.py	126	def	test_route_not_found_for_wrong_path
openmemory/api/tests/test_mcp_server.py	140	class	TestStreamableHTTPProtocol
openmemory/api/tests/test_mcp_server.py	144	def	test_tools_list
openmemory/api/tests/test_mcp_server.py	167	def	test_tools_list_has_descriptions
openmemory/api/tests/test_mcp_server.py	183	def	test_tools_list_has_input_schemas
openmemory/api/tests/test_mcp_server.py	199	def	test_call_unknown_tool_returns_error
openmemory/api/tests/test_mcp_server.py	218	def	test_unknown_jsonrpc_method
openmemory/api/tests/test_mcp_server.py	228	def	test_response_content_type_is_json
openmemory/api/tests/test_mcp_server.py	243	class	TestStreamableHTTPContext
openmemory/api/tests/test_mcp_server.py	247	def	test_context_vars_set_during_tool_call
openmemory/api/tests/test_mcp_server.py	252	def	_capture
openmemory/api/tests/test_mcp_server.py	275	def	test_different_users_are_isolated
openmemory/api/tests/test_mcp_server.py	280	def	_capture_uid
openmemory/api/tests/test_mcp_server.py	302	def	test_different_clients_are_isolated
openmemory/api/tests/test_mcp_server.py	307	def	_capture_cn
openmemory/api/tests/test_mcp_server.py	333	class	TestStreamableHTTPResponses
openmemory/api/tests/test_mcp_server.py	337	def	test_error_status_codes_are_preserved
openmemory/api/tests/test_mcp_server.py	346	def	test_delete_status_code_preserved
openmemory/api/tests/test_mcp_server.py	355	def	test_multiple_sequential_requests
openmemory/api/tests/test_mcp_server.py	369	def	test_wrong_content_type_returns_error
openmemory/api/tests/test_mcp_server.py	383	class	TestRouteRegistration
openmemory/api/tests/test_mcp_server.py	386	def	test_sse_route_is_registered
openmemory/api/tests/test_mcp_server.py	390	def	test_sse_post_messages_route_is_registered
openmemory/api/tests/test_mcp_server.py	394	def	test_streamable_http_route_is_registered
openmemory/ui/app/apps/[appId]/components/AppDetailCard.tsx	12	const	capitalize
openmemory/ui/app/apps/[appId]/components/AppDetailCard.tsx	16	const	AppDetailCard
openmemory/ui/app/apps/[appId]/components/AppDetailCard.tsx	25	const	dispatch
openmemory/ui/app/apps/[appId]/components/AppDetailCard.tsx	26	const	apps
openmemory/ui/app/apps/[appId]/components/AppDetailCard.tsx	27	const	currentApp
openmemory/ui/app/apps/[appId]/components/AppDetailCard.tsx	28	const	appConfig
openmemory/ui/app/apps/[appId]/components/AppDetailCard.tsx	32	const	handlePauseAccess
openmemory/ui/app/apps/[appId]/components/AppDetailCard.tsx	48	const	buttonText
openmemory/ui/app/apps/[appId]/components/MemoryCard.tsx	6	interface	MemoryCardProps
openmemory/ui/app/apps/[appId]/components/MemoryCard.tsx	17	function	MemoryCard
openmemory/ui/app/apps/[appId]/page.tsx	16	function	AppDetailsPage
openmemory/ui/app/apps/[appId]/page.tsx	17	const	params
openmemory/ui/app/apps/[appId]/page.tsx	18	const	appId
openmemory/ui/app/apps/[appId]/page.tsx	27	const	selectedApp
openmemory/ui/app/apps/[appId]/page.tsx	34	const	loadData
openmemory/ui/app/apps/[appId]/page.tsx	80	const	renderCreatedMemories
openmemory/ui/app/apps/[appId]/page.tsx	81	const	memories
openmemory/ui/app/apps/[appId]/page.tsx	119	const	renderAccessedMemories
openmemory/ui/app/apps/[appId]/page.tsx	120	const	memories
openmemory/ui/app/apps/components/AppCard.tsx	15	interface	AppCardProps
openmemory/ui/app/apps/components/AppCard.tsx	19	function	AppCard
openmemory/ui/app/apps/components/AppCard.tsx	20	const	router
openmemory/ui/app/apps/components/AppCard.tsx	21	const	appConfig
openmemory/ui/app/apps/components/AppCard.tsx	23	const	isActive
openmemory/ui/app/apps/components/AppFilters.tsx	35	const	sortOptions
openmemory/ui/app/apps/components/AppFilters.tsx	41	function	AppFilters
openmemory/ui/app/apps/components/AppFilters.tsx	42	const	dispatch
openmemory/ui/app/apps/components/AppFilters.tsx	43	const	filters
openmemory/ui/app/apps/components/AppFilters.tsx	47	const	debouncedSearch
openmemory/ui/app/apps/components/AppFilters.tsx	54	const	handleSearchChange
openmemory/ui/app/apps/components/AppFilters.tsx	55	const	query
openmemory/ui/app/apps/components/AppFilters.tsx	60	const	handleActiveFilterChange
openmemory/ui/app/apps/components/AppFilters.tsx	64	const	setSorting
openmemory/ui/app/apps/components/AppFilters.tsx	65	const	newDirection
openmemory/ui/app/apps/components/AppGrid.tsx	9	function	AppGrid
openmemory/ui/app/apps/components/AppGrid.tsx	11	const	apps
openmemory/ui/app/apps/components/AppGrid.tsx	12	const	filters
openmemory/ui/app/apps/page.tsx	7	function	AppsPage
openmemory/ui/app/layout.tsx	9	const	metadata
openmemory/ui/app/layout.tsx	15	function	RootLayout
openmemory/ui/app/loading.tsx	1	function	Loading
openmemory/ui/app/memories/components/CreateMemoryDialog.tsx	21	function	CreateMemoryDialog
openmemory/ui/app/memories/components/CreateMemoryDialog.tsx	24	const	textRef
openmemory/ui/app/memories/components/CreateMemoryDialog.tsx	26	const	handleCreateMemory
openmemory/ui/app/memories/components/FilterComponent.tsx	38	const	columns
openmemory/ui/app/memories/components/FilterComponent.tsx	53	function	FilterComponent
openmemory/ui/app/memories/components/FilterComponent.tsx	54	const	dispatch
openmemory/ui/app/memories/components/FilterComponent.tsx	65	const	apps
openmemory/ui/app/memories/components/FilterComponent.tsx	66	const	categories
openmemory/ui/app/memories/components/FilterComponent.tsx	69	const	filters
openmemory/ui/app/memories/components/FilterComponent.tsx	89	const	toggleAppFilter
openmemory/ui/app/memories/components/FilterComponent.tsx	95	const	toggleCategoryFilter
openmemory/ui/app/memories/components/FilterComponent.tsx	103	const	toggleAllApps
openmemory/ui/app/memories/components/FilterComponent.tsx	107	const	toggleAllCategories
openmemory/ui/app/memories/components/FilterComponent.tsx	111	const	handleClearFilters
openmemory/ui/app/memories/components/FilterComponent.tsx	119	const	handleApplyFilters
openmemory/ui/app/memories/components/FilterComponent.tsx	122	const	selectedCategoryIds
openmemory/ui/app/memories/components/FilterComponent.tsx	127	const	selectedAppIds
openmemory/ui/app/memories/components/FilterComponent.tsx	149	const	handleDialogChange
openmemory/ui/app/memories/components/FilterComponent.tsx	159	const	setSorting
openmemory/ui/app/memories/components/FilterComponent.tsx	160	const	newDirection
openmemory/ui/app/memories/components/FilterComponent.tsx	167	const	selectedCategoryIds
openmemory/ui/app/memories/components/FilterComponent.tsx	172	const	selectedAppIds
openmemory/ui/app/memories/components/FilterComponent.tsx	188	const	hasActiveFilters
openmemory/ui/app/memories/components/FilterComponent.tsx	193	const	hasTempFilters
openmemory/ui/app/memories/components/MemoriesSection.tsx	12	function	MemoriesSection
openmemory/ui/app/memories/components/MemoriesSection.tsx	13	const	router
openmemory/ui/app/memories/components/MemoriesSection.tsx	14	const	searchParams
openmemory/ui/app/memories/components/MemoriesSection.tsx	21	const	currentPage
openmemory/ui/app/memories/components/MemoriesSection.tsx	22	const	itemsPerPage
openmemory/ui/app/memories/components/MemoriesSection.tsx	29	const	loadMemories
openmemory/ui/app/memories/components/MemoriesSection.tsx	32	const	searchQuery
openmemory/ui/app/memories/components/MemoriesSection.tsx	33	const	result
openmemory/ui/app/memories/components/MemoriesSection.tsx	50	const	setCurrentPage
openmemory/ui/app/memories/components/MemoriesSection.tsx	51	const	params
openmemory/ui/app/memories/components/MemoriesSection.tsx	57	const	handlePageSizeChange
openmemory/ui/app/memories/components/MemoriesSection.tsx	58	const	params
openmemory/ui/app/memories/components/MemoryFilters.tsx	22	function	MemoryFilters
openmemory/ui/app/memories/components/MemoryFilters.tsx	23	const	dispatch
openmemory/ui/app/memories/components/MemoryFilters.tsx	24	const	selectedMemoryIds
openmemory/ui/app/memories/components/MemoryFilters.tsx	28	const	router
openmemory/ui/app/memories/components/MemoryFilters.tsx	29	const	searchParams
openmemory/ui/app/memories/components/MemoryFilters.tsx	30	const	activeFilters
openmemory/ui/app/memories/components/MemoryFilters.tsx	32	const	inputRef
openmemory/ui/app/memories/components/MemoryFilters.tsx	34	const	handleDeleteSelected
openmemory/ui/app/memories/components/MemoryFilters.tsx	43	const	handleArchiveSelected
openmemory/ui/app/memories/components/MemoryFilters.tsx	51	const	handlePauseSelected
openmemory/ui/app/memories/components/MemoryFilters.tsx	59	const	handleResumeSelected
openmemory/ui/app/memories/components/MemoryFilters.tsx	68	const	handleSearch
openmemory/ui/app/memories/components/MemoryFilters.tsx	82	const	handleClearAllFilters
openmemory/ui/app/memories/components/MemoryFilters.tsx	87	const	hasActiveFilters
openmemory/ui/app/memories/components/MemoryPagination.tsx	4	interface	MemoryPaginationProps
openmemory/ui/app/memories/components/MemoryPagination.tsx	10	function	MemoryPagination
openmemory/ui/app/memories/components/MemoryTable.tsx	52	function	MemoryTable
openmemory/ui/app/memories/components/MemoryTable.tsx	54	const	router
openmemory/ui/app/memories/components/MemoryTable.tsx	55	const	dispatch
openmemory/ui/app/memories/components/MemoryTable.tsx	56	const	selectedMemoryIds
openmemory/ui/app/memories/components/MemoryTable.tsx	59	const	memories
openmemory/ui/app/memories/components/MemoryTable.tsx	63	const	handleDeleteMemory
openmemory/ui/app/memories/components/MemoryTable.tsx	67	const	handleSelectAll
openmemory/ui/app/memories/components/MemoryTable.tsx	75	const	handleSelectMemory
openmemory/ui/app/memories/components/MemoryTable.tsx	84	const	handleEditMemory
openmemory/ui/app/memories/components/MemoryTable.tsx	88	const	handleUpdateMemoryState
openmemory/ui/app/memories/components/MemoryTable.tsx	100	const	isAllSelected
openmemory/ui/app/memories/components/MemoryTable.tsx	102	const	isPartiallySelected
openmemory/ui/app/memories/components/MemoryTable.tsx	105	const	handleMemoryClick
openmemory/ui/app/memories/components/MemoryTable.tsx	246	const	newState
openmemory/ui/app/memories/components/MemoryTable.tsx	266	const	newState
openmemory/ui/app/memories/components/PageSizeSelector.tsx	9	interface	PageSizeSelectorProps
openmemory/ui/app/memories/components/PageSizeSelector.tsx	14	function	PageSizeSelector
openmemory/ui/app/memories/components/PageSizeSelector.tsx	18	const	pageSizeOptions
openmemory/ui/app/memories/page.tsx	11	function	MemoriesPage
openmemory/ui/app/memories/page.tsx	12	const	router
openmemory/ui/app/memories/page.tsx	13	const	searchParams
openmemory/ui/app/memories/page.tsx	18	const	params
openmemory/ui/app/memory/[id]/components/AccessLog.tsx	9	interface	AccessLogEntry
openmemory/ui/app/memory/[id]/components/AccessLog.tsx	15	interface	AccessLogProps
openmemory/ui/app/memory/[id]/components/AccessLog.tsx	19	function	AccessLog
openmemory/ui/app/memory/[id]/components/AccessLog.tsx	21	const	accessEntries
openmemory/ui/app/memory/[id]/components/AccessLog.tsx	27	const	loadAccessLogs
openmemory/ui/app/memory/[id]/components/AccessLog.tsx	68	const	appConfig
openmemory/ui/app/memory/[id]/components/MemoryActions.tsx	14	interface	MemoryActionsProps
openmemory/ui/app/memory/[id]/components/MemoryActions.tsx	20	function	MemoryActions
openmemory/ui/app/memory/[id]/components/MemoryActions.tsx	28	const	handleEdit
openmemory/ui/app/memory/[id]/components/MemoryActions.tsx	32	const	handleStateChange
openmemory/ui/app/memory/[id]/components/MemoryActions.tsx	36	const	getStateLabel
openmemory/ui/app/memory/[id]/components/MemoryActions.tsx	47	const	getStateIcon
openmemory/ui/app/memory/[id]/components/MemoryDetails.tsx	16	interface	MemoryDetailsProps
openmemory/ui/app/memory/[id]/components/MemoryDetails.tsx	20	function	MemoryDetails
openmemory/ui/app/memory/[id]/components/MemoryDetails.tsx	21	const	router
openmemory/ui/app/memory/[id]/components/MemoryDetails.tsx	23	const	memory
openmemory/ui/app/memory/[id]/components/MemoryDetails.tsx	28	const	handleCopy
openmemory/ui/app/memory/[id]/components/RelatedMemories.tsx	9	interface	RelatedMemoriesProps
openmemory/ui/app/memory/[id]/components/RelatedMemories.tsx	13	function	RelatedMemories
openmemory/ui/app/memory/[id]/components/RelatedMemories.tsx	15	const	relatedMemories
openmemory/ui/app/memory/[id]/components/RelatedMemories.tsx	21	const	loadRelatedMemories
openmemory/ui/app/memory/[id]/page.tsx	15	function	MemoryContent
openmemory/ui/app/memory/[id]/page.tsx	17	const	memory
openmemory/ui/app/memory/[id]/page.tsx	22	const	loadMemory
openmemory/ui/app/memory/[id]/page.tsx	47	function	MemoryPage
openmemory/ui/app/memory/[id]/page.tsx	52	const	resolvedParams
openmemory/ui/app/not-found.tsx	5	interface	NotFoundProps
openmemory/ui/app/not-found.tsx	11	const	getStatusCode
openmemory/ui/app/not-found.tsx	12	const	possibleStatusCodes
openmemory/ui/app/not-found.tsx	13	const	potentialStatusCode
openmemory/ui/app/not-found.tsx	19	function	NotFound
openmemory/ui/app/not-found.tsx	24	const	potentialStatusCode
openmemory/ui/app/page.tsx	9	function	DashboardPage
openmemory/ui/app/providers.tsx	6	function	Providers
openmemory/ui/app/settings/page.tsx	26	function	SettingsPage
openmemory/ui/app/settings/page.tsx	28	const	configState
openmemory/ui/app/settings/page.tsx	40	const	loadConfig
openmemory/ui/app/settings/page.tsx	64	const	handleSave
openmemory/ui/app/settings/page.tsx	83	const	handleReset
openmemory/ui/components/Navbar.tsx	17	function	Navbar
openmemory/ui/components/Navbar.tsx	18	const	pathname
openmemory/ui/components/Navbar.tsx	20	const	memoriesApi
openmemory/ui/components/Navbar.tsx	21	const	appsApi
openmemory/ui/components/Navbar.tsx	22	const	statsApi
openmemory/ui/components/Navbar.tsx	23	const	configApi
openmemory/ui/components/Navbar.tsx	26	const	routeBasedFetchMapping
openmemory/ui/components/Navbar.tsx	64	const	getFetchersForPath
openmemory/ui/components/Navbar.tsx	66	const	match
openmemory/ui/components/Navbar.tsx	80	const	handleRefresh
openmemory/ui/components/Navbar.tsx	81	const	fetchers
openmemory/ui/components/Navbar.tsx	85	const	isActive
openmemory/ui/components/Navbar.tsx	90	const	activeClass
openmemory/ui/components/Navbar.tsx	91	const	inactiveClass
openmemory/ui/components/dashboard/Install.tsx	9	const	clientTabs
openmemory/ui/components/dashboard/Install.tsx	20	const	colorGradientMap
openmemory/ui/components/dashboard/Install.tsx	37	const	getColorGradient
openmemory/ui/components/dashboard/Install.tsx	44	const	allTabs
openmemory/ui/components/dashboard/Install.tsx	46	const	Install
openmemory/ui/components/dashboard/Install.tsx	48	const	user
openmemory/ui/components/dashboard/Install.tsx	50	const	URL
openmemory/ui/components/dashboard/Install.tsx	52	const	handleCopy
openmemory/ui/components/dashboard/Install.tsx	53	const	text
openmemory/ui/components/dashboard/Install.tsx	63	const	textarea
openmemory/ui/components/dashboard/Stats.tsx	7	const	Stats
openmemory/ui/components/dashboard/Stats.tsx	8	const	totalMemories
openmemory/ui/components/dashboard/Stats.tsx	11	const	totalApps
openmemory/ui/components/dashboard/Stats.tsx	12	const	apps
openmemory/ui/components/form-view.tsx	17	interface	FormViewProps
openmemory/ui/components/form-view.tsx	22	function	FormView
openmemory/ui/components/form-view.tsx	28	const	fileInputRef
openmemory/ui/components/form-view.tsx	29	const	API_URL
openmemory/ui/components/form-view.tsx	30	const	userId
openmemory/ui/components/form-view.tsx	32	const	handleOpenMemoryChange
openmemory/ui/components/form-view.tsx	42	const	handleLlmProviderChange
openmemory/ui/components/form-view.tsx	55	const	handleLlmConfigChange
openmemory/ui/components/form-view.tsx	71	const	handleEmbedderProviderChange
openmemory/ui/components/form-view.tsx	84	const	handleEmbedderConfigChange
openmemory/ui/components/form-view.tsx	100	const	needsLlmApiKey
openmemory/ui/components/form-view.tsx	101	const	needsEmbedderApiKey
openmemory/ui/components/form-view.tsx	102	const	isLlmOllama
openmemory/ui/components/form-view.tsx	103	const	isEmbedderOllama
openmemory/ui/components/form-view.tsx	105	const	LLM_PROVIDERS
openmemory/ui/components/form-view.tsx	123	const	EMBEDDER_PROVIDERS
openmemory/ui/components/form-view.tsx	372	const	res
openmemory/ui/components/form-view.tsx	378	const	blob
openmemory/ui/components/form-view.tsx	379	const	url
openmemory/ui/components/form-view.tsx	380	const	a
openmemory/ui/components/form-view.tsx	409	const	f
openmemory/ui/components/form-view.tsx	432	const	file
openmemory/ui/components/form-view.tsx	436	const	form
openmemory/ui/components/form-view.tsx	439	const	res
openmemory/ui/components/json-editor.tsx	11	interface	JsonEditorProps
openmemory/ui/components/json-editor.tsx	16	function	JsonEditor
openmemory/ui/components/json-editor.tsx	32	const	handleTextChange
openmemory/ui/components/json-editor.tsx	44	const	handleApply
openmemory/ui/components/json-editor.tsx	46	const	parsed
openmemory/ui/components/shared/categories.tsx	35	type	Category
openmemory/ui/components/shared/categories.tsx	37	const	defaultIcon
openmemory/ui/components/shared/categories.tsx	39	const	iconMap
openmemory/ui/components/shared/categories.tsx	80	const	getClosestIcon
openmemory/ui/components/shared/categories.tsx	81	const	normalized
openmemory/ui/components/shared/categories.tsx	87	const	keyTokens
openmemory/ui/components/shared/categories.tsx	88	const	matchScore
openmemory/ui/components/shared/categories.tsx	101	const	getColor
openmemory/ui/components/shared/categories.tsx	102	const	l
openmemory/ui/components/shared/categories.tsx	132	const	Categories
openmemory/ui/components/shared/categories.tsx	145	const	baseBadgeStyle
openmemory/ui/components/shared/categories.tsx	147	const	pausedStyle
openmemory/ui/components/shared/categories.tsx	151	const	remainingCount
openmemory/ui/components/shared/source-app.tsx	5	const	Icon
openmemory/ui/components/shared/source-app.tsx	13	const	constants
openmemory/ui/components/shared/source-app.tsx	66	const	SourceApp
openmemory/ui/components/shared/update-memory.tsx	20	interface	UpdateMemoryProps
openmemory/ui/components/shared/update-memory.tsx	27	const	UpdateMemory
openmemory/ui/components/shared/update-memory.tsx	35	const	textRef
openmemory/ui/components/shared/update-memory.tsx	36	const	pathname
openmemory/ui/components/shared/update-memory.tsx	38	const	handleUpdateMemory
openmemory/ui/components/theme-provider.tsx	6	type	ThemeProviderProps
openmemory/ui/components/theme-provider.tsx	9	function	ThemeProvider
openmemory/ui/components/types.ts	1	type	Category
openmemory/ui/components/types.ts	2	type	Client
openmemory/ui/components/types.ts	4	interface	Memory
openmemory/ui/components/ui/accordion.tsx	9	const	Accordion
openmemory/ui/components/ui/accordion.tsx	11	const	AccordionItem
openmemory/ui/components/ui/accordion.tsx	23	const	AccordionTrigger
openmemory/ui/components/ui/accordion.tsx	43	const	AccordionContent
openmemory/ui/components/ui/alert-dialog.tsx	9	const	AlertDialog
openmemory/ui/components/ui/alert-dialog.tsx	11	const	AlertDialogTrigger
openmemory/ui/components/ui/alert-dialog.tsx	13	const	AlertDialogPortal
openmemory/ui/components/ui/alert-dialog.tsx	15	const	AlertDialogOverlay
openmemory/ui/components/ui/alert-dialog.tsx	30	const	AlertDialogContent
openmemory/ui/components/ui/alert-dialog.tsx	48	const	AlertDialogHeader
openmemory/ui/components/ui/alert-dialog.tsx	62	const	AlertDialogFooter
openmemory/ui/components/ui/alert-dialog.tsx	76	const	AlertDialogTitle
openmemory/ui/components/ui/alert-dialog.tsx	88	const	AlertDialogDescription
openmemory/ui/components/ui/alert-dialog.tsx	101	const	AlertDialogAction
openmemory/ui/components/ui/alert-dialog.tsx	113	const	AlertDialogCancel
openmemory/ui/components/ui/alert.tsx	6	const	alertVariants
openmemory/ui/components/ui/alert.tsx	22	const	Alert
openmemory/ui/components/ui/alert.tsx	35	const	AlertTitle
openmemory/ui/components/ui/alert.tsx	47	const	AlertDescription
openmemory/ui/components/ui/aspect-ratio.tsx	5	const	AspectRatio
openmemory/ui/components/ui/avatar.tsx	8	const	Avatar
openmemory/ui/components/ui/avatar.tsx	23	const	AvatarImage
openmemory/ui/components/ui/avatar.tsx	35	const	AvatarFallback
openmemory/ui/components/ui/badge.tsx	6	const	badgeVariants
openmemory/ui/components/ui/badge.tsx	26	interface	BadgeProps
openmemory/ui/components/ui/badge.tsx	30	function	Badge
openmemory/ui/components/ui/breadcrumb.tsx	7	const	Breadcrumb
openmemory/ui/components/ui/breadcrumb.tsx	15	const	BreadcrumbList
openmemory/ui/components/ui/breadcrumb.tsx	30	const	BreadcrumbItem
openmemory/ui/components/ui/breadcrumb.tsx	42	const	BreadcrumbLink
openmemory/ui/components/ui/breadcrumb.tsx	48	const	Comp
openmemory/ui/components/ui/breadcrumb.tsx	60	const	BreadcrumbPage
openmemory/ui/components/ui/breadcrumb.tsx	75	const	BreadcrumbSeparator
openmemory/ui/components/ui/breadcrumb.tsx	91	const	BreadcrumbEllipsis
openmemory/ui/components/ui/button.tsx	7	const	buttonVariants
openmemory/ui/components/ui/button.tsx	36	interface	ButtonProps
openmemory/ui/components/ui/button.tsx	42	const	Button
openmemory/ui/components/ui/button.tsx	44	const	Comp
openmemory/ui/components/ui/calendar.tsx	10	type	CalendarProps
openmemory/ui/components/ui/calendar.tsx	12	function	Calendar
openmemory/ui/components/ui/card.tsx	5	const	Card
openmemory/ui/components/ui/card.tsx	20	const	CardHeader
openmemory/ui/components/ui/card.tsx	32	const	CardTitle
openmemory/ui/components/ui/card.tsx	47	const	CardDescription
openmemory/ui/components/ui/card.tsx	59	const	CardContent
openmemory/ui/components/ui/card.tsx	67	const	CardFooter
openmemory/ui/components/ui/carousel.tsx	5	type	UseEmblaCarouselType
openmemory/ui/components/ui/carousel.tsx	12	type	CarouselApi
openmemory/ui/components/ui/carousel.tsx	13	type	UseCarouselParameters
openmemory/ui/components/ui/carousel.tsx	14	type	CarouselOptions
openmemory/ui/components/ui/carousel.tsx	15	type	CarouselPlugin
openmemory/ui/components/ui/carousel.tsx	17	type	CarouselProps
openmemory/ui/components/ui/carousel.tsx	24	type	CarouselContextProps
openmemory/ui/components/ui/carousel.tsx	33	const	CarouselContext
openmemory/ui/components/ui/carousel.tsx	35	function	useCarousel
openmemory/ui/components/ui/carousel.tsx	36	const	context
openmemory/ui/components/ui/carousel.tsx	45	const	Carousel
openmemory/ui/components/ui/carousel.tsx	71	const	onSelect
openmemory/ui/components/ui/carousel.tsx	80	const	scrollPrev
openmemory/ui/components/ui/carousel.tsx	84	const	scrollNext
openmemory/ui/components/ui/carousel.tsx	88	const	handleKeyDown
openmemory/ui/components/ui/carousel.tsx	153	const	CarouselContent
openmemory/ui/components/ui/carousel.tsx	175	const	CarouselItem
openmemory/ui/components/ui/carousel.tsx	197	const	CarouselPrevious
openmemory/ui/components/ui/carousel.tsx	226	const	CarouselNext
openmemory/ui/components/ui/carousel.tsx	256	type	CarouselApi
openmemory/ui/components/ui/chart.tsx	9	const	THEMES
openmemory/ui/components/ui/chart.tsx	11	type	ChartConfig
openmemory/ui/components/ui/chart.tsx	21	type	ChartContextProps
openmemory/ui/components/ui/chart.tsx	25	const	ChartContext
openmemory/ui/components/ui/chart.tsx	27	function	useChart
openmemory/ui/components/ui/chart.tsx	28	const	context
openmemory/ui/components/ui/chart.tsx	37	const	ChartContainer
openmemory/ui/components/ui/chart.tsx	46	const	uniqueId
openmemory/ui/components/ui/chart.tsx	47	const	chartId
openmemory/ui/components/ui/chart.tsx	70	const	ChartStyle
openmemory/ui/components/ui/chart.tsx	71	const	colorConfig
openmemory/ui/components/ui/chart.tsx	88	const	color
openmemory/ui/components/ui/chart.tsx	103	const	ChartTooltip
openmemory/ui/components/ui/chart.tsx	105	const	ChartTooltipContent
openmemory/ui/components/ui/chart.tsx	136	const	tooltipLabel
openmemory/ui/components/ui/chart.tsx	142	const	key
openmemory/ui/components/ui/chart.tsx	143	const	itemConfig
openmemory/ui/components/ui/chart.tsx	144	const	value
openmemory/ui/components/ui/chart.tsx	176	const	nestLabel
openmemory/ui/components/ui/chart.tsx	189	const	key
openmemory/ui/components/ui/chart.tsx	190	const	itemConfig
openmemory/ui/components/ui/chart.tsx	191	const	indicatorColor
openmemory/ui/components/ui/chart.tsx	259	const	ChartLegend
openmemory/ui/components/ui/chart.tsx	261	const	ChartLegendContent
openmemory/ui/components/ui/chart.tsx	289	const	key
openmemory/ui/components/ui/chart.tsx	290	const	itemConfig
openmemory/ui/components/ui/chart.tsx	320	function	getPayloadConfigFromPayload
openmemory/ui/components/ui/chart.tsx	329	const	payloadPayload
openmemory/ui/components/ui/checkbox.tsx	9	const	Checkbox
openmemory/ui/components/ui/collapsible.tsx	5	const	Collapsible
openmemory/ui/components/ui/collapsible.tsx	7	const	CollapsibleTrigger
openmemory/ui/components/ui/collapsible.tsx	9	const	CollapsibleContent
openmemory/ui/components/ui/command.tsx	11	const	Command
openmemory/ui/components/ui/command.tsx	26	const	CommandDialog
openmemory/ui/components/ui/command.tsx	38	const	CommandInput
openmemory/ui/components/ui/command.tsx	57	const	CommandList
openmemory/ui/components/ui/command.tsx	70	const	CommandEmpty
openmemory/ui/components/ui/command.tsx	83	const	CommandGroup
openmemory/ui/components/ui/command.tsx	99	const	CommandSeparator
openmemory/ui/components/ui/command.tsx	111	const	CommandItem
openmemory/ui/components/ui/command.tsx	127	const	CommandShortcut
openmemory/ui/components/ui/context-menu.tsx	9	const	ContextMenu
openmemory/ui/components/ui/context-menu.tsx	11	const	ContextMenuTrigger
openmemory/ui/components/ui/context-menu.tsx	13	const	ContextMenuGroup
openmemory/ui/components/ui/context-menu.tsx	15	const	ContextMenuPortal
openmemory/ui/components/ui/context-menu.tsx	17	const	ContextMenuSub
openmemory/ui/components/ui/context-menu.tsx	19	const	ContextMenuRadioGroup
openmemory/ui/components/ui/context-menu.tsx	21	const	ContextMenuSubTrigger
openmemory/ui/components/ui/context-menu.tsx	42	const	ContextMenuSubContent
openmemory/ui/components/ui/context-menu.tsx	57	const	ContextMenuContent
openmemory/ui/components/ui/context-menu.tsx	74	const	ContextMenuItem
openmemory/ui/components/ui/context-menu.tsx	92	const	ContextMenuCheckboxItem
openmemory/ui/components/ui/context-menu.tsx	116	const	ContextMenuRadioItem
openmemory/ui/components/ui/context-menu.tsx	138	const	ContextMenuLabel
openmemory/ui/components/ui/context-menu.tsx	156	const	ContextMenuSeparator
openmemory/ui/components/ui/context-menu.tsx	168	const	ContextMenuShortcut
openmemory/ui/components/ui/dialog.tsx	9	const	Dialog
openmemory/ui/components/ui/dialog.tsx	11	const	DialogTrigger
openmemory/ui/components/ui/dialog.tsx	13	const	DialogPortal
openmemory/ui/components/ui/dialog.tsx	15	const	DialogClose
openmemory/ui/components/ui/dialog.tsx	17	const	DialogOverlay
openmemory/ui/components/ui/dialog.tsx	32	const	DialogContent
openmemory/ui/components/ui/dialog.tsx	56	const	DialogHeader
openmemory/ui/components/ui/dialog.tsx	70	const	DialogFooter
openmemory/ui/components/ui/dialog.tsx	84	const	DialogTitle
openmemory/ui/components/ui/dialog.tsx	99	const	DialogDescription
openmemory/ui/components/ui/drawer.tsx	8	const	Drawer
openmemory/ui/components/ui/drawer.tsx	19	const	DrawerTrigger
openmemory/ui/components/ui/drawer.tsx	21	const	DrawerPortal
openmemory/ui/components/ui/drawer.tsx	23	const	DrawerClose
openmemory/ui/components/ui/drawer.tsx	25	const	DrawerOverlay
openmemory/ui/components/ui/drawer.tsx	37	const	DrawerContent
openmemory/ui/components/ui/drawer.tsx	58	const	DrawerHeader
openmemory/ui/components/ui/drawer.tsx	69	const	DrawerFooter
openmemory/ui/components/ui/drawer.tsx	80	const	DrawerTitle
openmemory/ui/components/ui/drawer.tsx	95	const	DrawerDescription
openmemory/ui/components/ui/dropdown-menu.tsx	9	const	DropdownMenu
openmemory/ui/components/ui/dropdown-menu.tsx	11	const	DropdownMenuTrigger
openmemory/ui/components/ui/dropdown-menu.tsx	13	const	DropdownMenuGroup
openmemory/ui/components/ui/dropdown-menu.tsx	15	const	DropdownMenuPortal
openmemory/ui/components/ui/dropdown-menu.tsx	17	const	DropdownMenuSub
openmemory/ui/components/ui/dropdown-menu.tsx	19	const	DropdownMenuRadioGroup
openmemory/ui/components/ui/dropdown-menu.tsx	21	const	DropdownMenuSubTrigger
openmemory/ui/components/ui/dropdown-menu.tsx	43	const	DropdownMenuSubContent
openmemory/ui/components/ui/dropdown-menu.tsx	59	const	DropdownMenuContent
openmemory/ui/components/ui/dropdown-menu.tsx	77	const	DropdownMenuItem
openmemory/ui/components/ui/dropdown-menu.tsx	95	const	DropdownMenuCheckboxItem
openmemory/ui/components/ui/dropdown-menu.tsx	119	const	DropdownMenuRadioItem
openmemory/ui/components/ui/dropdown-menu.tsx	141	const	DropdownMenuLabel
openmemory/ui/components/ui/dropdown-menu.tsx	159	const	DropdownMenuSeparator
openmemory/ui/components/ui/dropdown-menu.tsx	171	const	DropdownMenuShortcut
openmemory/ui/components/ui/form.tsx	18	const	Form
openmemory/ui/components/ui/form.tsx	20	type	FormFieldContextValue
openmemory/ui/components/ui/form.tsx	27	const	FormFieldContext
openmemory/ui/components/ui/form.tsx	31	const	FormField
openmemory/ui/components/ui/form.tsx	44	const	useFormField
openmemory/ui/components/ui/form.tsx	45	const	fieldContext
openmemory/ui/components/ui/form.tsx	46	const	itemContext
openmemory/ui/components/ui/form.tsx	49	const	fieldState
openmemory/ui/components/ui/form.tsx	67	type	FormItemContextValue
openmemory/ui/components/ui/form.tsx	71	const	FormItemContext
openmemory/ui/components/ui/form.tsx	75	const	FormItem
openmemory/ui/components/ui/form.tsx	79	const	id
openmemory/ui/components/ui/form.tsx	89	const	FormLabel
openmemory/ui/components/ui/form.tsx	106	const	FormControl
openmemory/ui/components/ui/form.tsx	128	const	FormDescription
openmemory/ui/components/ui/form.tsx	145	const	FormMessage
openmemory/ui/components/ui/form.tsx	150	const	body
openmemory/ui/components/ui/hover-card.tsx	8	const	HoverCard
openmemory/ui/components/ui/hover-card.tsx	10	const	HoverCardTrigger
openmemory/ui/components/ui/hover-card.tsx	12	const	HoverCardContent
openmemory/ui/components/ui/input-otp.tsx	9	const	InputOTP
openmemory/ui/components/ui/input-otp.tsx	25	const	InputOTPGroup
openmemory/ui/components/ui/input-otp.tsx	33	const	InputOTPSlot
openmemory/ui/components/ui/input-otp.tsx	37	const	inputOTPContext
openmemory/ui/components/ui/input-otp.tsx	61	const	InputOTPSeparator
openmemory/ui/components/ui/input.tsx	5	const	Input
openmemory/ui/components/ui/label.tsx	9	const	labelVariants
openmemory/ui/components/ui/label.tsx	13	const	Label
openmemory/ui/components/ui/menubar.tsx	9	const	MenubarMenu
openmemory/ui/components/ui/menubar.tsx	11	const	MenubarGroup
openmemory/ui/components/ui/menubar.tsx	13	const	MenubarPortal
openmemory/ui/components/ui/menubar.tsx	15	const	MenubarSub
openmemory/ui/components/ui/menubar.tsx	17	const	MenubarRadioGroup
openmemory/ui/components/ui/menubar.tsx	19	const	Menubar
openmemory/ui/components/ui/menubar.tsx	34	const	MenubarTrigger
openmemory/ui/components/ui/menubar.tsx	49	const	MenubarSubTrigger
openmemory/ui/components/ui/menubar.tsx	70	const	MenubarSubContent
openmemory/ui/components/ui/menubar.tsx	85	const	MenubarContent
openmemory/ui/components/ui/menubar.tsx	110	const	MenubarItem
openmemory/ui/components/ui/menubar.tsx	128	const	MenubarCheckboxItem
openmemory/ui/components/ui/menubar.tsx	151	const	MenubarRadioItem
openmemory/ui/components/ui/menubar.tsx	173	const	MenubarLabel
openmemory/ui/components/ui/menubar.tsx	191	const	MenubarSeparator
openmemory/ui/components/ui/menubar.tsx	203	const	MenubarShortcut
openmemory/ui/components/ui/navigation-menu.tsx	8	const	NavigationMenu
openmemory/ui/components/ui/navigation-menu.tsx	26	const	NavigationMenuList
openmemory/ui/components/ui/navigation-menu.tsx	41	const	NavigationMenuItem
openmemory/ui/components/ui/navigation-menu.tsx	43	const	navigationMenuTriggerStyle
openmemory/ui/components/ui/navigation-menu.tsx	47	const	NavigationMenuTrigger
openmemory/ui/components/ui/navigation-menu.tsx	65	const	NavigationMenuContent
openmemory/ui/components/ui/navigation-menu.tsx	80	const	NavigationMenuLink
openmemory/ui/components/ui/navigation-menu.tsx	82	const	NavigationMenuViewport
openmemory/ui/components/ui/navigation-menu.tsx	100	const	NavigationMenuIndicator
openmemory/ui/components/ui/pagination.tsx	7	const	Pagination
openmemory/ui/components/ui/pagination.tsx	17	const	PaginationContent
openmemory/ui/components/ui/pagination.tsx	29	const	PaginationItem
openmemory/ui/components/ui/pagination.tsx	37	type	PaginationLinkProps
openmemory/ui/components/ui/pagination.tsx	42	const	PaginationLink
openmemory/ui/components/ui/pagination.tsx	62	const	PaginationPrevious
openmemory/ui/components/ui/pagination.tsx	78	const	PaginationNext
openmemory/ui/components/ui/pagination.tsx	94	const	PaginationEllipsis
openmemory/ui/components/ui/popover.tsx	8	const	Popover
openmemory/ui/components/ui/popover.tsx	10	const	PopoverTrigger
openmemory/ui/components/ui/popover.tsx	12	const	PopoverContent
openmemory/ui/components/ui/progress.tsx	8	const	Progress
openmemory/ui/components/ui/radio-group.tsx	9	const	RadioGroup
openmemory/ui/components/ui/radio-group.tsx	23	const	RadioGroupItem
openmemory/ui/components/ui/resizable.tsx	8	const	ResizablePanelGroup
openmemory/ui/components/ui/resizable.tsx	21	const	ResizablePanel
openmemory/ui/components/ui/resizable.tsx	23	const	ResizableHandle
openmemory/ui/components/ui/scroll-area.tsx	8	const	ScrollArea
openmemory/ui/components/ui/scroll-area.tsx	26	const	ScrollBar
openmemory/ui/components/ui/select.tsx	9	const	Select
openmemory/ui/components/ui/select.tsx	11	const	SelectGroup
openmemory/ui/components/ui/select.tsx	13	const	SelectValue
openmemory/ui/components/ui/select.tsx	15	const	SelectTrigger
openmemory/ui/components/ui/select.tsx	35	const	SelectScrollUpButton
openmemory/ui/components/ui/select.tsx	52	const	SelectScrollDownButton
openmemory/ui/components/ui/select.tsx	70	const	SelectContent
openmemory/ui/components/ui/select.tsx	102	const	SelectLabel
openmemory/ui/components/ui/select.tsx	114	const	SelectItem
openmemory/ui/components/ui/select.tsx	137	const	SelectSeparator
openmemory/ui/components/ui/separator.tsx	8	const	Separator
openmemory/ui/components/ui/sheet.tsx	10	const	Sheet
openmemory/ui/components/ui/sheet.tsx	12	const	SheetTrigger
openmemory/ui/components/ui/sheet.tsx	14	const	SheetClose
openmemory/ui/components/ui/sheet.tsx	16	const	SheetPortal
openmemory/ui/components/ui/sheet.tsx	18	const	SheetOverlay
openmemory/ui/components/ui/sheet.tsx	33	const	sheetVariants
openmemory/ui/components/ui/sheet.tsx	52	interface	SheetContentProps
openmemory/ui/components/ui/sheet.tsx	56	const	SheetContent
openmemory/ui/components/ui/sheet.tsx	77	const	SheetHeader
openmemory/ui/components/ui/sheet.tsx	91	const	SheetFooter
openmemory/ui/components/ui/sheet.tsx	105	const	SheetTitle
openmemory/ui/components/ui/sheet.tsx	117	const	SheetDescription
openmemory/ui/components/ui/sidebar.tsx	22	const	SIDEBAR_COOKIE_NAME
openmemory/ui/components/ui/sidebar.tsx	23	const	SIDEBAR_COOKIE_MAX_AGE
openmemory/ui/components/ui/sidebar.tsx	24	const	SIDEBAR_WIDTH
openmemory/ui/components/ui/sidebar.tsx	25	const	SIDEBAR_WIDTH_MOBILE
openmemory/ui/components/ui/sidebar.tsx	26	const	SIDEBAR_WIDTH_ICON
openmemory/ui/components/ui/sidebar.tsx	27	const	SIDEBAR_KEYBOARD_SHORTCUT
openmemory/ui/components/ui/sidebar.tsx	29	type	SidebarContext
openmemory/ui/components/ui/sidebar.tsx	39	const	SidebarContext
openmemory/ui/components/ui/sidebar.tsx	41	function	useSidebar
openmemory/ui/components/ui/sidebar.tsx	42	const	context
openmemory/ui/components/ui/sidebar.tsx	50	const	SidebarProvider
openmemory/ui/components/ui/sidebar.tsx	70	const	isMobile
openmemory/ui/components/ui/sidebar.tsx	76	const	open
openmemory/ui/components/ui/sidebar.tsx	77	const	setOpen
openmemory/ui/components/ui/sidebar.tsx	79	const	openState
openmemory/ui/components/ui/sidebar.tsx	93	const	toggleSidebar
openmemory/ui/components/ui/sidebar.tsx	101	const	handleKeyDown
openmemory/ui/components/ui/sidebar.tsx	117	const	state
openmemory/ui/components/ui/sidebar.tsx	119	const	contextValue
openmemory/ui/components/ui/sidebar.tsx	159	const	Sidebar
openmemory/ui/components/ui/sidebar.tsx	262	const	SidebarTrigger
openmemory/ui/components/ui/sidebar.tsx	288	const	SidebarRail
openmemory/ui/components/ui/sidebar.tsx	317	const	SidebarInset
openmemory/ui/components/ui/sidebar.tsx	335	const	SidebarInput
openmemory/ui/components/ui/sidebar.tsx	353	const	SidebarHeader
openmemory/ui/components/ui/sidebar.tsx	368	const	SidebarFooter
openmemory/ui/components/ui/sidebar.tsx	383	const	SidebarSeparator
openmemory/ui/components/ui/sidebar.tsx	398	const	SidebarContent
openmemory/ui/components/ui/sidebar.tsx	416	const	SidebarGroup
openmemory/ui/components/ui/sidebar.tsx	431	const	SidebarGroupLabel
openmemory/ui/components/ui/sidebar.tsx	435	const	Comp
openmemory/ui/components/ui/sidebar.tsx	452	const	SidebarGroupAction
openmemory/ui/components/ui/sidebar.tsx	456	const	Comp
openmemory/ui/components/ui/sidebar.tsx	475	const	SidebarGroupContent
openmemory/ui/components/ui/sidebar.tsx	488	const	SidebarMenu
openmemory/ui/components/ui/sidebar.tsx	501	const	SidebarMenuItem
openmemory/ui/components/ui/sidebar.tsx	514	const	sidebarMenuButtonVariants
openmemory/ui/components/ui/sidebar.tsx	536	const	SidebarMenuButton
openmemory/ui/components/ui/sidebar.tsx	556	const	Comp
openmemory/ui/components/ui/sidebar.tsx	559	const	button
openmemory/ui/components/ui/sidebar.tsx	595	const	SidebarMenuAction
openmemory/ui/components/ui/sidebar.tsx	602	const	Comp
openmemory/ui/components/ui/sidebar.tsx	626	const	SidebarMenuBadge
openmemory/ui/components/ui/sidebar.tsx	647	const	SidebarMenuSkeleton
openmemory/ui/components/ui/sidebar.tsx	654	const	width
openmemory/ui/components/ui/sidebar.tsx	685	const	SidebarMenuSub
openmemory/ui/components/ui/sidebar.tsx	702	const	SidebarMenuSubItem
openmemory/ui/components/ui/sidebar.tsx	708	const	SidebarMenuSubButton
openmemory/ui/components/ui/sidebar.tsx	716	const	Comp
openmemory/ui/components/ui/skeleton.tsx	3	function	Skeleton
openmemory/ui/components/ui/slider.tsx	8	const	Slider
openmemory/ui/components/ui/sonner.tsx	6	type	ToasterProps
openmemory/ui/components/ui/sonner.tsx	8	const	Toaster
openmemory/ui/components/ui/switch.tsx	8	const	Switch
openmemory/ui/components/ui/table.tsx	5	const	Table
openmemory/ui/components/ui/table.tsx	19	const	TableHeader
openmemory/ui/components/ui/table.tsx	27	const	TableBody
openmemory/ui/components/ui/table.tsx	39	const	TableFooter
openmemory/ui/components/ui/table.tsx	54	const	TableRow
openmemory/ui/components/ui/table.tsx	69	const	TableHead
openmemory/ui/components/ui/table.tsx	84	const	TableCell
openmemory/ui/components/ui/table.tsx	96	const	TableCaption
openmemory/ui/components/ui/tabs.tsx	8	const	Tabs
openmemory/ui/components/ui/tabs.tsx	10	const	TabsList
openmemory/ui/components/ui/tabs.tsx	25	const	TabsTrigger
openmemory/ui/components/ui/tabs.tsx	40	const	TabsContent
openmemory/ui/components/ui/textarea.tsx	5	const	Textarea
openmemory/ui/components/ui/toast.tsx	10	const	ToastProvider
openmemory/ui/components/ui/toast.tsx	12	const	ToastViewport
openmemory/ui/components/ui/toast.tsx	27	const	toastVariants
openmemory/ui/components/ui/toast.tsx	43	const	Toast
openmemory/ui/components/ui/toast.tsx	58	const	ToastAction
openmemory/ui/components/ui/toast.tsx	73	const	ToastClose
openmemory/ui/components/ui/toast.tsx	91	const	ToastTitle
openmemory/ui/components/ui/toast.tsx	103	const	ToastDescription
openmemory/ui/components/ui/toast.tsx	115	type	ToastProps
openmemory/ui/components/ui/toast.tsx	117	type	ToastActionElement
openmemory/ui/components/ui/toast.tsx	120	type	ToastProps
openmemory/ui/components/ui/toast.tsx	121	type	ToastActionElement
openmemory/ui/components/ui/toaster.tsx	13	function	Toaster
openmemory/ui/components/ui/toggle-group.tsx	10	const	ToggleGroupContext
openmemory/ui/components/ui/toggle-group.tsx	17	const	ToggleGroup
openmemory/ui/components/ui/toggle-group.tsx	35	const	ToggleGroupItem
openmemory/ui/components/ui/toggle-group.tsx	40	const	context
openmemory/ui/components/ui/toggle.tsx	9	const	toggleVariants
openmemory/ui/components/ui/toggle.tsx	31	const	Toggle
openmemory/ui/components/ui/tooltip.tsx	8	const	TooltipProvider
openmemory/ui/components/ui/tooltip.tsx	10	const	Tooltip
openmemory/ui/components/ui/tooltip.tsx	12	const	TooltipTrigger
openmemory/ui/components/ui/tooltip.tsx	14	const	TooltipContent
openmemory/ui/components/ui/use-mobile.tsx	3	const	MOBILE_BREAKPOINT
openmemory/ui/components/ui/use-mobile.tsx	5	function	useIsMobile
openmemory/ui/components/ui/use-mobile.tsx	9	const	mql
openmemory/ui/components/ui/use-mobile.tsx	10	const	onChange
openmemory/ui/components/ui/use-toast.ts	11	const	TOAST_LIMIT
openmemory/ui/components/ui/use-toast.ts	12	const	TOAST_REMOVE_DELAY
openmemory/ui/components/ui/use-toast.ts	14	type	ToasterToast
openmemory/ui/components/ui/use-toast.ts	21	const	actionTypes
openmemory/ui/components/ui/use-toast.ts	30	function	genId
openmemory/ui/components/ui/use-toast.ts	35	type	ActionType
openmemory/ui/components/ui/use-toast.ts	37	type	Action
openmemory/ui/components/ui/use-toast.ts	55	interface	State
openmemory/ui/components/ui/use-toast.ts	59	const	toastTimeouts
openmemory/ui/components/ui/use-toast.ts	61	const	addToRemoveQueue
openmemory/ui/components/ui/use-toast.ts	66	const	timeout
openmemory/ui/components/ui/use-toast.ts	77	const	reducer
openmemory/ui/components/ui/use-toast.ts	132	const	listeners
openmemory/ui/components/ui/use-toast.ts	136	function	dispatch
openmemory/ui/components/ui/use-toast.ts	143	type	Toast
openmemory/ui/components/ui/use-toast.ts	145	function	toast
openmemory/ui/components/ui/use-toast.ts	146	const	id
openmemory/ui/components/ui/use-toast.ts	148	const	update
openmemory/ui/components/ui/use-toast.ts	153	const	dismiss
openmemory/ui/components/ui/use-toast.ts	174	function	useToast
openmemory/ui/components/ui/use-toast.ts	180	const	index
openmemory/ui/hooks/use-mobile.tsx	3	const	MOBILE_BREAKPOINT
openmemory/ui/hooks/use-mobile.tsx	5	function	useIsMobile
openmemory/ui/hooks/use-mobile.tsx	9	const	mql
openmemory/ui/hooks/use-mobile.tsx	10	const	onChange
openmemory/ui/hooks/use-toast.ts	11	const	TOAST_LIMIT
openmemory/ui/hooks/use-toast.ts	12	const	TOAST_REMOVE_DELAY
openmemory/ui/hooks/use-toast.ts	14	type	ToasterToast
openmemory/ui/hooks/use-toast.ts	21	const	actionTypes
openmemory/ui/hooks/use-toast.ts	30	function	genId
openmemory/ui/hooks/use-toast.ts	35	type	ActionType
openmemory/ui/hooks/use-toast.ts	37	type	Action
openmemory/ui/hooks/use-toast.ts	55	interface	State
openmemory/ui/hooks/use-toast.ts	59	const	toastTimeouts
openmemory/ui/hooks/use-toast.ts	61	const	addToRemoveQueue
openmemory/ui/hooks/use-toast.ts	66	const	timeout
openmemory/ui/hooks/use-toast.ts	77	const	reducer
openmemory/ui/hooks/use-toast.ts	132	const	listeners
openmemory/ui/hooks/use-toast.ts	136	function	dispatch
openmemory/ui/hooks/use-toast.ts	143	type	Toast
openmemory/ui/hooks/use-toast.ts	145	function	toast
openmemory/ui/hooks/use-toast.ts	146	const	id
openmemory/ui/hooks/use-toast.ts	148	const	update
openmemory/ui/hooks/use-toast.ts	153	const	dismiss
openmemory/ui/hooks/use-toast.ts	174	function	useToast
openmemory/ui/hooks/use-toast.ts	180	const	index
openmemory/ui/hooks/useAppsApi.ts	24	interface	ApiResponse
openmemory/ui/hooks/useAppsApi.ts	31	interface	MemoriesResponse
openmemory/ui/hooks/useAppsApi.ts	38	interface	AccessedMemoriesResponse
openmemory/ui/hooks/useAppsApi.ts	45	interface	FetchAppsParams
openmemory/ui/hooks/useAppsApi.ts	54	interface	UseAppsApiReturn
openmemory/ui/hooks/useAppsApi.ts	64	const	useAppsApi
openmemory/ui/hooks/useAppsApi.ts	67	const	dispatch
openmemory/ui/hooks/useAppsApi.ts	68	const	user_id
openmemory/ui/hooks/useAppsApi.ts	70	const	URL
openmemory/ui/hooks/useAppsApi.ts	72	const	fetchApps
openmemory/ui/hooks/useAppsApi.ts	85	const	queryParams
openmemory/ui/hooks/useAppsApi.ts	95	const	response
openmemory/ui/hooks/useAppsApi.ts	106	const	errorMessage
openmemory/ui/hooks/useAppsApi.ts	114	const	fetchAppDetails
openmemory/ui/hooks/useAppsApi.ts	118	const	response
openmemory/ui/hooks/useAppsApi.ts	124	const	errorMessage
openmemory/ui/hooks/useAppsApi.ts	132	const	fetchAppMemories
openmemory/ui/hooks/useAppsApi.ts	136	const	response
openmemory/ui/hooks/useAppsApi.ts	146	const	errorMessage
openmemory/ui/hooks/useAppsApi.ts	153	const	fetchAppAccessedMemories
openmemory/ui/hooks/useAppsApi.ts	157	const	response
openmemory/ui/hooks/useAppsApi.ts	167	const	errorMessage
openmemory/ui/hooks/useAppsApi.ts	174	const	updateAppDetails
openmemory/ui/hooks/useAppsApi.ts	177	const	response
openmemory/ui/hooks/useConfig.ts	19	interface	UseConfigApiReturn
openmemory/ui/hooks/useConfig.ts	29	const	useConfig
openmemory/ui/hooks/useConfig.ts	32	const	dispatch
openmemory/ui/hooks/useConfig.ts	33	const	URL
openmemory/ui/hooks/useConfig.ts	35	const	fetchConfig
openmemory/ui/hooks/useConfig.ts	40	const	response
openmemory/ui/hooks/useConfig.ts	44	const	errorMessage
openmemory/ui/hooks/useConfig.ts	52	const	saveConfig
openmemory/ui/hooks/useConfig.ts	57	const	response
openmemory/ui/hooks/useConfig.ts	62	const	errorMessage
openmemory/ui/hooks/useConfig.ts	70	const	resetConfig
openmemory/ui/hooks/useConfig.ts	75	const	response
openmemory/ui/hooks/useConfig.ts	80	const	errorMessage
openmemory/ui/hooks/useConfig.ts	88	const	saveLLMConfig
openmemory/ui/hooks/useConfig.ts	93	const	response
openmemory/ui/hooks/useConfig.ts	98	const	errorMessage
openmemory/ui/hooks/useConfig.ts	105	const	saveEmbedderConfig
openmemory/ui/hooks/useConfig.ts	110	const	response
openmemory/ui/hooks/useConfig.ts	115	const	errorMessage
openmemory/ui/hooks/useFiltersApi.ts	15	interface	CategoriesResponse
openmemory/ui/hooks/useFiltersApi.ts	20	interface	UseFiltersApiReturn
openmemory/ui/hooks/useFiltersApi.ts	29	const	useFiltersApi
openmemory/ui/hooks/useFiltersApi.ts	32	const	dispatch
openmemory/ui/hooks/useFiltersApi.ts	33	const	user_id
openmemory/ui/hooks/useFiltersApi.ts	35	const	URL
openmemory/ui/hooks/useFiltersApi.ts	37	const	fetchCategories
openmemory/ui/hooks/useFiltersApi.ts	41	const	response
openmemory/ui/hooks/useFiltersApi.ts	51	const	errorMessage
openmemory/ui/hooks/useFiltersApi.ts	59	const	updateApps
openmemory/ui/hooks/useFiltersApi.ts	63	const	updateCategories
openmemory/ui/hooks/useFiltersApi.ts	67	const	updateSort
openmemory/ui/hooks/useMemoriesApi.ts	9	interface	SimpleMemory
openmemory/ui/hooks/useMemoriesApi.ts	19	interface	ApiMemoryItem
openmemory/ui/hooks/useMemoriesApi.ts	31	interface	ApiResponse
openmemory/ui/hooks/useMemoriesApi.ts	39	interface	AccessLogEntry
openmemory/ui/hooks/useMemoriesApi.ts	45	interface	AccessLogResponse
openmemory/ui/hooks/useMemoriesApi.ts	52	interface	RelatedMemoryItem
openmemory/ui/hooks/useMemoriesApi.ts	63	interface	RelatedMemoriesResponse
openmemory/ui/hooks/useMemoriesApi.ts	71	interface	UseMemoriesApiReturn
openmemory/ui/hooks/useMemoriesApi.ts	98	const	useMemoriesApi
openmemory/ui/hooks/useMemoriesApi.ts	102	const	dispatch
openmemory/ui/hooks/useMemoriesApi.ts	103	const	user_id
openmemory/ui/hooks/useMemoriesApi.ts	104	const	memories
openmemory/ui/hooks/useMemoriesApi.ts	105	const	selectedMemory
openmemory/ui/hooks/useMemoriesApi.ts	107	const	URL
openmemory/ui/hooks/useMemoriesApi.ts	109	const	fetchMemories
openmemory/ui/hooks/useMemoriesApi.ts	124	const	response
openmemory/ui/hooks/useMemoriesApi.ts	139	const	adaptedMemories
openmemory/ui/hooks/useMemoriesApi.ts	157	const	errorMessage
openmemory/ui/hooks/useMemoriesApi.ts	164	const	createMemory
openmemory/ui/hooks/useMemoriesApi.ts	166	const	memoryData
openmemory/ui/hooks/useMemoriesApi.ts	174	const	errorMessage
openmemory/ui/hooks/useMemoriesApi.ts	181	const	deleteMemories
openmemory/ui/hooks/useMemoriesApi.ts	188	const	errorMessage
openmemory/ui/hooks/useMemoriesApi.ts	195	const	fetchMemoryById
openmemory/ui/hooks/useMemoriesApi.ts	202	const	response
openmemory/ui/hooks/useMemoriesApi.ts	208	const	errorMessage
openmemory/ui/hooks/useMemoriesApi.ts	215	const	fetchAccessLogs
openmemory/ui/hooks/useMemoriesApi.ts	222	const	response
openmemory/ui/hooks/useMemoriesApi.ts	228	const	errorMessage
openmemory/ui/hooks/useMemoriesApi.ts	235	const	fetchRelatedMemories
openmemory/ui/hooks/useMemoriesApi.ts	242	const	response
openmemory/ui/hooks/useMemoriesApi.ts	246	const	adaptedMemories
openmemory/ui/hooks/useMemoriesApi.ts	260	const	errorMessage
openmemory/ui/hooks/useMemoriesApi.ts	267	const	updateMemory
openmemory/ui/hooks/useMemoriesApi.ts	282	const	errorMessage
openmemory/ui/hooks/useMemoriesApi.ts	289	const	updateMemoryState
openmemory/ui/hooks/useMemoriesApi.ts	322	const	errorMessage
openmemory/ui/hooks/useStats.ts	9	interface	SimpleMemory
openmemory/ui/hooks/useStats.ts	19	interface	APIStatsResponse
openmemory/ui/hooks/useStats.ts	26	interface	UseMemoriesApiReturn
openmemory/ui/hooks/useStats.ts	32	const	useStats
openmemory/ui/hooks/useStats.ts	35	const	dispatch
openmemory/ui/hooks/useStats.ts	36	const	user_id
openmemory/ui/hooks/useStats.ts	38	const	URL
openmemory/ui/hooks/useStats.ts	40	const	fetchStats
openmemory/ui/hooks/useStats.ts	44	const	response
openmemory/ui/hooks/useStats.ts	51	const	errorMessage
openmemory/ui/hooks/useUI.ts	5	const	useUI
openmemory/ui/hooks/useUI.ts	6	const	dispatch
openmemory/ui/hooks/useUI.ts	7	const	updateMemoryDialog
openmemory/ui/hooks/useUI.ts	9	const	handleOpenUpdateMemoryDialog
openmemory/ui/hooks/useUI.ts	13	const	handleCloseUpdateMemoryDialog
openmemory/ui/lib/helpers.ts	1	const	capitalize
openmemory/ui/lib/helpers.ts	7	function	formatDate
openmemory/ui/lib/helpers.ts	8	const	date
openmemory/ui/lib/helpers.ts	10	const	now
openmemory/ui/lib/helpers.ts	11	const	diffInSeconds
openmemory/ui/lib/helpers.ts	16	const	minutes
openmemory/ui/lib/helpers.ts	19	const	hours
openmemory/ui/lib/helpers.ts	22	const	days
openmemory/ui/lib/utils.ts	4	function	cn
openmemory/ui/next.config.dev.mjs	2	const	nextConfig
openmemory/ui/next.config.mjs	2	const	nextConfig
openmemory/ui/postcss.config.mjs	2	const	config
openmemory/ui/skeleton/AppCardSkeleton.tsx	8	function	AppCardSkeleton
openmemory/ui/skeleton/AppDetailCardSkeleton.tsx	1	function	AppDetailCardSkeleton
openmemory/ui/skeleton/AppFiltersSkeleton.tsx	1	function	AppFiltersSkeleton
openmemory/ui/skeleton/MemoryCardSkeleton.tsx	1	function	MemoryCardSkeleton
openmemory/ui/skeleton/MemorySkeleton.tsx	3	function	MemorySkeleton
openmemory/ui/skeleton/MemoryTableSkeleton.tsx	8	function	MemoryTableSkeleton
openmemory/ui/skeleton/MemoryTableSkeleton.tsx	10	const	loadingRows
openmemory/ui/store/appsSlice.ts	3	interface	AppMemory
openmemory/ui/store/appsSlice.ts	19	interface	AccessedMemory
openmemory/ui/store/appsSlice.ts	24	interface	AppDetails
openmemory/ui/store/appsSlice.ts	32	interface	App
openmemory/ui/store/appsSlice.ts	40	interface	MemoriesState
openmemory/ui/store/appsSlice.ts	48	interface	AccessedMemoriesState
openmemory/ui/store/appsSlice.ts	56	interface	AppsState
openmemory/ui/store/appsSlice.ts	77	const	initialMemoriesState
openmemory/ui/store/appsSlice.ts	85	const	initialAccessedMemoriesState
openmemory/ui/store/appsSlice.ts	93	const	initialState
openmemory/ui/store/appsSlice.ts	114	const	appsSlice
openmemory/ui/store/appsSlice.ts	180	const	app
openmemory/ui/store/configSlice.ts	3	interface	LLMConfig
openmemory/ui/store/configSlice.ts	11	interface	LLMProvider
openmemory/ui/store/configSlice.ts	16	interface	EmbedderConfig
openmemory/ui/store/configSlice.ts	22	interface	EmbedderProvider
openmemory/ui/store/configSlice.ts	27	interface	Mem0Config
openmemory/ui/store/configSlice.ts	32	interface	OpenMemoryConfig
openmemory/ui/store/configSlice.ts	36	interface	ConfigState
openmemory/ui/store/configSlice.ts	43	const	initialState
openmemory/ui/store/configSlice.ts	69	const	configSlice
openmemory/ui/store/filtersSlice.ts	3	interface	Category
openmemory/ui/store/filtersSlice.ts	11	interface	FiltersState
openmemory/ui/store/filtersSlice.ts	27	const	initialState
openmemory/ui/store/filtersSlice.ts	43	const	filtersSlice
openmemory/ui/store/memoriesSlice.ts	5	interface	AccessLogEntry
openmemory/ui/store/memoriesSlice.ts	12	interface	MemoriesState
openmemory/ui/store/memoriesSlice.ts	22	const	initialState
openmemory/ui/store/memoriesSlice.ts	32	const	memoriesSlice
openmemory/ui/store/profileSlice.ts	3	interface	ProfileState
openmemory/ui/store/profileSlice.ts	12	const	initialState
openmemory/ui/store/profileSlice.ts	21	const	profileSlice
openmemory/ui/store/store.ts	9	const	store
openmemory/ui/store/store.ts	21	type	RootState
openmemory/ui/store/store.ts	23	type	AppDispatch
openmemory/ui/store/uiSlice.ts	3	interface	DialogState
openmemory/ui/store/uiSlice.ts	11	interface	UIState
openmemory/ui/store/uiSlice.ts	15	const	initialState
openmemory/ui/store/uiSlice.ts	25	const	uiSlice
openmemory/ui/tailwind.config.ts	3	const	config
scripts/check-llms-txt-coverage.py	41	def	load_ignore_prefixes
scripts/check-llms-txt-coverage.py	52	def	canonical_repo_pages
scripts/check-llms-txt-coverage.py	63	def	indexed_urls
scripts/check-llms-txt-coverage.py	72	def	format_placeholder
scripts/check-llms-txt-coverage.py	80	def	append_triage_block
scripts/check-llms-txt-coverage.py	93	def	main
server/alembic/env.py	22	def	run_migrations_offline
server/alembic/env.py	29	def	run_migrations_online
server/alembic/versions/001_create_users_and_api_keys.py	20	def	upgrade
server/alembic/versions/001_create_users_and_api_keys.py	47	def	downgrade
server/alembic/versions/002_create_request_logs.py	20	def	upgrade
server/alembic/versions/002_create_request_logs.py	34	def	downgrade
server/alembic/versions/003_create_settings.py	20	def	upgrade
server/alembic/versions/003_create_settings.py	29	def	downgrade
server/alembic/versions/004_unique_admin_role.py	20	def	upgrade
server/alembic/versions/004_unique_admin_role.py	30	def	downgrade
server/alembic/versions/005_refresh_token_jtis.py	20	def	upgrade
server/alembic/versions/005_refresh_token_jtis.py	37	def	downgrade
server/alembic/versions/006_request_logs_brin.py	19	def	upgrade
server/alembic/versions/006_request_logs_brin.py	24	def	downgrade
server/auth.py	25	def	hash_password
server/auth.py	29	def	verify_password
server/auth.py	33	def	dummy_verify_password
server/auth.py	38	def	generate_api_key
server/auth.py	47	def	verify_api_key_hash
server/auth.py	51	def	_get_secret
server/auth.py	57	def	create_access_token
server/auth.py	63	def	create_refresh_token
server/auth.py	72	def	consume_refresh_jti
server/auth.py	97	def	decode_token
server/auth.py	108	def	_mark_auth_type
server/auth.py	112	def	_get_default_user
server/auth.py	116	def	_resolve_user_from_jwt
server/auth.py	126	def	_resolve_user_from_api_key
server/auth.py	144	def	verify_auth
server/auth.py	173	def	require_auth
server/auth.py	193	def	require_admin
server/dashboard/next.config.mjs	2	const	nextConfig
server/dashboard/src/app/(auth)/layout.tsx	8	const	metadata
server/dashboard/src/app/(auth)/layout.tsx	13	function	AuthLayout
server/dashboard/src/app/(auth)/login/login-form.tsx	24	const	RESET_COMMAND
server/dashboard/src/app/(auth)/login/login-form.tsx	27	function	LoginForm
server/dashboard/src/app/(auth)/login/login-form.tsx	28	const	router
server/dashboard/src/app/(auth)/login/login-form.tsx	29	const	searchParams
server/dashboard/src/app/(auth)/login/login-form.tsx	49	const	emailValid
server/dashboard/src/app/(auth)/login/login-form.tsx	51	const	handleSubmit
server/dashboard/src/app/(auth)/login/page.tsx	4	function	LoginPage
server/dashboard/src/app/(root)/clientLayout.tsx	10	const	SIDEBAR_WIDTH
server/dashboard/src/app/(root)/clientLayout.tsx	11	const	COLLAPSED_SIDEBAR_WIDTH
server/dashboard/src/app/(root)/clientLayout.tsx	12	const	COLLAPSED_SIDEBAR_PADDING
server/dashboard/src/app/(root)/clientLayout.tsx	13	const	COLLAPSED_SIDEBAR_WIDTH_WITHOUT_PADDING
server/dashboard/src/app/(root)/clientLayout.tsx	16	function	AuthLoadingState
server/dashboard/src/app/(root)/clientLayout.tsx	25	const	ClientLayout
server/dashboard/src/app/(root)/clientLayout.tsx	28	const	pathname
server/dashboard/src/app/(root)/clientLayout.tsx	29	const	router
server/dashboard/src/app/(root)/clientLayout.tsx	31	const	isPublicPage
server/dashboard/src/app/(root)/dashboard-client-layout.tsx	14	const	Toaster
server/dashboard/src/app/(root)/dashboard-client-layout.tsx	22	function	DashboardClientLayout
server/dashboard/src/app/(root)/dashboard/analytics/page.tsx	6	function	AnalyticsMockup
server/dashboard/src/app/(root)/dashboard/analytics/page.tsx	45	function	AnalyticsPage
server/dashboard/src/app/(root)/dashboard/api-keys/page.tsx	30	function	ApiKeysPage
server/dashboard/src/app/(root)/dashboard/api-keys/page.tsx	43	const	res
server/dashboard/src/app/(root)/dashboard/api-keys/page.tsx	49	const	handleCreate
server/dashboard/src/app/(root)/dashboard/api-keys/page.tsx	51	const	res
server/dashboard/src/app/(root)/dashboard/api-keys/page.tsx	65	const	handleRevoke
server/dashboard/src/app/(root)/dashboard/api-keys/page.tsx	81	const	handleDialogClose
server/dashboard/src/app/(root)/dashboard/api-keys/page.tsx	90	const	columns
server/dashboard/src/app/(root)/dashboard/categories/page.tsx	6	function	CategoriesMockup
server/dashboard/src/app/(root)/dashboard/categories/page.tsx	7	const	categories
server/dashboard/src/app/(root)/dashboard/categories/page.tsx	27	function	CategoriesPage
server/dashboard/src/app/(root)/dashboard/components/main-nav.tsx	39	function	MainNav
server/dashboard/src/app/(root)/dashboard/components/main-nav.tsx	43	const	pathname
server/dashboard/src/app/(root)/dashboard/components/main-nav.tsx	44	const	isSidebarCollapsed
server/dashboard/src/app/(root)/dashboard/components/nav-wrapper.tsx	31	function	NavWrapper
server/dashboard/src/app/(root)/dashboard/components/nav-wrapper.tsx	32	const	dispatch
server/dashboard/src/app/(root)/dashboard/components/nav-wrapper.tsx	33	const	isSidebarCollapsed
server/dashboard/src/app/(root)/dashboard/components/nav-wrapper.tsx	38	const	instanceName
server/dashboard/src/app/(root)/dashboard/components/nav-wrapper.tsx	40	const	handleToggle
server/dashboard/src/app/(root)/dashboard/configuration/page.tsx	27	type	BundledProviders
server/dashboard/src/app/(root)/dashboard/configuration/page.tsx	32	function	ConfigurationPage
server/dashboard/src/app/(root)/dashboard/configuration/page.tsx	43	const	res
server/dashboard/src/app/(root)/dashboard/configuration/page.tsx	51	const	res
server/dashboard/src/app/(root)/dashboard/configuration/page.tsx	71	const	handleSave
server/dashboard/src/app/(root)/dashboard/configuration/page.tsx	75	const	llm
server/dashboard/src/app/(root)/dashboard/configuration/page.tsx	80	const	embedder
server/dashboard/src/app/(root)/dashboard/configuration/page.tsx	85	const	newConfig
server/dashboard/src/app/(root)/dashboard/entities/page.tsx	20	function	EntitiesPage
server/dashboard/src/app/(root)/dashboard/entities/page.tsx	29	const	res
server/dashboard/src/app/(root)/dashboard/entities/page.tsx	35	const	handleDelete
server/dashboard/src/app/(root)/dashboard/entities/page.tsx	53	const	columns
server/dashboard/src/app/(root)/dashboard/export/page.tsx	8	function	ExportMockup
server/dashboard/src/app/(root)/dashboard/export/page.tsx	56	function	ExportPage
server/dashboard/src/app/(root)/dashboard/layout.tsx	10	function	DashboardLayout
server/dashboard/src/app/(root)/dashboard/layout.tsx	15	const	isSidebarCollapsed
server/dashboard/src/app/(root)/dashboard/memories/page.tsx	29	const	PAGE_SIZE
server/dashboard/src/app/(root)/dashboard/memories/page.tsx	31	const	MEMORY_FETCH_LIMIT
server/dashboard/src/app/(root)/dashboard/memories/page.tsx	33	function	MemoriesPage
server/dashboard/src/app/(root)/dashboard/memories/page.tsx	38	const	apiUrl
server/dashboard/src/app/(root)/dashboard/memories/page.tsx	46	const	params
server/dashboard/src/app/(root)/dashboard/memories/page.tsx	49	const	res
server/dashboard/src/app/(root)/dashboard/memories/page.tsx	50	const	raw
server/dashboard/src/app/(root)/dashboard/memories/page.tsx	56	const	totalPages
server/dashboard/src/app/(root)/dashboard/memories/page.tsx	57	const	paginatedMemories
server/dashboard/src/app/(root)/dashboard/memories/page.tsx	62	const	handleDelete
server/dashboard/src/app/(root)/dashboard/memories/page.tsx	79	const	columns
server/dashboard/src/app/(root)/dashboard/requests/page.tsx	17	type	RequestLog
server/dashboard/src/app/(root)/dashboard/requests/page.tsx	27	const	REQUEST_LOG_LIMIT
server/dashboard/src/app/(root)/dashboard/requests/page.tsx	28	const	PAGE_SIZE
server/dashboard/src/app/(root)/dashboard/requests/page.tsx	30	const	getStatusClassName
server/dashboard/src/app/(root)/dashboard/requests/page.tsx	42	const	getMethodClassName
server/dashboard/src/app/(root)/dashboard/requests/page.tsx	56	const	getAuthLabel
server/dashboard/src/app/(root)/dashboard/requests/page.tsx	71	const	normalizeLog
server/dashboard/src/app/(root)/dashboard/requests/page.tsx	83	function	RequestsPage
server/dashboard/src/app/(root)/dashboard/requests/page.tsx	94	const	res
server/dashboard/src/app/(root)/dashboard/requests/page.tsx	103	const	totalRequests
server/dashboard/src/app/(root)/dashboard/requests/page.tsx	104	const	successfulRequests
server/dashboard/src/app/(root)/dashboard/requests/page.tsx	105	const	successRate
server/dashboard/src/app/(root)/dashboard/requests/page.tsx	109	const	averageLatency
server/dashboard/src/app/(root)/dashboard/requests/page.tsx	116	const	columns
server/dashboard/src/app/(root)/dashboard/settings/page.tsx	16	function	SettingsPage
server/dashboard/src/app/(root)/dashboard/settings/page.tsx	36	const	profileDirty
server/dashboard/src/app/(root)/dashboard/settings/page.tsx	38	const	profileValid
server/dashboard/src/app/(root)/dashboard/settings/page.tsx	40	const	handleSaveProfile
server/dashboard/src/app/(root)/dashboard/settings/page.tsx	60	const	handleChangePassword
server/dashboard/src/app/(root)/dashboard/webhooks/page.tsx	10	function	WebhooksMockup
server/dashboard/src/app/(root)/dashboard/webhooks/page.tsx	44	function	WebhooksPage
server/dashboard/src/app/(root)/fonts.tsx	3	const	Inter
server/dashboard/src/app/(root)/fonts.tsx	20	const	InterDisplay
server/dashboard/src/app/(root)/fonts.tsx	22	const	Roboto
server/dashboard/src/app/(root)/fonts.tsx	39	const	Fustat
server/dashboard/src/app/(root)/fonts.tsx	51	const	DMMono
server/dashboard/src/app/(root)/layout.tsx	4	const	metadata
server/dashboard/src/app/(root)/layout.tsx	9	function	DashboardLayout
server/dashboard/src/app/api/auth/refresh/route.ts	6	const	COOKIE_NAME
server/dashboard/src/app/api/auth/refresh/route.ts	8	function	shouldUseSecureCookie
server/dashboard/src/app/api/auth/refresh/route.ts	9	const	dashboardUrl
server/dashboard/src/app/api/auth/refresh/route.ts	21	const	COOKIE_OPTIONS
server/dashboard/src/app/api/auth/refresh/route.ts	29	function	POST
server/dashboard/src/app/api/auth/refresh/route.ts	30	const	cookieStore
server/dashboard/src/app/api/auth/refresh/route.ts	31	const	refreshToken
server/dashboard/src/app/api/auth/refresh/route.ts	37	const	res
server/dashboard/src/app/api/auth/refresh/route.ts	49	const	data
server/dashboard/src/app/api/auth/refresh/route.ts	56	function	PUT
server/dashboard/src/app/api/auth/refresh/route.ts	57	const	body
server/dashboard/src/app/api/auth/refresh/route.ts	58	const	cookieStore
server/dashboard/src/app/api/auth/refresh/route.ts	71	function	DELETE
server/dashboard/src/app/api/auth/refresh/route.ts	72	const	cookieStore
server/dashboard/src/app/api/health/route.ts	1	const	GET
server/dashboard/src/app/setup/layout.tsx	7	const	metadata
server/dashboard/src/app/setup/layout.tsx	12	function	SetupLayout
server/dashboard/src/app/setup/page.tsx	33	type	BundledProviders
server/dashboard/src/app/setup/page.tsx	38	const	STEPS
server/dashboard/src/app/setup/page.tsx	45	const	STEP_TITLES
server/dashboard/src/app/setup/page.tsx	52	const	SUPPORTED_PROVIDERS_URL
server/dashboard/src/app/setup/page.tsx	55	const	USE_CASE_PRESETS
server/dashboard/src/app/setup/page.tsx	63	const	DEFAULT_TEST_MESSAGE
server/dashboard/src/app/setup/page.tsx	65	function	SetupPage
server/dashboard/src/app/setup/page.tsx	66	const	router
server/dashboard/src/app/setup/page.tsx	101	const	apiUrl
server/dashboard/src/app/setup/page.tsx	112	const	loadConfig
server/dashboard/src/app/setup/page.tsx	118	const	config
server/dashboard/src/app/setup/page.tsx	124	const	llmProv
server/dashboard/src/app/setup/page.tsx	125	const	llmMod
server/dashboard/src/app/setup/page.tsx	126	const	embProv
server/dashboard/src/app/setup/page.tsx	127	const	embMod
server/dashboard/src/app/setup/page.tsx	157	const	handleStep1
server/dashboard/src/app/setup/page.tsx	188	const	handleStep2
server/dashboard/src/app/setup/page.tsx	192	const	dirty
server/dashboard/src/app/setup/page.tsx	206	const	llm
server/dashboard/src/app/setup/page.tsx	211	const	embedder
server/dashboard/src/app/setup/page.tsx	218	const	payload
server/dashboard/src/app/setup/page.tsx	237	const	handleStep3
server/dashboard/src/app/setup/page.tsx	243	const	res
server/dashboard/src/app/setup/page.tsx	254	const	handleContinueToUseCase
server/dashboard/src/app/setup/page.tsx	259	const	handleContinueToQuickTest
server/dashboard/src/app/setup/page.tsx	264	const	handleGoToDashboard
server/dashboard/src/app/setup/page.tsx	269	const	handleTest
server/dashboard/src/app/setup/page.tsx	275	const	res
server/dashboard/src/app/setup/page.tsx	285	const	body
server/dashboard/src/app/setup/page.tsx	635	const	res
server/dashboard/src/components/misc/copy-button.tsx	6	interface	CopyButtonProps
server/dashboard/src/components/misc/copy-button.tsx	10	const	CopyButton
server/dashboard/src/components/misc/copy-button.tsx	13	const	handleCopy
server/dashboard/src/components/misc/spinner.tsx	3	function	Spinner
server/dashboard/src/components/misc/spinner.tsx	4	const	spinnerSize
server/dashboard/src/components/misc/theme-aware-logo.tsx	7	function	ThemeAwareLogo
server/dashboard/src/components/misc/theme-aware-logo.tsx	25	const	currentTheme
server/dashboard/src/components/misc/theme-aware-logo.tsx	26	const	logoSrc
server/dashboard/src/components/misc/truncated-text.tsx	8	const	TruncatedText
server/dashboard/src/components/self-hosted/empty-state.tsx	6	interface	EmptyStateProps
server/dashboard/src/components/self-hosted/empty-state.tsx	13	function	EmptyState
server/dashboard/src/components/self-hosted/empty-state.tsx	20	const	src
server/dashboard/src/components/self-hosted/locked-page.tsx	7	interface	LockedPageProps
server/dashboard/src/components/self-hosted/locked-page.tsx	14	function	LockedPage
server/dashboard/src/components/self-hosted/locked-page.tsx	20	const	utm
server/dashboard/src/components/self-hosted/locked-page.tsx	21	const	cloudUrl
server/dashboard/src/components/self-hosted/locked-page.tsx	22	const	salesUrl
server/dashboard/src/components/self-hosted/upgrade-banner.tsx	7	interface	UpgradeBannerProps
server/dashboard/src/components/self-hosted/upgrade-banner.tsx	16	function	UpgradeBanner
server/dashboard/src/components/self-hosted/upgrade-banner.tsx	34	const	handleDismiss
server/dashboard/src/components/shared/data-table.tsx	4	interface	Column
server/dashboard/src/components/shared/data-table.tsx	16	interface	DataTableProps
server/dashboard/src/components/shared/data-table.tsx	25	const	classes
server/dashboard/src/components/shared/data-table.tsx	45	function	DataTable
server/dashboard/src/components/shared/data-table.tsx	53	const	minHeight
server/dashboard/src/components/shared/data-table.tsx	55	const	totalWeight
server/dashboard/src/components/shared/data-table.tsx	67	const	weight
server/dashboard/src/components/shared/data-table.tsx	68	const	pct
server/dashboard/src/components/shared/data-table.tsx	78	const	isLastColumn
server/dashboard/src/components/shared/data-table.tsx	95	const	Icon
server/dashboard/src/components/shared/data-table.tsx	96	const	relevantClasses
server/dashboard/src/components/shared/data-table.tsx	111	const	baseHeaderClass
server/dashboard/src/components/shared/data-table.tsx	112	const	alignClass
server/dashboard/src/components/shared/data-table.tsx	118	const	mergedRelevantClasses
server/dashboard/src/components/shared/data-table.tsx	120	const	hasCustomAlignment
server/dashboard/src/components/shared/data-table.tsx	123	const	headerClassName
server/dashboard/src/components/shared/data-table.tsx	128	const	headerCellClassName
server/dashboard/src/components/shared/data-table.tsx	130	const	flexAlignment
server/dashboard/src/components/shared/data-table.tsx	168	const	value
server/dashboard/src/components/shared/data-table.tsx	169	const	baseCellClass
server/dashboard/src/components/shared/data-table.tsx	173	const	cellClassName
server/dashboard/src/components/shared/event-badge.tsx	4	interface	EventBadgeProps
server/dashboard/src/components/shared/event-badge.tsx	14	type	BadgeVariant
server/dashboard/src/components/shared/event-badge.tsx	16	const	getBadgeConfig
server/dashboard/src/components/shared/event-badge.tsx	38	function	EventBadge
server/dashboard/src/components/shared/event-badge.tsx	47	const	resolvedType
server/dashboard/src/components/shared/event-badge.tsx	50	const	Icon
server/dashboard/src/components/shared/event-badge.tsx	51	const	content
server/dashboard/src/components/shared/table-skeleton.tsx	3	interface	TableSkeletonProps
server/dashboard/src/components/shared/table-skeleton.tsx	8	function	TableSkeleton
server/dashboard/src/components/theme-provider.tsx	6	type	ThemeProviderProps
server/dashboard/src/components/theme-provider.tsx	9	function	ThemeProvider
server/dashboard/src/components/ui/accordion.tsx	9	const	Accordion
server/dashboard/src/components/ui/accordion.tsx	11	const	AccordionItem
server/dashboard/src/components/ui/accordion.tsx	23	const	AccordionTrigger
server/dashboard/src/components/ui/accordion.tsx	43	const	AccordionContent
server/dashboard/src/components/ui/alert-dialog.tsx	9	const	AlertDialog
server/dashboard/src/components/ui/alert-dialog.tsx	11	const	AlertDialogTrigger
server/dashboard/src/components/ui/alert-dialog.tsx	13	const	AlertDialogPortal
server/dashboard/src/components/ui/alert-dialog.tsx	15	const	AlertDialogOverlay
server/dashboard/src/components/ui/alert-dialog.tsx	30	const	AlertDialogContent
server/dashboard/src/components/ui/alert-dialog.tsx	48	const	AlertDialogHeader
server/dashboard/src/components/ui/alert-dialog.tsx	62	const	AlertDialogFooter
server/dashboard/src/components/ui/alert-dialog.tsx	76	const	AlertDialogTitle
server/dashboard/src/components/ui/alert-dialog.tsx	88	const	AlertDialogDescription
server/dashboard/src/components/ui/alert-dialog.tsx	101	const	AlertDialogAction
server/dashboard/src/components/ui/alert-dialog.tsx	113	const	AlertDialogCancel
server/dashboard/src/components/ui/alert.tsx	6	const	alertVariants
server/dashboard/src/components/ui/alert.tsx	22	const	Alert
server/dashboard/src/components/ui/alert.tsx	35	const	AlertTitle
server/dashboard/src/components/ui/alert.tsx	47	const	AlertDescription
server/dashboard/src/components/ui/avatar.tsx	8	const	Avatar
server/dashboard/src/components/ui/avatar.tsx	23	const	AvatarImage
server/dashboard/src/components/ui/avatar.tsx	35	const	AvatarFallback
server/dashboard/src/components/ui/badge.tsx	6	const	badgeVariants
server/dashboard/src/components/ui/badge.tsx	26	interface	BadgeProps
server/dashboard/src/components/ui/badge.tsx	31	function	Badge
server/dashboard/src/components/ui/button.tsx	7	const	buttonVariants
server/dashboard/src/components/ui/button.tsx	53	type	ButtonProps
server/dashboard/src/components/ui/button.tsx	58	const	Button
server/dashboard/src/components/ui/button.tsx	60	const	Comp
server/dashboard/src/components/ui/calendar.tsx	10	type	CalendarProps
server/dashboard/src/components/ui/calendar.tsx	12	function	Calendar
server/dashboard/src/components/ui/card.tsx	5	const	Card
server/dashboard/src/components/ui/card.tsx	20	const	CardHeader
server/dashboard/src/components/ui/card.tsx	32	const	CardTitle
server/dashboard/src/components/ui/card.tsx	44	const	CardDescription
server/dashboard/src/components/ui/card.tsx	56	const	CardContent
server/dashboard/src/components/ui/card.tsx	64	const	CardFooter
server/dashboard/src/components/ui/categories-display.tsx	6	interface	CategoriesDisplayProps
server/dashboard/src/components/ui/categories-display.tsx	11	function	CategoriesDisplay
server/dashboard/src/components/ui/categories-display.tsx	18	const	triggerRef
server/dashboard/src/components/ui/categories-display.tsx	22	const	rect
server/dashboard/src/components/ui/categories-display.tsx	33	const	getCategoryColor
server/dashboard/src/components/ui/categories-display.tsx	34	const	colors
server/dashboard/src/components/ui/categories-display.tsx	54	const	allCategories
server/dashboard/src/components/ui/categories-display.tsx	62	const	firstCategory
server/dashboard/src/components/ui/categories-display.tsx	63	const	remainingCount
server/dashboard/src/components/ui/categories-display.tsx	65	const	popoverContent
server/dashboard/src/components/ui/checkbox.tsx	9	const	Checkbox
server/dashboard/src/components/ui/collapsible.tsx	6	const	Collapsible
server/dashboard/src/components/ui/collapsible.tsx	8	const	CollapsibleTrigger
server/dashboard/src/components/ui/collapsible.tsx	10	const	CollapsibleContent
server/dashboard/src/components/ui/command.tsx	11	const	Command
server/dashboard/src/components/ui/command.tsx	26	interface	CommandDialogProps
server/dashboard/src/components/ui/command.tsx	28	const	CommandDialog
server/dashboard/src/components/ui/command.tsx	40	const	CommandInput
server/dashboard/src/components/ui/command.tsx	62	const	CommandList
server/dashboard/src/components/ui/command.tsx	75	const	CommandEmpty
server/dashboard/src/components/ui/command.tsx	88	const	CommandGroup
server/dashboard/src/components/ui/command.tsx	104	const	CommandSeparator
server/dashboard/src/components/ui/command.tsx	116	const	CommandItem
server/dashboard/src/components/ui/command.tsx	132	const	CommandShortcut
server/dashboard/src/components/ui/delete-confirmation-modal.tsx	11	interface	DeleteConfirmationModalProps
server/dashboard/src/components/ui/delete-confirmation-modal.tsx	21	const	DeleteConfirmationModal
server/dashboard/src/components/ui/delete-confirmation-modal.tsx	32	const	handleClose
server/dashboard/src/components/ui/delete-confirmation-modal.tsx	37	const	handleConfirm
server/dashboard/src/components/ui/delete-confirmation-modal.tsx	42	const	isDeleteEnabled
server/dashboard/src/components/ui/dialog.tsx	9	const	Dialog
server/dashboard/src/components/ui/dialog.tsx	11	const	DialogTrigger
server/dashboard/src/components/ui/dialog.tsx	13	const	DialogPortal
server/dashboard/src/components/ui/dialog.tsx	15	const	DialogClose
server/dashboard/src/components/ui/dialog.tsx	17	const	DialogOverlay
server/dashboard/src/components/ui/dialog.tsx	32	const	DialogContent
server/dashboard/src/components/ui/dialog.tsx	60	const	DialogHeader
server/dashboard/src/components/ui/dialog.tsx	74	const	DialogFooter
server/dashboard/src/components/ui/dialog.tsx	88	const	DialogTitle
server/dashboard/src/components/ui/dialog.tsx	103	const	DialogDescription
server/dashboard/src/components/ui/drawer.tsx	8	const	Drawer
server/dashboard/src/components/ui/drawer.tsx	19	const	DrawerTrigger
server/dashboard/src/components/ui/drawer.tsx	21	const	DrawerPortal
server/dashboard/src/components/ui/drawer.tsx	23	const	DrawerClose
server/dashboard/src/components/ui/drawer.tsx	25	const	DrawerOverlay
server/dashboard/src/components/ui/drawer.tsx	37	const	DrawerContent
server/dashboard/src/components/ui/drawer.tsx	58	const	DrawerHeader
server/dashboard/src/components/ui/drawer.tsx	69	const	DrawerFooter
server/dashboard/src/components/ui/drawer.tsx	80	const	DrawerTitle
server/dashboard/src/components/ui/drawer.tsx	95	const	DrawerDescription
server/dashboard/src/components/ui/dropdown-menu.tsx	13	const	DropdownMenu
server/dashboard/src/components/ui/dropdown-menu.tsx	15	const	DropdownMenuTrigger
server/dashboard/src/components/ui/dropdown-menu.tsx	17	const	DropdownMenuGroup
server/dashboard/src/components/ui/dropdown-menu.tsx	19	const	DropdownMenuPortal
server/dashboard/src/components/ui/dropdown-menu.tsx	21	const	DropdownMenuSub
server/dashboard/src/components/ui/dropdown-menu.tsx	23	const	DropdownMenuRadioGroup
server/dashboard/src/components/ui/dropdown-menu.tsx	25	const	DropdownMenuSubTrigger
server/dashboard/src/components/ui/dropdown-menu.tsx	47	const	DropdownMenuSubContent
server/dashboard/src/components/ui/dropdown-menu.tsx	63	const	DropdownMenuContent
server/dashboard/src/components/ui/dropdown-menu.tsx	82	const	DropdownMenuItem
server/dashboard/src/components/ui/dropdown-menu.tsx	100	const	DropdownMenuCheckboxItem
server/dashboard/src/components/ui/dropdown-menu.tsx	124	const	DropdownMenuRadioItem
server/dashboard/src/components/ui/dropdown-menu.tsx	146	const	DropdownMenuLabel
server/dashboard/src/components/ui/dropdown-menu.tsx	164	const	DropdownMenuSeparator
server/dashboard/src/components/ui/dropdown-menu.tsx	176	const	DropdownMenuShortcut
server/dashboard/src/components/ui/form.tsx	16	const	Form
server/dashboard/src/components/ui/form.tsx	18	type	FormFieldContextValue
server/dashboard/src/components/ui/form.tsx	25	const	FormFieldContext
server/dashboard/src/components/ui/form.tsx	29	const	FormField
server/dashboard/src/components/ui/form.tsx	42	const	useFormField
server/dashboard/src/components/ui/form.tsx	43	const	fieldContext
server/dashboard/src/components/ui/form.tsx	44	const	itemContext
server/dashboard/src/components/ui/form.tsx	47	const	fieldState
server/dashboard/src/components/ui/form.tsx	65	type	FormItemContextValue
server/dashboard/src/components/ui/form.tsx	69	const	FormItemContext
server/dashboard/src/components/ui/form.tsx	73	const	FormItem
server/dashboard/src/components/ui/form.tsx	77	const	id
server/dashboard/src/components/ui/form.tsx	87	const	FormLabel
server/dashboard/src/components/ui/form.tsx	104	const	FormControl
server/dashboard/src/components/ui/form.tsx	127	const	FormDescription
server/dashboard/src/components/ui/form.tsx	144	const	FormMessage
server/dashboard/src/components/ui/form.tsx	149	const	body
server/dashboard/src/components/ui/hover-card.tsx	8	const	HoverCard
server/dashboard/src/components/ui/hover-card.tsx	10	const	HoverCardTrigger
server/dashboard/src/components/ui/hover-card.tsx	12	const	HoverCardContent
server/dashboard/src/components/ui/input.tsx	7	const	Input
server/dashboard/src/components/ui/label.tsx	9	const	labelVariants
server/dashboard/src/components/ui/label.tsx	13	const	Label
server/dashboard/src/components/ui/linearProgress.tsx	8	const	LinearProgress
server/dashboard/src/components/ui/pagination.tsx	11	const	Pagination
server/dashboard/src/components/ui/pagination.tsx	24	const	PaginationContent
server/dashboard/src/components/ui/pagination.tsx	36	const	PaginationItem
server/dashboard/src/components/ui/pagination.tsx	44	type	PaginationLinkProps
server/dashboard/src/components/ui/pagination.tsx	49	const	PaginationLink
server/dashboard/src/components/ui/pagination.tsx	70	const	PaginationPrevious
server/dashboard/src/components/ui/pagination.tsx	98	const	PaginationNext
server/dashboard/src/components/ui/pagination.tsx	126	const	PaginationEllipsis
server/dashboard/src/components/ui/popover.tsx	8	const	Popover
server/dashboard/src/components/ui/popover.tsx	10	const	PopoverTrigger
server/dashboard/src/components/ui/popover.tsx	12	const	PopoverAnchor
server/dashboard/src/components/ui/popover.tsx	14	const	PopoverContent
server/dashboard/src/components/ui/progress.tsx	8	interface	CustomProgressProps
server/dashboard/src/components/ui/progress.tsx	13	const	Progress
server/dashboard/src/components/ui/radio-group.tsx	9	const	RadioGroup
server/dashboard/src/components/ui/radio-group.tsx	23	const	RadioGroupItem
server/dashboard/src/components/ui/scroll-area.tsx	8	interface	ScrollAreaProps
server/dashboard/src/components/ui/scroll-area.tsx	14	const	ScrollArea
server/dashboard/src/components/ui/scroll-area.tsx	35	const	ScrollBar
server/dashboard/src/components/ui/select.tsx	17	const	Select
server/dashboard/src/components/ui/select.tsx	19	const	SelectGroup
server/dashboard/src/components/ui/select.tsx	21	const	SelectValue
server/dashboard/src/components/ui/select.tsx	23	const	SelectScrollUpButton
server/dashboard/src/components/ui/select.tsx	40	const	SelectScrollDownButton
server/dashboard/src/components/ui/select.tsx	58	const	SelectTrigger
server/dashboard/src/components/ui/select.tsx	90	const	SelectContent
server/dashboard/src/components/ui/select.tsx	123	const	SelectLabel
server/dashboard/src/components/ui/select.tsx	135	const	SelectItem
server/dashboard/src/components/ui/select.tsx	172	const	SelectSeparator
server/dashboard/src/components/ui/separator.tsx	8	const	Separator
server/dashboard/src/components/ui/sheet.tsx	10	const	Sheet
server/dashboard/src/components/ui/sheet.tsx	12	const	SheetTrigger
server/dashboard/src/components/ui/sheet.tsx	14	const	SheetClose
server/dashboard/src/components/ui/sheet.tsx	16	const	SheetPortal
server/dashboard/src/components/ui/sheet.tsx	18	const	SheetOverlay
server/dashboard/src/components/ui/sheet.tsx	33	const	sheetVariants
server/dashboard/src/components/ui/sheet.tsx	52	interface	SheetContentProps
server/dashboard/src/components/ui/sheet.tsx	57	const	SheetContent
server/dashboard/src/components/ui/sheet.tsx	78	const	SheetHeader
server/dashboard/src/components/ui/sheet.tsx	92	const	SheetFooter
server/dashboard/src/components/ui/sheet.tsx	106	const	SheetTitle
server/dashboard/src/components/ui/sheet.tsx	118	const	SheetDescription
server/dashboard/src/components/ui/sidebar.tsx	13	const	sidebarVariants
server/dashboard/src/components/ui/sidebar.tsx	28	interface	SidebarProps
server/dashboard/src/components/ui/sidebar.tsx	33	const	Sidebar
server/dashboard/src/components/ui/sidebar.tsx	44	const	SidebarHeader
server/dashboard/src/components/ui/sidebar.tsx	52	const	SidebarContent
server/dashboard/src/components/ui/sidebar.tsx	64	const	SidebarFooter
server/dashboard/src/components/ui/sidebar.tsx	72	const	SidebarGroup
server/dashboard/src/components/ui/sidebar.tsx	80	const	SidebarGroupLabel
server/dashboard/src/components/ui/sidebar.tsx	95	const	SidebarMenu
server/dashboard/src/components/ui/sidebar.tsx	103	const	SidebarMenuItem
server/dashboard/src/components/ui/sidebar.tsx	111	const	menuButtonVariants
server/dashboard/src/components/ui/sidebar.tsx	146	interface	SidebarMenuButtonProps
server/dashboard/src/components/ui/sidebar.tsx	154	const	SidebarMenuButton
server/dashboard/src/components/ui/sidebar.tsx	162	const	Comp
server/dashboard/src/components/ui/sidebar.tsx	163	const	button
server/dashboard/src/components/ui/sidebar.tsx	185	const	SidebarMenuAction
server/dashboard/src/components/ui/sidebar.tsx	203	const	SidebarMenuSub
server/dashboard/src/components/ui/sidebar.tsx	215	const	SidebarMenuSubItem
server/dashboard/src/components/ui/sidebar.tsx	223	const	SidebarMenuSubButton
server/dashboard/src/components/ui/sidebar.tsx	227	const	Comp
server/dashboard/src/components/ui/sidebar.tsx	244	const	SidebarRail
server/dashboard/src/components/ui/skeleton.tsx	3	function	Skeleton
server/dashboard/src/components/ui/slider.tsx	8	const	Slider
server/dashboard/src/components/ui/sonner.tsx	6	type	ToasterProps
server/dashboard/src/components/ui/sonner.tsx	8	const	Toaster
server/dashboard/src/components/ui/switch.tsx	8	const	Switch
server/dashboard/src/components/ui/table.tsx	5	const	Table
server/dashboard/src/components/ui/table.tsx	19	const	TableHeader
server/dashboard/src/components/ui/table.tsx	27	const	TableBody
server/dashboard/src/components/ui/table.tsx	39	const	TableFooter
server/dashboard/src/components/ui/table.tsx	54	const	TableRow
server/dashboard/src/components/ui/table.tsx	69	const	TableHead
server/dashboard/src/components/ui/table.tsx	84	const	TableCell
server/dashboard/src/components/ui/table.tsx	99	const	TableCaption
server/dashboard/src/components/ui/tableLoader.tsx	4	const	renderLoader
server/dashboard/src/components/ui/tabs.tsx	8	const	Tabs
server/dashboard/src/components/ui/tabs.tsx	10	const	TabsList
server/dashboard/src/components/ui/tabs.tsx	25	const	TabsTrigger
server/dashboard/src/components/ui/tabs.tsx	40	const	TabsContent
server/dashboard/src/components/ui/textarea.tsx	12	const	Textarea
server/dashboard/src/components/ui/textarea.tsx	25	const	generatedId
server/dashboard/src/components/ui/textarea.tsx	26	const	id
server/dashboard/src/components/ui/textarea.tsx	28	const	textarea
server/dashboard/src/components/ui/theme-toggle.tsx	15	function	ThemeToggle
server/dashboard/src/components/ui/toast.tsx	10	const	ToastProvider
server/dashboard/src/components/ui/toast.tsx	12	const	ToastViewport
server/dashboard/src/components/ui/toast.tsx	27	const	toastVariants
server/dashboard/src/components/ui/toast.tsx	43	const	Toast
server/dashboard/src/components/ui/toast.tsx	58	const	ToastAction
server/dashboard/src/components/ui/toast.tsx	73	const	ToastClose
server/dashboard/src/components/ui/toast.tsx	91	const	ToastTitle
server/dashboard/src/components/ui/toast.tsx	103	const	ToastDescription
server/dashboard/src/components/ui/toast.tsx	115	type	ToastProps
server/dashboard/src/components/ui/toast.tsx	117	type	ToastActionElement
server/dashboard/src/components/ui/toast.tsx	120	type	ToastProps
server/dashboard/src/components/ui/toast.tsx	121	type	ToastActionElement
server/dashboard/src/components/ui/tooltip.tsx	8	const	TooltipProvider
server/dashboard/src/components/ui/tooltip.tsx	18	const	Tooltip
server/dashboard/src/components/ui/tooltip.tsx	20	const	TooltipTrigger
server/dashboard/src/components/ui/tooltip.tsx	22	const	TooltipContent
server/dashboard/src/components/ui/typography.tsx	6	type	TypographyVariant
server/dashboard/src/components/ui/typography.tsx	20	type	TypographyElement
server/dashboard/src/components/ui/typography.tsx	29	const	typographyVariants
server/dashboard/src/components/ui/typography.tsx	51	const	variantToElement
server/dashboard/src/components/ui/typography.tsx	66	interface	TypographyProps
server/dashboard/src/components/ui/typography.tsx	73	const	Typography
server/dashboard/src/components/ui/typography.tsx	75	const	Comp
server/dashboard/src/components/ui/use-toast.ts	8	type	ToastVariant
server/dashboard/src/components/ui/use-toast.ts	10	type	ToastOptions
server/dashboard/src/components/ui/use-toast.ts	16	function	toast
server/dashboard/src/components/ui/use-toast.ts	18	const	message
server/dashboard/src/components/ui/use-toast.ts	24	const	opts
server/dashboard/src/components/ui/use-toast.ts	44	function	useToast
server/dashboard/src/constants/ui-components.ts	1	const	fieldLabelClassName
server/dashboard/src/constants/ui-components.ts	4	const	inputVariants
server/dashboard/src/constants/ui-components.ts	13	const	selectTriggerVariants
server/dashboard/src/hooks/use-api-query.ts	5	interface	UseApiQueryOptions
server/dashboard/src/hooks/use-api-query.ts	11	interface	UseApiQueryResult
server/dashboard/src/hooks/use-api-query.ts	18	function	useApiQuery
server/dashboard/src/hooks/use-api-query.ts	28	const	fetcherRef
server/dashboard/src/hooks/use-api-query.ts	31	const	run
server/dashboard/src/hooks/use-api-query.ts	37	const	message
server/dashboard/src/hooks/use-auth.ts	6	function	useAuth
server/dashboard/src/hooks/useDebounce.ts	3	function	useDebounce
server/dashboard/src/hooks/useDebounce.ts	7	const	timer
server/dashboard/src/lib/auth.tsx	13	interface	AuthUser
server/dashboard/src/lib/auth.tsx	21	interface	AuthContextValue
server/dashboard/src/lib/auth.tsx	31	const	AuthContext
server/dashboard/src/lib/auth.tsx	41	function	storeRefreshToken
server/dashboard/src/lib/auth.tsx	49	function	clearRefreshToken
server/dashboard/src/lib/auth.tsx	53	function	refreshSession
server/dashboard/src/lib/auth.tsx	54	const	res
server/dashboard/src/lib/auth.tsx	59	const	data
server/dashboard/src/lib/auth.tsx	64	function	AuthProvider
server/dashboard/src/lib/auth.tsx	68	const	loadUser
server/dashboard/src/lib/auth.tsx	69	const	res
server/dashboard/src/lib/auth.tsx	77	const	ok
server/dashboard/src/lib/auth.tsx	90	const	login
server/dashboard/src/lib/auth.tsx	92	const	res
server/dashboard/src/lib/auth.tsx	100	const	register
server/dashboard/src/lib/auth.tsx	102	const	res
server/dashboard/src/lib/auth.tsx	114	const	logout
server/dashboard/src/lib/auth.tsx	121	const	value
server/dashboard/src/lib/error-message.ts	3	function	getErrorMessage
server/dashboard/src/lib/error-message.ts	8	const	detail
server/dashboard/src/lib/error-message.ts	11	const	first
server/dashboard/src/lib/server-api-url.ts	1	function	getServerApiUrl
server/dashboard/src/lib/utils.ts	4	function	cn
server/dashboard/src/lib/utils.ts	8	function	formatCompactNumber
server/dashboard/src/lib/validators.ts	1	const	EMAIL_RE
server/dashboard/src/lib/validators.ts	3	const	isValidEmail
server/dashboard/src/middleware.ts	5	const	PUBLIC_PATHS
server/dashboard/src/middleware.ts	13	function	middleware
server/dashboard/src/middleware.ts	20	const	hasRefreshToken
server/dashboard/src/middleware.ts	24	const	res
server/dashboard/src/middleware.ts	57	const	loginUrl
server/dashboard/src/middleware.ts	65	const	config
server/dashboard/src/store/reducers/layoutReducer.ts	1	enum	LayoutActionConstants
server/dashboard/src/store/reducers/layoutReducer.ts	5	interface	LayoutState
server/dashboard/src/store/reducers/layoutReducer.ts	9	const	initialState
server/dashboard/src/store/reducers/layoutReducer.ts	13	const	layoutReducer
server/dashboard/src/store/reducers/layoutReducer.ts	25	const	toggleSidebar
server/dashboard/src/store/rootReducer.ts	4	const	rootReducer
server/dashboard/src/store/store.ts	4	const	store
server/dashboard/src/store/store.ts	8	type	RootState
server/dashboard/src/store/store.ts	9	type	AppDispatch
server/dashboard/src/types/api.ts	1	interface	Memory
server/dashboard/src/types/api.ts	10	interface	ApiKey
server/dashboard/src/types/api.ts	18	interface	ApiKeyCreateResponse
server/dashboard/src/types/api.ts	26	interface	ApiRequestLog
server/dashboard/src/types/api.ts	36	type	EntityType
server/dashboard/src/types/api.ts	38	interface	Entity
server/dashboard/src/types/imurmurhash.d.ts	2	interface	MurmurHash3State
server/dashboard/src/types/imurmurhash.d.ts	7	function	MurmurHash3
server/dashboard/src/types/ui-components.ts	3	interface	InputProps
server/dashboard/src/types/ui-components.ts	7	interface	TextareaProps
server/dashboard/src/utils/api-endpoints.ts	1	const	AUTH_ENDPOINTS
server/dashboard/src/utils/api-endpoints.ts	11	const	MEMORY_ENDPOINTS
server/dashboard/src/utils/api-endpoints.ts	21	const	API_KEY_ENDPOINTS
server/dashboard/src/utils/api-endpoints.ts	26	const	REQUEST_ENDPOINTS
server/dashboard/src/utils/api-endpoints.ts	30	const	ENTITY_ENDPOINTS
server/dashboard/src/utils/api.ts	4	const	LOGIN_PATH
server/dashboard/src/utils/api.ts	6	const	setAccessToken
server/dashboard/src/utils/api.ts	10	const	getAccessToken
server/dashboard/src/utils/api.ts	14	const	handleTokenError
server/dashboard/src/utils/api.ts	18	const	redirectToLogin
server/dashboard/src/utils/api.ts	24	const	refreshAccessToken
server/dashboard/src/utils/api.ts	25	const	refreshResponse
server/dashboard/src/utils/api.ts	34	const	data
server/dashboard/src/utils/api.ts	39	const	createApi
server/dashboard/src/utils/api.ts	42	const	api
server/dashboard/src/utils/api.ts	66	const	nextToken
server/dashboard/src/utils/api.ts	86	const	postStream
server/dashboard/src/utils/api.ts	87	const	response
server/dashboard/src/utils/api.ts	103	const	errorData
server/dashboard/src/utils/api.ts	113	const	api
server/dashboard/src/utils/helpers.ts	1	const	toTitleCase
server/dashboard/src/utils/self-hosted-config.ts	1	type	ProviderConfig
server/dashboard/src/utils/self-hosted-config.ts	9	type	EffectiveConfig
server/dashboard/src/utils/self-hosted-config.ts	14	const	getEffectiveConfig
server/dashboard/src/utils/self-hosted-config.ts	19	const	record
server/dashboard/src/utils/self-hosted-config.ts	27	const	buildProviderConfig
server/dashboard/tailwind.config.ts	3	const	config
server/db.py	7	def	_build_database_url
server/db.py	21	class	Base
server/db.py	25	def	get_db
server/errors.py	12	class	UpstreamError
server/errors.py	13	def	__init__
server/errors.py	28	def	_classify_one
server/errors.py	54	def	_classify
server/errors.py	67	def	new_request_id
server/errors.py	71	def	upstream_error
server/errors.py	79	def	upstream_error_handler
server/errors.py	87	def	install_request_id_logging
server/errors.py	90	def	factory
server/main.py	65	def	_warn_if_unconfigured
server/main.py	174	class	Message
server/main.py	179	class	MemoryCreate
server/main.py	191	class	MemoryUpdate
server/main.py	197	class	SearchRequest
server/main.py	209	class	GenerateInstructionsRequest
server/main.py	213	def	_client_error
server/main.py	221	def	_redact_config
server/main.py	231	def	_validate_bundled_providers
server/main.py	261	def	_should_log_request
server/main.py	270	def	_persist_request_log
server/main.py	292	def	log_requests
server/main.py	322	def	get_config
server/main.py	327	def	list_bundled_providers
server/main.py	332	def	set_config
server/main.py	340	def	generate_instructions
server/main.py	367	def	add_memory
server/main.py	388	def	_serialize_memory
server/main.py	404	def	_list_all_memories
server/main.py	411	def	get_all_memories
server/main.py	443	def	get_memory
server/main.py	452	def	search_memories
server/main.py	487	def	update_memory
server/main.py	506	def	memory_history
server/main.py	515	def	delete_memory
server/main.py	527	def	delete_all_memories
server/main.py	547	def	reset_memory
server/main.py	557	def	home
server/models.py	10	def	_utcnow
server/models.py	14	def	_new_uuid
server/models.py	18	class	User
server/models.py	30	class	APIKey
server/models.py	43	class	RequestLog
server/models.py	55	class	RefreshTokenJti
server/models.py	65	class	Settings
server/routers/api_keys.py	17	class	CreateKeyRequest
server/routers/api_keys.py	21	class	CreateKeyResponse
server/routers/api_keys.py	29	class	KeyListItem
server/routers/api_keys.py	40	def	list_keys
server/routers/api_keys.py	63	def	create_key
server/routers/api_keys.py	80	def	revoke_key
server/routers/auth.py	31	def	_require_password_length
server/routers/auth.py	39	class	RegisterRequest
server/routers/auth.py	45	class	OnboardingCompleteRequest
server/routers/auth.py	49	class	LoginRequest
server/routers/auth.py	54	class	RefreshRequest
server/routers/auth.py	58	class	UpdateProfileRequest
server/routers/auth.py	63	class	ChangePasswordRequest
server/routers/auth.py	68	class	TokenResponse
server/routers/auth.py	74	class	UserResponse
server/routers/auth.py	84	class	SetupStatusResponse
server/routers/auth.py	89	def	setup_status
server/routers/auth.py	96	def	register
server/routers/auth.py	127	def	login
server/routers/auth.py	146	def	refresh
server/routers/auth.py	168	def	me
server/routers/auth.py	173	def	update_me
server/routers/auth.py	193	def	change_password
server/routers/auth.py	209	def	onboarding_complete
server/routers/entities.py	20	class	Entity
server/routers/entities.py	28	def	_iter_payloads
server/routers/entities.py	34	def	_parse_timestamp
server/routers/entities.py	44	def	list_entities
server/routers/entities.py	71	def	delete_entity
server/routers/requests.py	15	class	RequestLogItem
server/routers/requests.py	31	def	list_requests
server/schemas.py	4	class	MessageResponse
server/scripts/prune_request_logs.py	16	def	main
server/scripts/reset_admin_password.py	15	def	main
server/server_state.py	15	def	set_session_factory
server/server_state.py	20	def	_load_overrides
server/server_state.py	38	def	_save_overrides
server/server_state.py	64	def	_merge_config
server/server_state.py	76	def	initialize_state
server/server_state.py	86	def	update_config
server/server_state.py	98	def	get_current_config
server/server_state.py	103	def	get_memory_instance
server/telemetry.py	35	def	_load_state
server/telemetry.py	44	def	_save_state
server/telemetry.py	52	def	_install_id
server/telemetry.py	61	def	_get_client
server/telemetry.py	74	def	log_status
server/telemetry.py	79	def	_capture_once
server/telemetry.py	108	def	capture_admin_registered
server/telemetry.py	112	def	capture_onboarding_completed
server/telemetry.py	116	def	log_dashboard_nudge_once
skills/mem0/scripts/mem0_doc_search.py	75	def	fetch_url
skills/mem0/scripts/mem0_doc_search.py	87	def	search_docs
skills/mem0/scripts/mem0_doc_search.py	132	def	fetch_page
skills/mem0/scripts/mem0_doc_search.py	139	def	get_index
skills/mem0/scripts/mem0_doc_search.py	146	def	list_section
skills/mem0/scripts/mem0_doc_search.py	156	def	main
tests/configs/test_prompts.py	4	def	test_get_update_memory_messages
tests/configs/test_prompts.py	22	def	test_get_update_memory_messages_empty_memory
tests/configs/test_prompts.py	40	def	test_get_update_memory_messages_non_empty_memory
tests/embeddings/test_aws_bedrock_embeddings.py	11	def	mock_boto3_client
tests/embeddings/test_aws_bedrock_embeddings.py	17	def	test_session_token_from_config_is_passed_to_client
tests/embeddings/test_aws_bedrock_embeddings.py	40	def	test_session_token_falls_back_to_env
tests/embeddings/test_aws_bedrock_embeddings.py	54	def	test_no_session_token_passes_none
tests/embeddings/test_aws_bedrock_embeddings.py	64	def	_captured_request_body
tests/embeddings/test_aws_bedrock_embeddings.py	78	def	test_titan_v2_forwards_embedding_dims_as_dimensions
tests/embeddings/test_aws_bedrock_embeddings.py	92	def	test_titan_v2_without_embedding_dims_omits_dimensions
tests/embeddings/test_aws_bedrock_embeddings.py	101	def	test_titan_v1_ignores_embedding_dims
tests/embeddings/test_azure_openai_embeddings.py	10	def	mock_openai_client
tests/embeddings/test_azure_openai_embeddings.py	17	def	test_embed_text
tests/embeddings/test_azure_openai_embeddings.py	38	def	test_embed_text_with_default_headers
tests/embeddings/test_azure_openai_embeddings.py	56	def	base_embedder_config
tests/embeddings/test_azure_openai_embeddings.py	57	class	DummyAzureKwargs
tests/embeddings/test_azure_openai_embeddings.py	64	class	DummyConfig
tests/embeddings/test_azure_openai_embeddings.py	72	def	test_init_with_api_key
tests/embeddings/test_azure_openai_embeddings.py	98	def	test_init_with_env_vars
tests/embeddings/test_azure_openai_embeddings.py	117	def	test_init_with_default_azure_credential
tests/embeddings/test_azure_openai_embeddings.py	143	def	test_init_with_placeholder_api_key
tests/embeddings/test_azure_openai_embeddings.py	169	def	test_embed_batch_returns_all_embeddings
tests/embeddings/test_azure_openai_embeddings.py	184	def	test_embed_batch_count_mismatch_raises
tests/embeddings/test_fastembed_embeddings.py	14	def	mock_fastembed_client
tests/embeddings/test_fastembed_embeddings.py	21	def	test_embed_with_jina_model
tests/embeddings/test_fastembed_embeddings.py	35	def	test_embed_removes_newlines
tests/embeddings/test_gemini_emeddings.py	10	def	mock_genai
tests/embeddings/test_gemini_emeddings.py	18	def	config
tests/embeddings/test_gemini_emeddings.py	22	def	test_embed_query
tests/embeddings/test_gemini_emeddings.py	37	def	test_embed_returns_empty_list_if_none
tests/embeddings/test_gemini_emeddings.py	46	def	test_embed_raises_on_error
tests/embeddings/test_gemini_emeddings.py	55	def	test_config_initialization
tests/embeddings/test_gemini_emeddings.py	63	def	test_embed_batch_single_call
tests/embeddings/test_gemini_emeddings.py	77	def	test_embed_batch_empty_list
tests/embeddings/test_gemini_emeddings.py	86	def	test_embed_batch_count_mismatch_raises
tests/embeddings/test_gemini_emeddings.py	96	def	test_embed_batch_chunks_over_100_texts
tests/embeddings/test_gemini_emeddings.py	97	def	make_chunk_response
tests/embeddings/test_gemini_emeddings.py	112	def	test_embed_batch_strips_newlines
tests/embeddings/test_huggingface_embeddings.py	11	def	mock_sentence_transformer
tests/embeddings/test_huggingface_embeddings.py	18	def	test_embed_default_model
tests/embeddings/test_huggingface_embeddings.py	29	def	test_embed_custom_model
tests/embeddings/test_huggingface_embeddings.py	40	def	test_embed_with_model_kwargs
tests/embeddings/test_huggingface_embeddings.py	51	def	test_embed_sets_embedding_dims
tests/embeddings/test_huggingface_embeddings.py	61	def	test_embed_with_custom_embedding_dims
tests/embeddings/test_huggingface_embeddings.py	75	def	test_embed_with_huggingface_base_url
tests/embeddings/test_huggingface_embeddings.py	106	def	test_embed_batch_sentence_transformer
tests/embeddings/test_huggingface_embeddings.py	119	def	test_embed_batch_empty_list_sentence_transformer
tests/embeddings/test_huggingface_embeddings.py	129	def	test_embed_batch_base_url
tests/embeddings/test_huggingface_embeddings.py	149	def	test_embed_batch_count_mismatch_raises_base_url
tests/embeddings/test_huggingface_embeddings.py	164	def	test_embed_batch_count_mismatch_raises_sentence_transformer
tests/embeddings/test_lm_studio_embeddings.py	11	def	mock_lm_studio_client
tests/embeddings/test_lm_studio_embeddings.py	19	def	test_embed_text
tests/embeddings/test_lm_studio_embeddings.py	33	def	test_embed_batch_single_call
tests/embeddings/test_lm_studio_embeddings.py	50	def	test_embed_batch_empty_list
tests/embeddings/test_lm_studio_embeddings.py	60	def	test_embed_batch_strips_newlines
tests/embeddings/test_lm_studio_embeddings.py	74	def	test_embed_batch_count_mismatch_raises
tests/embeddings/test_ollama_embeddings.py	10	def	mock_ollama_client
tests/embeddings/test_ollama_embeddings.py	18	def	test_embed_text
tests/embeddings/test_ollama_embeddings.py	33	def	test_ensure_model_exists
tests/embeddings/test_ollama_embeddings.py	46	def	test_ensure_model_exists_normalizes_latest_tag
tests/embeddings/test_ollama_embeddings.py	55	def	test_embed_empty_response_raises
tests/embeddings/test_ollama_embeddings.py	65	def	test_embed_batch_single_call
tests/embeddings/test_ollama_embeddings.py	79	def	test_embed_batch_empty_list
tests/embeddings/test_ollama_embeddings.py	89	def	test_embed_batch_count_mismatch_raises
tests/embeddings/test_openai_embeddings.py	10	def	mock_openai_client
tests/embeddings/test_openai_embeddings.py	17	def	test_embed_default_model
tests/embeddings/test_openai_embeddings.py	32	def	test_embed_custom_model
tests/embeddings/test_openai_embeddings.py	47	def	test_embed_removes_newlines
tests/embeddings/test_openai_embeddings.py	62	def	test_embed_without_api_key_env_var
tests/embeddings/test_openai_embeddings.py	77	def	test_embed_uses_environment_api_key
tests/embeddings/test_openai_embeddings.py	93	def	test_embed_passes_encoding_format_float
tests/embeddings/test_openai_embeddings.py	112	def	test_embed_passes_dimensions_only_when_explicit
tests/embeddings/test_openai_embeddings.py	127	def	test_embed_batch_returns_all_embeddings
tests/embeddings/test_openai_embeddings.py	142	def	test_embed_batch_count_mismatch_raises
tests/embeddings/test_together_embeddings.py	13	def	mock_together_client
tests/embeddings/test_together_embeddings.py	20	def	test_embed_text
tests/embeddings/test_together_embeddings.py	33	def	test_embed_batch_single_call
tests/embeddings/test_together_embeddings.py	48	def	test_embed_batch_empty_list
tests/embeddings/test_together_embeddings.py	58	def	test_embed_batch_count_mismatch_raises
tests/embeddings/test_together_embeddings.py	69	def	test_default_config_applies_together_defaults
tests/embeddings/test_together_embeddings.py	76	def	test_explicit_config_overrides_defaults
tests/embeddings/test_vertexai_embeddings.py	9	def	mock_text_embedding_model
tests/embeddings/test_vertexai_embeddings.py	17	def	mock_os_environ
tests/embeddings/test_vertexai_embeddings.py	23	def	mock_config
tests/embeddings/test_vertexai_embeddings.py	30	def	mock_embedding_types
tests/embeddings/test_vertexai_embeddings.py	44	def	mock_text_embedding_input
tests/embeddings/test_vertexai_embeddings.py	50	def	test_embed_default_model
tests/embeddings/test_vertexai_embeddings.py	70	def	test_embed_custom_model
tests/embeddings/test_vertexai_embeddings.py	92	def	test_embed_with_memory_action
tests/embeddings/test_vertexai_embeddings.py	118	def	test_credentials_from_environment
tests/embeddings/test_vertexai_embeddings.py	127	def	test_missing_credentials
tests/embeddings/test_vertexai_embeddings.py	138	def	test_embed_with_different_dimensions
tests/embeddings/test_vertexai_embeddings.py	153	def	test_invalid_memory_action
tests/embeddings/test_vertexai_embeddings.py	165	def	test_embed_batch_single_call
tests/embeddings/test_vertexai_embeddings.py	186	def	test_embed_batch_empty_list
tests/embeddings/test_vertexai_embeddings.py	200	def	test_embed_batch_count_mismatch_raises
tests/embeddings/test_vertexai_embeddings.py	215	def	test_embed_batch_default_memory_action_uses_add
tests/embeddings/test_vertexai_embeddings.py	234	def	test_embed_batch_none_memory_action_uses_default
tests/embeddings/test_vertexai_embeddings.py	251	def	test_embed_batch_invalid_memory_action_raises
tests/embeddings/test_vertexai_embeddings.py	263	def	test_embed_batch_chunking_triggers_two_api_calls
tests/embeddings/test_vertexai_embeddings.py	271	def	make_chunk_response
tests/llms/test_anthropic.py	13	def	mock_anthropic_client
tests/llms/test_anthropic.py	20	def	test_default_config_omits_top_p
tests/llms/test_anthropic.py	27	def	test_generate_response_does_not_send_top_p_by_default
tests/llms/test_anthropic.py	48	def	test_generate_response_sends_top_p_alone_when_no_temperature
tests/llms/test_anthropic.py	69	def	test_both_set_prefers_temperature_over_top_p
tests/llms/test_anthropic.py	86	def	test_configured_base_url_is_passed_to_client
tests/llms/test_anthropic.py	99	def	test_base_url_falls_back_to_env
tests/llms/test_anthropic.py	109	def	test_base_url_omitted_when_unset
tests/llms/test_anthropic.py	119	def	test_base_config_conversion_does_not_send_both
tests/llms/test_anthropic.py	154	def	test_enable_sampling_parameters_for_current_models
tests/llms/test_anthropic.py	169	def	test_enable_sampling_parameters_respects_explicit_override
tests/llms/test_aws_bedrock.py	15	def	mock_boto3
tests/llms/test_aws_bedrock.py	22	def	_client
tests/llms/test_aws_bedrock.py	31	def	_make_llm
tests/llms/test_aws_bedrock.py	37	def	_converse_response
tests/llms/test_aws_bedrock.py	46	class	TestExtractProvider
tests/llms/test_aws_bedrock.py	47	def	test_standard_anthropic_model
tests/llms/test_aws_bedrock.py	50	def	test_inference_profile_us_prefix
tests/llms/test_aws_bedrock.py	54	def	test_inference_profile_eu_prefix
tests/llms/test_aws_bedrock.py	57	def	test_inference_profile_ap_prefix
tests/llms/test_aws_bedrock.py	60	def	test_amazon_model
tests/llms/test_aws_bedrock.py	63	def	test_meta_model
tests/llms/test_aws_bedrock.py	66	def	test_mistral_model
tests/llms/test_aws_bedrock.py	69	def	test_unknown_model_raises
tests/llms/test_aws_bedrock.py	78	class	TestAWSBedrockConfig
tests/llms/test_aws_bedrock.py	79	def	test_top_p_defaults_to_none
tests/llms/test_aws_bedrock.py	83	def	test_top_p_explicit_value_stored
tests/llms/test_aws_bedrock.py	87	def	test_get_model_config_excludes_top_p_by_default
tests/llms/test_aws_bedrock.py	92	def	test_get_model_config_includes_top_p_when_set
tests/llms/test_aws_bedrock.py	97	def	test_get_model_config_top_p_via_model_kwargs
tests/llms/test_aws_bedrock.py	105	def	test_get_model_config_always_includes_temperature
tests/llms/test_aws_bedrock.py	110	def	test_aws_region_stored
tests/llms/test_aws_bedrock.py	122	class	TestLlmFactory
tests/llms/test_aws_bedrock.py	123	def	test_aws_bedrock_uses_aws_bedrock_config
tests/llms/test_aws_bedrock.py	127	def	test_factory_create_accepts_aws_region
tests/llms/test_aws_bedrock.py	154	class	TestBuildInferenceConfig
tests/llms/test_aws_bedrock.py	160	def	test_anthropic_only_temperature_by_default
tests/llms/test_aws_bedrock.py	167	def	test_anthropic_top_p_explicitly_set_still_omits_top_p
tests/llms/test_aws_bedrock.py	179	def	test_anthropic_inference_profile_omits_top_p
tests/llms/test_aws_bedrock.py	185	def	test_amazon_includes_top_p_when_set
tests/llms/test_aws_bedrock.py	196	def	test_amazon_omits_top_p_when_not_set
tests/llms/test_aws_bedrock.py	201	def	test_max_tokens_present
tests/llms/test_aws_bedrock.py	210	def	test_nova_fallback_max_tokens_when_absent
tests/llms/test_aws_bedrock.py	217	def	test_anthropic_fallback_max_tokens_when_absent
tests/llms/test_aws_bedrock.py	223	def	test_minimax_omits_top_p_when_explicitly_set
tests/llms/test_aws_bedrock.py	236	def	test_minimax_only_temperature_by_default
tests/llms/test_aws_bedrock.py	268	class	TestGenerateResponseConverse
tests/llms/test_aws_bedrock.py	269	def	test_standard_anthropic_no_top_p_in_converse_call
tests/llms/test_aws_bedrock.py	280	def	test_standard_anthropic_inference_profile_no_top_p
tests/llms/test_aws_bedrock.py	289	def	test_with_tools_anthropic_no_top_p
tests/llms/test_aws_bedrock.py	298	def	test_with_tools_anthropic_top_p_set_still_omitted
tests/llms/test_aws_bedrock.py	313	def	test_nova_includes_top_p_when_explicitly_set
tests/llms/test_aws_bedrock.py	327	def	test_nova_omits_top_p_when_not_set
tests/llms/test_aws_bedrock.py	336	def	test_anthropic_model_kwargs_top_p_still_omits_top_p_in_converse
tests/llms/test_aws_bedrock.py	356	class	TestMiniMaxProvider
tests/llms/test_aws_bedrock.py	359	def	test_extract_provider
tests/llms/test_aws_bedrock.py	363	def	test_generate_response_text_only
tests/llms/test_aws_bedrock.py	376	def	test_generate_response_reasoning_model
tests/llms/test_aws_bedrock.py	396	def	test_inference_config
tests/llms/test_aws_bedrock.py	408	def	test_system_prompt_passed_correctly
tests/llms/test_aws_bedrock.py	433	class	TestParseResponseLegacy
tests/llms/test_aws_bedrock.py	434	def	test_ai21_missing_completions_returns_empty
tests/llms/test_aws_bedrock.py	445	def	test_ai21_normal_response
tests/llms/test_azure_openai.py	15	def	mock_openai_client
tests/llms/test_azure_openai.py	22	def	test_generate_response_without_tools
tests/llms/test_azure_openai.py	42	def	test_generate_response_with_tools
tests/llms/test_azure_openai.py	94	def	test_generate_response_with_response_format
tests/llms/test_azure_openai.py	119	def	test_generate_response_without_response_format
tests/llms/test_azure_openai.py	138	def	test_generate_response_does_not_mutate_caller_messages
tests/llms/test_azure_openai.py	152	def	test_generate_response_rewrites_assistant_keyword_for_model_only
tests/llms/test_azure_openai.py	168	def	test_generate_response_handles_multimodal_content
tests/llms/test_azure_openai.py	184	def	test_reasoning_model_with_reasoning_effort
tests/llms/test_azure_openai.py	205	def	test_azure_reasoning_effort_not_passed_when_none
tests/llms/test_azure_openai.py	224	def	test_azure_config_accepts_reasoning_effort
tests/llms/test_azure_openai.py	235	def	test_is_reasoning_model_override_forces_reasoning_path
tests/llms/test_azure_openai.py	264	def	test_is_reasoning_model_override_false_keeps_standard_params
tests/llms/test_azure_openai.py	287	def	test_is_reasoning_model_defaults_to_name_heuristic
tests/llms/test_azure_openai.py	305	def	test_generate_with_http_proxies
tests/llms/test_azure_openai.py	341	def	test_init_with_api_key
tests/llms/test_azure_openai.py	376	def	test_init_with_env_vars
tests/llms/test_azure_openai.py	405	def	test_init_with_default_azure_credential
tests/llms/test_azure_openai.py	437	def	test_init_with_placeholder_api_key
tests/llms/test_azure_openai_structured.py	7	class	DummyAzureKwargs
tests/llms/test_azure_openai_structured.py	8	def	__init__
tests/llms/test_azure_openai_structured.py	23	class	DummyConfig
tests/llms/test_azure_openai_structured.py	24	def	__init__
tests/llms/test_azure_openai_structured.py	44	def	test_init_with_api_key
tests/llms/test_azure_openai_structured.py	57	def	test_init_with_default_credential
tests/llms/test_azure_openai_structured.py	71	def	test_init_with_env_vars
tests/llms/test_azure_openai_structured.py	87	def	test_init_with_placeholder_api_key_uses_default_credential
tests/llms/test_azure_openai_structured.py	107	def	test_generate_response_without_tools
tests/llms/test_azure_openai_structured.py	125	def	test_generate_response_gpt5_uses_max_completion_tokens
tests/llms/test_azure_openai_structured.py	144	def	test_generate_response_legacy_model_uses_max_tokens
tests/llms/test_azure_openai_structured.py	163	def	test_generate_response_with_tools
tests/llms/test_azure_openai_structured.py	193	def	test_generate_response_with_tools_no_tool_calls
tests/llms/test_azure_openai_structured.py	217	def	test_reasoning_model_drops_sampling_params
tests/llms/test_azure_openai_structured.py	244	def	test_regular_model_sends_sampling_params
tests/llms/test_azure_openai_structured.py	270	def	test_generate_response_does_not_mutate_caller_messages
tests/llms/test_azure_openai_structured.py	288	def	test_generate_response_rewrites_assistant_keyword_for_model_only
tests/llms/test_azure_openai_structured.py	308	def	test_generate_response_handles_multimodal_content
tests/llms/test_deepseek.py	12	def	mock_deepseek_client
tests/llms/test_deepseek.py	19	def	test_deepseek_llm_base_url
tests/llms/test_deepseek.py	46	def	test_generate_response_without_tools
tests/llms/test_deepseek.py	66	def	test_generate_response_with_tools
tests/llms/test_deepseek.py	118	def	test_generate_response_with_response_format
tests/llms/test_deepseek.py	143	def	test_generate_response_without_response_format
tests/llms/test_gemini.py	12	def	mock_gemini_client
tests/llms/test_gemini.py	19	def	test_generate_response_without_tools
tests/llms/test_gemini.py	54	def	test_generate_response_with_tools
tests/llms/test_gemini.py	123	def	test_parse_response_none_content_no_tools
tests/llms/test_gemini.py	135	def	test_parse_response_none_content_with_tools
tests/llms/test_gemini.py	147	def	test_parse_response_empty_candidates
tests/llms/test_gemini.py	157	def	test_parse_response_none_candidates
tests/llms/test_gemini.py	167	def	test_parse_response_empty_parts_no_tools
tests/llms/test_gemini.py	180	def	test_parse_response_empty_parts_with_tools
tests/llms/test_gemini.py	193	def	test_none_config_values_omitted_from_generation_config
tests/llms/test_gemini.py	213	def	test_explicit_config_values_passed_to_generation_config
tests/llms/test_gemini.py	238	def	test_init_default_path_uses_api_key
tests/llms/test_gemini.py	247	def	test_init_backward_compat_with_base_config
tests/llms/test_gemini.py	256	def	test_init_vertexai_via_explicit_config
tests/llms/test_gemini.py	264	def	test_init_vertexai_via_dict_config
tests/llms/test_gemini.py	272	def	test_init_vertexai_via_env_vars
tests/llms/test_gemini.py	282	def	test_init_vertexai_location_defaults_to_us_central1
tests/llms/test_gemini.py	291	def	test_init_base_config_respects_vertexai_env
tests/llms/test_groq.py	10	def	mock_groq_client
tests/llms/test_groq.py	17	def	test_generate_response_without_tools
tests/llms/test_groq.py	37	def	test_generate_response_with_tools
tests/llms/test_groq.py	90	def	test_generate_response_skips_json_mode_for_compound_models
tests/llms/test_groq.py	108	def	test_generate_response_keeps_json_mode_for_standard_model
tests/llms/test_groq.py	123	def	test_generate_response_keeps_non_json_response_format_for_compound_model
tests/llms/test_groq.py	138	def	test_generate_response_keeps_tools_when_skipping_json_mode
tests/llms/test_groq.py	172	def	test_generate_response_handles_non_string_model
tests/llms/test_langchain.py	20	def	mock_langchain_model
tests/llms/test_langchain.py	27	def	test_langchain_initialization
tests/llms/test_langchain.py	39	def	test_generate_response
tests/llms/test_langchain.py	73	def	test_generate_response_with_tools
tests/llms/test_langchain.py	118	def	test_generate_response_forwards_extra_kwargs
tests/llms/test_langchain.py	132	def	test_invalid_model
tests/llms/test_langchain.py	140	def	test_missing_model
tests/llms/test_litellm.py	10	def	mock_litellm
tests/llms/test_litellm.py	15	def	test_generate_response_with_unsupported_model
tests/llms/test_litellm.py	28	def	test_generate_response_with_unsupported_model_no_tools
tests/llms/test_litellm.py	44	def	test_generate_response_without_tools
tests/llms/test_litellm.py	65	def	test_generate_response_gpt5_uses_max_completion_tokens
tests/llms/test_litellm.py	82	def	test_generate_response_legacy_model_uses_max_tokens
tests/llms/test_litellm.py	99	def	test_generate_response_with_tools
tests/llms/test_lm_studio.py	10	def	mock_lm_studio_client
tests/llms/test_lm_studio.py	20	def	test_generate_response_without_tools
tests/llms/test_lm_studio.py	47	def	test_generate_response_specifying_response_format
tests/llms/test_minimax.py	13	def	mock_minimax_client
tests/llms/test_minimax.py	20	def	test_minimax_llm_default_base_url
tests/llms/test_minimax.py	30	def	test_minimax_llm_env_base_url
tests/llms/test_minimax.py	48	def	test_minimax_llm_config_base_url
tests/llms/test_minimax.py	63	def	test_minimax_llm_default_model
tests/llms/test_minimax.py	70	def	test_minimax_llm_env_api_key
tests/llms/test_minimax.py	87	def	test_generate_response_without_tools
tests/llms/test_minimax.py	110	def	test_generate_response_with_tools
tests/llms/test_minimax.py	165	def	test_generate_response_with_response_format
tests/llms/test_minimax.py	190	def	test_factory_creates_minimax_llm
tests/llms/test_ollama.py	10	def	mock_ollama_client
tests/llms/test_ollama.py	18	def	test_generate_response_without_tools
tests/llms/test_ollama.py	37	def	test_generate_response_with_tools_passes_tools_to_client
tests/llms/test_ollama.py	81	def	test_generate_response_with_tools_no_tool_calls_in_response
tests/llms/test_ollama.py	97	def	test_generate_response_with_tools_string_arguments
tests/llms/test_ollama.py	119	def	test_parse_response_with_tools_object_style
tests/llms/test_openai.py	13	def	mock_openai_client
tests/llms/test_openai.py	20	def	test_openai_llm_base_url
tests/llms/test_openai.py	45	def	test_generate_response_without_tools
tests/llms/test_openai.py	65	def	test_generate_response_with_tools
tests/llms/test_openai.py	111	def	test_response_callback_invocation
tests/llms/test_openai.py	135	def	test_no_response_callback
tests/llms/test_openai.py	153	def	test_callback_exception_handling
tests/llms/test_openai.py	155	def	faulty_callback
tests/llms/test_openai.py	175	def	test_reasoning_model_with_reasoning_effort
tests/llms/test_openai.py	193	def	test_reasoning_model_without_reasoning_effort
tests/llms/test_openai.py	209	def	test_non_reasoning_model_ignores_reasoning_effort
tests/llms/test_openai.py	226	def	test_reasoning_effort_config_values
tests/llms/test_openai.py	236	def	test_store_not_sent_by_default
tests/llms/test_openai.py	256	def	test_store_sent_when_explicitly_true
tests/llms/test_openai.py	272	def	test_store_sent_when_explicitly_false
tests/llms/test_openai.py	290	def	test_gpt5_mini_not_classified_as_reasoning
tests/llms/test_openai.py	312	def	test_is_reasoning_model_classification
tests/llms/test_openai.py	333	def	test_is_reasoning_model_explicit_override
tests/llms/test_openai.py	358	def	test_is_reasoning_model_override_generates_correct_params
tests/llms/test_openai.py	380	def	test_gpt5_uses_max_completion_tokens
tests/llms/test_openai.py	402	def	test_gpt4_uses_max_tokens
tests/llms/test_openai.py	419	def	test_callback_with_tools
tests/llms/test_openai.py	458	def	test_openai_llm_preserves_proxies_from_base_config
tests/llms/test_openai_structured.py	10	def	mock_openai_client
tests/llms/test_openai_structured.py	17	def	_mock_parse
tests/llms/test_openai_structured.py	23	def	test_reasoning_model_drops_temperature
tests/llms/test_openai_structured.py	39	def	test_regular_model_sends_sampling_params
tests/llms/test_sarvam.py	10	def	sarvam_llm
tests/llms/test_sarvam.py	15	def	_mock_post
tests/llms/test_sarvam.py	22	def	test_generate_response_returns_content
tests/llms/test_sarvam.py	37	def	test_generate_response_forwards_extra_kwargs
tests/llms/test_together.py	10	def	mock_together_client
tests/llms/test_together.py	17	def	test_generate_response_without_tools
tests/llms/test_together.py	37	def	test_generate_response_with_tools
tests/llms/test_together.py	89	def	test_generate_response_forwards_extra_kwargs
tests/llms/test_vllm.py	11	def	mock_vllm_client
tests/llms/test_vllm.py	18	def	test_generate_response_without_tools
tests/llms/test_vllm.py	38	def	test_generate_response_with_tools
tests/llms/test_vllm.py	91	def	test_generate_response_with_response_format
tests/llms/test_vllm.py	116	def	test_generate_response_without_response_format
tests/llms/test_vllm.py	135	def	create_mocked_memory
tests/llms/test_vllm.py	165	def	create_mocked_async_memory
tests/llms/test_vllm.py	195	def	test_thinking_tags_sync
tests/llms/test_vllm.py	220	def	test_async_thinking_tags_async
tests/llms/test_vllm.py	230	def	mock_to_thread
tests/llms/test_xai.py	13	def	mock_xai_client
tests/llms/test_xai.py	20	def	test_xai_llm_base_url
tests/llms/test_xai.py	42	def	test_xai_defaults_to_current_grok_model
tests/llms/test_xai.py	48	def	test_xai_accepts_base_llm_config
tests/llms/test_xai.py	56	def	test_generate_response_without_tools
tests/llms/test_xai.py	80	def	test_generate_response_with_tools
tests/llms/test_xai.py	128	def	test_empty_tools_list_not_forwarded
tests/llms/test_xai.py	145	def	test_tools_requested_but_model_returns_no_calls
tests/llms/test_xai.py	159	def	test_generate_response_with_response_format
tests/llms/test_xai.py	184	def	test_generate_response_without_response_format
tests/llms/test_xai.py	198	def	test_factory_creates_xai_from_dict
tests/llms/test_xai.py	210	def	test_factory_creates_xai_from_base_config
tests/memory/test_decay_feature_notice.py	7	def	test_sync_project_update_decay_true_raises_with_notice_message
tests/memory/test_decay_feature_notice.py	10	def	get_error
tests/memory/test_decay_feature_notice.py	23	def	test_async_project_update_decay_true_raises_with_notice_message
tests/memory/test_decay_feature_notice.py	26	def	get_error
tests/memory/test_decay_feature_notice.py	39	def	test_sync_project_update_non_trigger_raises_plain_error_without_notice
tests/memory/test_decay_feature_notice.py	52	def	test_async_project_update_non_trigger_raises_plain_error_without_notice
tests/memory/test_decay_usage_notice.py	10	def	make_sync_memory
tests/memory/test_decay_usage_notice.py	17	def	make_async_memory
tests/memory/test_decay_usage_notice.py	25	def	test_sync_delete_decay_usage_runs_after_success
tests/memory/test_decay_usage_notice.py	56	def	test_sync_delete_below_threshold_uses_first_run_notice
tests/memory/test_decay_usage_notice.py	72	def	test_sync_delete_failure_does_not_trigger_decay_usage_notice
tests/memory/test_decay_usage_notice.py	91	def	test_sync_delete_all_decay_usage_runs_after_success
tests/memory/test_decay_usage_notice.py	120	def	test_sync_delete_all_zero_deletes_uses_first_run_notice
tests/memory/test_decay_usage_notice.py	137	def	test_async_delete_decay_usage_runs_after_success
tests/memory/test_decay_usage_notice.py	169	def	test_async_delete_failure_does_not_trigger_decay_usage_notice
tests/memory/test_decay_usage_notice.py	189	def	test_async_delete_all_decay_usage_runs_after_success
tests/memory/test_json_prompt_fix.py	18	class	TestEnsureJsonInstruction
tests/memory/test_json_prompt_fix.py	25	def	test_appends_when_json_missing_from_both_prompts
tests/memory/test_json_prompt_fix.py	34	def	test_no_change_when_json_in_system_prompt
tests/memory/test_json_prompt_fix.py	40	def	test_no_change_when_json_in_user_prompt
tests/memory/test_json_prompt_fix.py	47	def	test_user_prompt_never_modified
tests/memory/test_json_prompt_fix.py	57	def	test_case_insensitive_lowercase
tests/memory/test_json_prompt_fix.py	62	def	test_case_insensitive_uppercase
tests/memory/test_json_prompt_fix.py	67	def	test_case_insensitive_mixed
tests/memory/test_json_prompt_fix.py	72	def	test_case_insensitive_in_user_prompt
tests/memory/test_json_prompt_fix.py	98	def	test_various_custom_prompts
tests/memory/test_json_prompt_fix.py	112	def	test_empty_system_prompt
tests/memory/test_json_prompt_fix.py	117	def	test_whitespace_only_system_prompt
tests/memory/test_json_prompt_fix.py	122	def	test_preserves_original_prompt_content
tests/memory/test_json_prompt_fix.py	129	def	test_appended_instruction_mentions_facts_key
tests/memory/test_json_prompt_fix.py	136	def	test_idempotent_when_already_has_json
tests/memory/test_json_prompt_fix.py	145	def	test_json_in_curly_braces_not_detected
tests/memory/test_json_prompt_fix.py	162	def	test_default_prompts_already_contain_json
tests/memory/test_main.py	13	def	_setup_mocks
tests/memory/test_main.py	33	class	TestAddToVectorStoreErrors
tests/memory/test_main.py	35	def	mock_memory
tests/memory/test_main.py	51	def	test_empty_llm_response_fact_extraction
tests/memory/test_main.py	68	def	test_empty_llm_response_memory_actions
tests/memory/test_main.py	83	def	test_llm_extraction_exception_is_reraised
tests/memory/test_main.py	91	class	_ProviderError
tests/memory/test_main.py	106	class	TestPromptOverridesCustomInstructions
tests/memory/test_main.py	108	def	mock_memory
tests/memory/test_main.py	118	def	test_prompt_overrides_custom_instructions
tests/memory/test_main.py	131	def	test_falls_back_to_custom_instructions_when_no_prompt
tests/memory/test_main.py	143	class	TestAsyncUpdate
tests/memory/test_main.py	145	def	mock_async_memory
tests/memory/test_main.py	152	def	test_async_update_without_metadata
tests/memory/test_main.py	166	def	test_async_update_with_metadata
tests/memory/test_main.py	181	def	test_async_update_with_empty_metadata
tests/memory/test_main.py	194	def	test_async_update_data_is_deprecated_alias_for_text
tests/memory/test_main.py	216	def	test_async_update_can_change_expiration_date_without_changing_text
tests/memory/test_main.py	244	class	TestAsyncAddToVectorStoreErrors
tests/memory/test_main.py	246	def	mock_async_memory
tests/memory/test_main.py	263	def	test_async_empty_llm_response_fact_extraction
tests/memory/test_main.py	278	def	test_async_empty_llm_response_memory_actions
tests/memory/test_main.py	294	def	test_async_llm_extraction_exception_is_reraised
tests/memory/test_main.py	304	class	_ProviderError
tests/memory/test_main.py	317	def	_build_memory_instance
tests/memory/test_main.py	331	def	_assert_utc_timestamp
tests/memory/test_main.py	337	def	test_create_memory_uses_utc_timestamps
tests/memory/test_main.py	344	def	test_create_memory_sets_updated_at
tests/memory/test_main.py	357	def	test_create_memory_preserves_existing_created_at
tests/memory/test_main.py	366	def	test_update_memory_uses_utc_timestamps
tests/memory/test_main.py	378	def	test_async_create_memory_uses_utc_timestamps
tests/memory/test_main.py	386	def	test_async_create_memory_sets_updated_at
tests/memory/test_main.py	400	def	test_async_create_memory_preserves_existing_created_at
tests/memory/test_main.py	410	def	test_async_update_memory_uses_utc_timestamps
tests/memory/test_main.py	421	def	test_create_then_search_and_get_all_return_same_timestamps
tests/memory/test_main.py	466	def	test_update_preserves_created_at_and_updates_updated_at
tests/memory/test_main.py	491	def	test_search_and_get_all_consistent_after_update
tests/memory/test_main.py	522	class	TestMetadataNotMutated
tests/memory/test_main.py	525	def	test_create_memory_does_not_mutate_metadata
tests/memory/test_main.py	536	def	test_create_memory_stores_correct_payload
tests/memory/test_main.py	549	def	test_create_memory_with_none_metadata
tests/memory/test_main.py	558	def	test_create_memory_shared_metadata_across_calls
tests/memory/test_main.py	574	def	test_create_memory_preserves_role_and_actor_id_in_history
tests/memory/test_main.py	596	def	test_create_memory_with_nested_metadata_not_mutated
tests/memory/test_main.py	607	def	test_update_memory_does_not_mutate_metadata
tests/memory/test_main.py	621	def	test_add_to_vector_store_no_infer_does_not_mutate_metadata
tests/memory/test_main.py	657	def	test_async_create_memory_does_not_mutate_metadata
tests/memory/test_main.py	669	def	test_async_create_memory_shared_metadata_across_calls
tests/memory/test_main.py	679	def	test_async_add_to_vector_store_no_infer_does_not_mutate_metadata
tests/memory/test_main.py	702	def	test_async_update_memory_does_not_mutate_metadata
tests/memory/test_main.py	717	def	test_update_preserves_actor_id_when_different_actor_updates
tests/memory/test_main.py	741	def	test_async_update_preserves_actor_id_when_different_actor_updates
tests/memory/test_main.py	763	def	_make_match
tests/memory/test_main.py	767	class	TestEntityBoostParallelism
tests/memory/test_main.py	771	def	mock_memory
tests/memory/test_main.py	776	def	mock_async_memory
tests/memory/test_main.py	780	def	test_sync_boosts_preserve_scoring
tests/memory/test_main.py	791	def	fake_search
tests/memory/test_main.py	807	def	test_sync_embed_batch_called_once
tests/memory/test_main.py	821	def	test_async_boosts_preserve_scoring
tests/memory/test_main.py	832	def	fake_search
tests/memory/test_main.py	849	def	test_async_embed_batch_called_once
tests/memory/test_main.py	862	def	test_sync_one_entity_failure_does_not_abort_others
tests/memory/test_main.py	866	def	fake_search
tests/memory/test_main.py	884	def	test_async_one_entity_failure_does_not_abort_others
tests/memory/test_main.py	888	def	fake_search
tests/memory/test_main.py	905	def	test_sync_searches_run_concurrently
tests/memory/test_main.py	911	def	blocking_search
tests/memory/test_main.py	931	def	test_async_searches_run_concurrently
tests/memory/test_main.py	937	def	blocking_search
tests/memory/test_main.py	957	class	TestAddPipelineEntityEmbeddingCountGuard
tests/memory/test_main.py	969	def	mock_memory
tests/memory/test_main.py	983	def	mock_async_memory
tests/memory/test_main.py	997	def	_short_entity_embed_batch
tests/memory/test_main.py	1003	def	test_sync_short_entity_embeddings_still_link_valid_entity
tests/memory/test_main.py	1047	def	test_async_short_entity_embeddings_still_link_valid_entity
tests/memory/test_memory_utils.py	12	class	TestParseMessages
tests/memory/test_memory_utils.py	13	def	test_skips_message_without_content_key
tests/memory/test_memory_utils.py	24	def	test_skips_explicit_none_content
tests/memory/test_memory_utils.py	28	def	test_plain_roles_pass_through
tests/memory/test_memory_utils.py	37	class	TestParseVisionMessages
tests/memory/test_memory_utils.py	38	def	test_skips_message_without_content_key
tests/memory/test_memory_utils.py	48	def	test_multimodal_list_without_llm_extracts_text
tests/memory/test_memory_utils.py	60	def	test_image_dict_without_llm_is_skipped
tests/memory/test_memory_utils.py	69	def	test_multimodal_with_llm_calls_generate_response
tests/memory/test_memory_utils.py	82	def	test_image_only_list_without_llm_is_skipped
tests/memory/test_memory_utils.py	91	def	test_plain_text_messages_pass_through
tests/memory/test_memory_utils.py	99	def	test_malformed_image_dict_raises_value_error
tests/memory/test_memory_utils.py	108	def	test_none_image_url_raises_value_error
tests/memory/test_memory_utils.py	118	class	TestRemoveSpacesFromEntities
tests/memory/test_memory_utils.py	129	def	test_filters_empty_and_incomplete_dicts
tests/memory/test_memory_utils.py	142	def	test_all_empty_returns_empty
tests/memory/test_memory_utils.py	145	def	test_skips_non_dict_entries
tests/memory/test_memory_utils.py	150	def	test_sanitize_true_relationship_uses_sanitizer
tests/memory/test_memory_utils.py	156	def	test_sanitize_false_relationship_plain_only
tests/memory/test_memory_utils.py	164	def	test_sanitize_true_vs_false_slash_in_relationship
tests/memory/test_notices.py	15	class	FakeFlags
tests/memory/test_notices.py	16	def	__init__
tests/memory/test_notices.py	20	def	get_flag
tests/memory/test_notices.py	24	def	get_flag_payload
tests/memory/test_notices.py	30	def	reset_notice_process_state
tests/memory/test_notices.py	55	def	notice_harness
tests/memory/test_notices.py	60	def	write_config
tests/memory/test_notices.py	73	def	configure_flag
tests/memory/test_notices.py	79	def	display_notice
tests/memory/test_notices.py	96	def	temporal_payload
tests/memory/test_notices.py	110	def	decay_payload
tests/memory/test_notices.py	124	def	temporal_usage_payload
tests/memory/test_notices.py	138	def	decay_usage_payload
tests/memory/test_notices.py	152	def	scale_payload
tests/memory/test_notices.py	175	def	test_displayed_notice_logs_once_and_captures_event
tests/memory/test_notices.py	201	def	test_holdout_notice_is_silent_but_captures_event
tests/memory/test_notices.py	225	def	test_bad_or_disabled_payload_is_silent_and_safe
tests/memory/test_notices.py	237	def	test_telemetry_disabled_does_not_touch_posthog_or_state
tests/memory/test_notices.py	255	def	test_posthog_failure_is_silent_and_consumes_first_run
tests/memory/test_notices.py	266	def	test_public_add_succeeds_when_first_run_flag_eval_fails
tests/memory/test_notices.py	278	def	test_public_search_succeeds_when_first_run_flag_eval_fails
tests/memory/test_notices.py	292	def	test_notice_event_bypasses_sampling
tests/memory/test_notices.py	296	def	test_async_notice_wrapper_uses_shared_helper
tests/memory/test_notices.py	299	def	display
tests/memory/test_notices.py	310	def	test_async_notice_wrapper_skips_thread_when_first_run_claimed
tests/memory/test_notices.py	320	def	test_temporal_feature_displayed_returns_payload_copy_and_captures_event
tests/memory/test_notices.py	346	def	test_temporal_feature_holdout_returns_payload_copy_and_captures_event
tests/memory/test_notices.py	371	def	test_temporal_feature_bad_or_disabled_payload_returns_plain_error
tests/memory/test_notices.py	388	def	test_temporal_feature_blunt_flag_disable_returns_plain_error_without_event
tests/memory/test_notices.py	401	def	test_temporal_feature_telemetry_disabled_does_not_touch_posthog
tests/memory/test_notices.py	414	def	test_temporal_feature_posthog_failure_returns_plain_error
tests/memory/test_notices.py	425	def	test_temporal_feature_cap_blocks_repeated_posthog_evaluation
tests/memory/test_notices.py	443	def	test_async_temporal_feature_wrapper_uses_shared_helper
tests/memory/test_notices.py	446	def	get_error
tests/memory/test_notices.py	460	def	test_decay_feature_displayed_returns_payload_copy_and_captures_event
tests/memory/test_notices.py	486	def	test_decay_feature_holdout_returns_payload_copy_and_captures_event
tests/memory/test_notices.py	510	def	test_decay_feature_bad_or_disabled_payload_returns_plain_error
tests/memory/test_notices.py	527	def	test_decay_feature_blunt_flag_disable_returns_plain_error_without_event
tests/memory/test_notices.py	540	def	test_decay_feature_telemetry_disabled_does_not_touch_posthog
tests/memory/test_notices.py	553	def	test_decay_feature_posthog_failure_returns_plain_error
tests/memory/test_notices.py	564	def	test_decay_feature_cap_is_independent_from_temporal_feature_cap
tests/memory/test_notices.py	578	def	test_decay_feature_cap_blocks_repeated_posthog_evaluation
tests/memory/test_notices.py	596	def	test_async_decay_feature_wrapper_uses_shared_helper
tests/memory/test_notices.py	599	def	get_error
tests/memory/test_notices.py	613	def	test_temporal_usage_query_detection_is_conservative
tests/memory/test_notices.py	625	def	test_temporal_usage_metadata_detection
tests/memory/test_notices.py	643	def	test_temporal_usage_metadata_detection_never_raises_for_cyclic_input
tests/memory/test_notices.py	650	def	test_temporal_usage_filter_detection
tests/memory/test_notices.py	659	def	test_temporal_usage_search_detection_never_raises_for_cyclic_filters
tests/memory/test_notices.py	666	def	test_temporal_usage_displayed_logs_and_captures_event
tests/memory/test_notices.py	693	def	test_temporal_usage_holdout_is_silent_but_captures_event
tests/memory/test_notices.py	717	def	test_temporal_usage_bad_or_disabled_payload_is_silent_and_safe
tests/memory/test_notices.py	733	def	test_temporal_usage_blunt_flag_disable_does_not_capture_or_consume
tests/memory/test_notices.py	746	def	test_temporal_usage_telemetry_disabled_does_not_touch_posthog_or_state
tests/memory/test_notices.py	764	def	test_temporal_usage_cap_blocks_before_posthog_eval
tests/memory/test_notices.py	779	def	test_temporal_usage_cap_ignores_old_entries
tests/memory/test_notices.py	799	def	test_temporal_usage_props_do_not_include_raw_user_inputs
tests/memory/test_notices.py	811	def	test_decay_usage_delete_detection_reaches_threshold
tests/memory/test_notices.py	827	def	test_decay_usage_delete_detection_does_not_write_before_threshold
tests/memory/test_notices.py	838	def	test_decay_usage_delete_detection_telemetry_disabled_does_not_write_state
tests/memory/test_notices.py	847	def	test_decay_usage_delete_all_detection_requires_deleted_memory
tests/memory/test_notices.py	858	def	test_decay_usage_displayed_logs_and_captures_event
tests/memory/test_notices.py	894	def	test_decay_usage_holdout_is_silent_but_captures_event
tests/memory/test_notices.py	927	def	test_decay_usage_bad_or_disabled_payload_is_silent_and_safe
tests/memory/test_notices.py	950	def	test_decay_usage_blunt_flag_disable_does_not_capture_or_consume
tests/memory/test_notices.py	970	def	test_decay_usage_telemetry_disabled_does_not_touch_posthog_or_state
tests/memory/test_notices.py	995	def	test_decay_usage_posthog_failure_does_not_consume_cap
tests/memory/test_notices.py	1013	def	test_decay_usage_cap_blocks_before_posthog_eval
tests/memory/test_notices.py	1042	def	test_decay_usage_delete_detection_stops_after_cap
tests/memory/test_notices.py	1061	def	test_decay_usage_cap_ignores_old_entries
tests/memory/test_notices.py	1088	def	test_scale_threshold_top_k_detection
tests/memory/test_notices.py	1099	def	test_scale_threshold_displayed_logs_and_captures_event
tests/memory/test_notices.py	1137	def	test_scale_threshold_holdout_is_silent_but_captures_event
tests/memory/test_notices.py	1168	def	test_scale_threshold_bad_or_disabled_payload_is_silent_and_safe
tests/memory/test_notices.py	1192	def	test_scale_threshold_blunt_flag_disable_does_not_capture_or_consume
tests/memory/test_notices.py	1213	def	test_scale_threshold_telemetry_disabled_does_not_touch_posthog_or_state
tests/memory/test_notices.py	1239	def	test_scale_threshold_posthog_failure_does_not_consume_cap
tests/memory/test_notices.py	1258	def	test_scale_threshold_cap_blocks_before_posthog_eval
tests/memory/test_notices.py	1289	def	test_scale_threshold_cap_ignores_old_entries
tests/memory/test_notices.py	1317	def	test_scale_threshold_memory_count_requires_add_result_and_provider_count
tests/memory/test_notices.py	1337	def	test_scale_threshold_memory_count_ignores_under_threshold_provider_count
tests/memory/test_notices.py	1348	def	test_scale_threshold_memory_count_ignores_already_evaluated_threshold
tests/memory/test_notices.py	1360	def	test_scale_threshold_memory_count_is_throttled_under_threshold
tests/memory/test_notices.py	1370	def	test_scale_threshold_memory_count_event_marks_threshold_evaluated
tests/memory/test_notices.py	1391	def	test_scale_threshold_provider_count_helpers_are_safe
tests/memory/test_notices.py	1392	class	Info
tests/memory/test_notices.py	1395	class	CountStore
tests/memory/test_notices.py	1396	def	count
tests/memory/test_notices.py	1399	class	FallbackStore
tests/memory/test_notices.py	1400	def	count
tests/memory/test_notices.py	1403	def	col_info
tests/memory/test_notices.py	1406	class	RedisInfoStore
tests/memory/test_notices.py	1407	def	__init__
tests/memory/test_notices.py	1410	def	count
tests/memory/test_notices.py	1413	def	col_info
tests/memory/test_notices.py	1417	class	SearchMetadataStore
tests/memory/test_notices.py	1418	def	__init__
tests/memory/test_notices.py	1423	def	count
tests/memory/test_notices.py	1426	def	col_info
tests/memory/test_notices.py	1450	def	test_scale_threshold_props_do_not_include_raw_user_inputs
tests/memory/test_notices.py	1470	def	test_async_scale_threshold_wrapper_uses_shared_helper
tests/memory/test_notices.py	1473	def	display
tests/memory/test_notices.py	1507	def	test_notice_priority_temporal_usage_beats_scale_and_first_run
tests/memory/test_notices.py	1531	def	test_notice_priority_scale_beats_first_run
tests/memory/test_performance_slow_query_notice.py	11	class	FakeFlags
tests/memory/test_performance_slow_query_notice.py	12	def	__init__
tests/memory/test_performance_slow_query_notice.py	16	def	get_flag
tests/memory/test_performance_slow_query_notice.py	20	def	get_flag_payload
tests/memory/test_performance_slow_query_notice.py	26	def	reset_notice_process_state
tests/memory/test_performance_slow_query_notice.py	33	def	notice_harness
tests/memory/test_performance_slow_query_notice.py	38	def	write_config
tests/memory/test_performance_slow_query_notice.py	50	def	configure_flag
tests/memory/test_performance_slow_query_notice.py	56	def	performance_payload
tests/memory/test_performance_slow_query_notice.py	70	def	make_sync_memory
tests/memory/test_performance_slow_query_notice.py	78	def	make_async_memory
tests/memory/test_performance_slow_query_notice.py	86	def	test_sync_slow_search_triggers_performance_notice_after_success
tests/memory/test_performance_slow_query_notice.py	107	def	test_sync_fast_search_uses_first_run_notice
tests/memory/test_performance_slow_query_notice.py	123	def	test_sync_failed_search_does_not_trigger_performance_notice
tests/memory/test_performance_slow_query_notice.py	141	def	test_sync_temporal_usage_takes_precedence_over_slow_search
tests/memory/test_performance_slow_query_notice.py	159	def	test_sync_scale_takes_precedence_over_slow_search
tests/memory/test_performance_slow_query_notice.py	187	def	test_async_slow_search_triggers_performance_notice_after_success
tests/memory/test_performance_slow_query_notice.py	209	def	test_async_fast_search_uses_first_run_notice
tests/memory/test_performance_slow_query_notice.py	226	def	test_async_failed_search_does_not_trigger_performance_notice
tests/memory/test_performance_slow_query_notice.py	245	def	test_async_temporal_usage_takes_precedence_over_slow_search
tests/memory/test_performance_slow_query_notice.py	263	def	test_performance_slow_query_displayed_logs_and_captures_event
tests/memory/test_performance_slow_query_notice.py	300	def	test_performance_slow_query_holdout_is_silent_but_captures_event
tests/memory/test_performance_slow_query_notice.py	330	def	test_performance_slow_query_bad_or_disabled_payload_is_silent_and_safe
tests/memory/test_performance_slow_query_notice.py	353	def	test_performance_slow_query_blunt_flag_disable_does_not_capture_or_consume
tests/memory/test_performance_slow_query_notice.py	373	def	test_performance_slow_query_telemetry_disabled_does_not_touch_posthog_or_state
tests/memory/test_performance_slow_query_notice.py	400	def	test_performance_slow_query_cap_blocks_before_posthog_eval
tests/memory/test_performance_slow_query_notice.py	429	def	test_performance_slow_query_props_do_not_include_raw_user_inputs
tests/memory/test_safe_deepcopy_config.py	21	class	TestRuntimeFieldsPreserved
tests/memory/test_safe_deepcopy_config.py	30	def	test_runtime_fields_are_not_sensitive
tests/memory/test_safe_deepcopy_config.py	33	def	test_runtime_fields_case_insensitive
tests/memory/test_safe_deepcopy_config.py	38	class	TestExactDenyList
tests/memory/test_safe_deepcopy_config.py	61	def	test_exact_sensitive_fields
tests/memory/test_safe_deepcopy_config.py	64	def	test_exact_fields_case_insensitive
tests/memory/test_safe_deepcopy_config.py	69	class	TestSuffixDenyList
tests/memory/test_safe_deepcopy_config.py	83	def	test_suffix_matches
tests/memory/test_safe_deepcopy_config.py	87	class	TestNonSensitiveFields
tests/memory/test_safe_deepcopy_config.py	105	def	test_common_config_fields
tests/memory/test_safe_deepcopy_config.py	109	class	TestOverMatchingPrevention
tests/memory/test_safe_deepcopy_config.py	128	def	test_no_over_matching
tests/memory/test_safe_deepcopy_config.py	132	class	TestEdgeCases
tests/memory/test_safe_deepcopy_config.py	133	def	test_empty_string
tests/memory/test_safe_deepcopy_config.py	136	def	test_whitespace_stripped
tests/memory/test_safe_deepcopy_config.py	141	class	TestRealWorldFieldCoverage
tests/memory/test_safe_deepcopy_config.py	181	def	test_field_sensitivity
tests/memory/test_safe_deepcopy_config.py	190	class	MockNonCopyableAuth
tests/memory/test_safe_deepcopy_config.py	193	def	__init__
tests/memory/test_safe_deepcopy_config.py	197	def	__deepcopy__
tests/memory/test_safe_deepcopy_config.py	201	class	MockConnectionClass
tests/memory/test_safe_deepcopy_config.py	203	def	__init__
tests/memory/test_safe_deepcopy_config.py	206	def	__deepcopy__
tests/memory/test_safe_deepcopy_config.py	210	class	PlainConfig
tests/memory/test_safe_deepcopy_config.py	213	def	__init__
tests/memory/test_safe_deepcopy_config.py	218	class	TestSafeDeepcopyClonesNormally
tests/memory/test_safe_deepcopy_config.py	221	def	test_deepcopy_success_returns_clone
tests/memory/test_safe_deepcopy_config.py	232	class	TestSafeDeepcopyCopiesWithAuth
tests/memory/test_safe_deepcopy_config.py	235	def	test_preserves_http_auth_and_connection_class
tests/memory/test_safe_deepcopy_config.py	261	def	test_preserves_auth_field
tests/memory/test_safe_deepcopy_config.py	275	class	TestSafeDeepcopyWithPydantic
tests/memory/test_safe_deepcopy_config.py	278	def	test_pydantic_like_config
tests/memory/test_safe_deepcopy_config.py	279	class	PydanticLikeConfig
tests/memory/test_safe_deepcopy_config.py	280	def	__init__
tests/memory/test_safe_deepcopy_config.py	284	def	model_dump
tests/memory/test_safe_deepcopy_config.py	288	def	__deepcopy__
tests/memory/test_safe_deepcopy_config.py	303	class	TestSafeDeepcopyWithRealPydanticModel
tests/memory/test_safe_deepcopy_config.py	310	def	test_real_pydantic_model_preserves_auth_objects
tests/memory/test_safe_deepcopy_config.py	314	class	OpenSearchLikeConfig
tests/memory/test_safe_deepcopy_config.py	346	class	TestSafeDeepcopyWithDataclass
tests/memory/test_safe_deepcopy_config.py	349	def	test_dataclass_config
tests/memory/test_safe_deepcopy_config.py	351	class	DCConfig
tests/memory/test_safe_deepcopy_config.py	357	def	__deepcopy__
tests/memory/test_storage.py	12	class	TestSQLiteManager
tests/memory/test_storage.py	16	def	temp_db_path
tests/memory/test_storage.py	25	def	sqlite_manager
tests/memory/test_storage.py	33	def	memory_manager
tests/memory/test_storage.py	41	def	sample_data
tests/memory/test_storage.py	58	def	test_initialization
tests/memory/test_storage.py	70	def	test_table_schema_creation
tests/memory/test_storage.py	92	def	test_add_history_basic
tests/memory/test_storage.py	119	def	test_add_history_optional_params
tests/memory/test_storage.py	141	def	test_add_history_generates_unique_ids
tests/memory/test_storage.py	160	def	test_get_history_empty
tests/memory/test_storage.py	165	def	test_get_history_single_record
tests/memory/test_storage.py	190	def	test_get_history_chronological_ordering
tests/memory/test_storage.py	212	def	test_migration_preserves_data
tests/memory/test_storage.py	233	def	test_large_batch_operations
tests/memory/test_storage.py	253	def	test_explicit_old_schema_migration
tests/memory/test_storage.py	284	def	test_reset_drops_tables
tests/memory/test_temporal_feature_notice.py	7	def	test_sync_add_timestamp_raises_before_validation
tests/memory/test_temporal_feature_notice.py	10	def	get_error
tests/memory/test_temporal_feature_notice.py	22	def	test_sync_search_reference_date_raises_before_validation
tests/memory/test_temporal_feature_notice.py	25	def	get_error
tests/memory/test_temporal_feature_notice.py	38	def	test_async_add_timestamp_raises_before_validation
tests/memory/test_temporal_feature_notice.py	41	def	get_error
tests/memory/test_temporal_feature_notice.py	54	def	test_async_search_reference_date_raises_before_validation
tests/memory/test_temporal_feature_notice.py	57	def	get_error
tests/memory/test_temporal_feature_notice.py	73	def	test_sync_add_without_timestamp_does_not_call_temporal_feature_notice
tests/memory/test_temporal_feature_notice.py	86	def	test_sync_search_without_reference_date_does_not_call_temporal_feature_notice
tests/memory/test_temporal_usage_notice.py	10	def	make_sync_memory
tests/memory/test_temporal_usage_notice.py	20	def	make_async_memory
tests/memory/test_temporal_usage_notice.py	30	def	test_sync_add_temporal_metadata_triggers_notice_after_success
tests/memory/test_temporal_usage_notice.py	51	def	test_sync_add_non_temporal_metadata_uses_first_run_notice
tests/memory/test_temporal_usage_notice.py	64	def	test_sync_add_failure_does_not_trigger_temporal_usage_notice
tests/memory/test_temporal_usage_notice.py	85	def	test_sync_search_temporal_query_triggers_notice_after_success
tests/memory/test_temporal_usage_notice.py	101	def	test_sync_search_temporal_filter_triggers_notice_after_success
tests/memory/test_temporal_usage_notice.py	117	def	test_sync_search_failure_does_not_trigger_temporal_usage_notice
tests/memory/test_temporal_usage_notice.py	132	def	test_async_add_temporal_metadata_triggers_notice_after_success
tests/memory/test_temporal_usage_notice.py	154	def	test_async_add_runs_scale_detection_in_thread
tests/memory/test_temporal_usage_notice.py	161	def	to_thread
tests/memory/test_temporal_usage_notice.py	189	def	test_async_search_temporal_query_triggers_notice_after_success
tests/rerankers/conftest.py	7	def	mock_llm
tests/rerankers/test_huggingface_reranker_normalize.py	14	def	_sigmoid
tests/rerankers/test_huggingface_reranker_normalize.py	18	class	TestHuggingFaceNormalizeScores
tests/rerankers/test_huggingface_reranker_normalize.py	19	def	test_logits_mapped_via_sigmoid
tests/rerankers/test_huggingface_reranker_normalize.py	23	def	test_output_bounded_between_zero_and_one
tests/rerankers/test_huggingface_reranker_normalize.py	27	def	test_sigmoid_preserves_ranking_order
tests/rerankers/test_huggingface_reranker_normalize.py	35	def	test_single_score_not_collapsed_to_zero
tests/rerankers/test_huggingface_reranker_normalize.py	42	def	test_tied_scores_not_collapsed_to_zero
tests/rerankers/test_huggingface_reranker_normalize.py	47	def	test_zero_logit_maps_to_half
tests/rerankers/test_huggingface_reranker_normalize.py	50	def	test_empty_scores
tests/rerankers/test_llm_reranker_config.py	6	class	TestLLMRerankerConfig
tests/rerankers/test_llm_reranker_config.py	7	def	test_default_config
tests/rerankers/test_llm_reranker_config.py	17	def	test_nested_llm_field_accepted
tests/rerankers/test_llm_reranker_config.py	25	class	TestLLMRerankerInit
tests/rerankers/test_llm_reranker_config.py	26	def	test_init_with_dict_config
tests/rerankers/test_llm_reranker_config.py	37	def	test_init_with_llm_reranker_config
tests/rerankers/test_llm_reranker_config.py	48	def	test_init_converts_base_reranker_config
tests/rerankers/test_llm_reranker_config.py	57	def	test_init_without_api_key
tests/rerankers/test_llm_reranker_nested_config.py	4	class	TestNestedLLMConfig
tests/rerankers/test_llm_reranker_nested_config.py	5	def	test_nested_llm_overrides_provider
tests/rerankers/test_llm_reranker_nested_config.py	19	def	test_nested_llm_passes_provider_specific_config
tests/rerankers/test_llm_reranker_nested_config.py	37	def	test_nested_llm_inherits_top_level_defaults
tests/rerankers/test_llm_reranker_nested_config.py	55	def	test_nested_llm_config_values_take_precedence
tests/rerankers/test_llm_reranker_nested_config.py	79	def	test_nested_llm_falls_back_to_top_level_provider
tests/rerankers/test_llm_reranker_nested_config.py	94	def	test_nested_llm_with_empty_config
tests/rerankers/test_llm_reranker_nested_config.py	110	def	test_nested_llm_with_none_config
tests/rerankers/test_llm_reranker_nested_config.py	124	def	test_nested_llm_inherits_top_level_api_key
tests/rerankers/test_llm_reranker_nested_config.py	140	def	test_nested_llm_config_api_key_not_overridden
tests/rerankers/test_llm_reranker_rerank.py	6	class	TestExtractScore
tests/rerankers/test_llm_reranker_rerank.py	8	def	reranker
tests/rerankers/test_llm_reranker_rerank.py	21	def	test_valid_scores
tests/rerankers/test_llm_reranker_rerank.py	24	def	test_no_score_returns_fallback
tests/rerankers/test_llm_reranker_rerank.py	27	def	test_clamps_to_1
tests/rerankers/test_llm_reranker_rerank.py	40	def	test_out_of_range_scores_are_clamped
tests/rerankers/test_llm_reranker_rerank.py	43	def	test_decimal_score_preferred_over_leading_integer
tests/rerankers/test_llm_reranker_rerank.py	48	class	TestRerank
tests/rerankers/test_llm_reranker_rerank.py	49	def	test_empty_documents
tests/rerankers/test_llm_reranker_rerank.py	54	def	test_documents_sorted_by_score_descending
tests/rerankers/test_llm_reranker_rerank.py	72	def	test_top_k_limits_results
tests/rerankers/test_llm_reranker_rerank.py	82	def	test_config_top_k_used_when_arg_not_provided
tests/rerankers/test_llm_reranker_rerank.py	92	def	test_text_field_extraction
tests/rerankers/test_llm_reranker_rerank.py	102	def	test_content_field_extraction
tests/rerankers/test_llm_reranker_rerank.py	112	def	test_fallback_score_on_llm_error
tests/rerankers/test_llm_reranker_rerank.py	122	def	test_custom_scoring_prompt
tests/rerankers/test_llm_reranker_rerank.py	135	def	test_original_doc_not_mutated
tests/rerankers/test_reranker_failure_logging.py	14	class	TestRerankerFailureLogging
tests/rerankers/test_reranker_failure_logging.py	15	def	test_llm_failure_is_logged_and_falls_back
tests/rerankers/test_reranker_fallback_topk.py	21	def	mock_cohere
tests/rerankers/test_reranker_fallback_topk.py	36	def	mock_zero_entropy
tests/rerankers/test_reranker_fallback_topk.py	50	def	_docs
tests/rerankers/test_reranker_fallback_topk.py	54	class	TestCohereFallbackTopK
tests/rerankers/test_reranker_fallback_topk.py	55	def	test_fallback_respects_config_top_k
tests/rerankers/test_reranker_fallback_topk.py	64	def	test_fallback_per_call_top_k_overrides_config
tests/rerankers/test_reranker_fallback_topk.py	73	def	test_fallback_returns_all_when_no_top_k
tests/rerankers/test_reranker_fallback_topk.py	83	class	TestZeroEntropyFallbackTopK
tests/rerankers/test_reranker_fallback_topk.py	84	def	test_fallback_respects_config_top_k
tests/rerankers/test_reranker_fallback_topk.py	93	def	test_fallback_per_call_top_k_overrides_config
tests/rerankers/test_reranker_fallback_topk.py	102	def	test_fallback_returns_all_when_no_top_k
tests/rerankers/test_reranker_public_exports.py	12	def	test_all_rerankers_are_importable_from_package_root
tests/rerankers/test_reranker_public_exports.py	32	def	test_all_exported_names_are_present_in_dunder_all
tests/test_api_keys_router.py	34	class	_RaisingSession
tests/test_api_keys_router.py	42	def	get
tests/test_api_keys_router.py	51	def	client
tests/test_api_keys_router.py	62	def	test_revoke_malformed_key_id_returns_404
tests/test_api_keys_router.py	67	def	test_revoke_missing_valid_uuid_returns_404
tests/test_chatty_llm_parsing.py	17	class	TestExtractJson
tests/test_chatty_llm_parsing.py	20	def	test_pure_json
tests/test_chatty_llm_parsing.py	26	def	test_json_in_markdown_code_block
tests/test_chatty_llm_parsing.py	32	def	test_json_in_plain_code_block
tests/test_chatty_llm_parsing.py	38	def	test_chatty_with_markdown
tests/test_chatty_llm_parsing.py	49	def	test_chatty_without_markdown
tests/test_chatty_llm_parsing.py	58	def	test_chatty_multiline_json_without_markdown
tests/test_chatty_llm_parsing.py	75	def	test_no_json_at_all
tests/test_chatty_llm_parsing.py	81	def	test_whitespace_padding
tests/test_chatty_llm_parsing.py	87	def	test_nested_json_objects
tests/test_chatty_llm_parsing.py	97	class	TestRemoveCodeBlocks
tests/test_chatty_llm_parsing.py	100	def	test_clean_code_block
tests/test_chatty_llm_parsing.py	106	def	test_no_code_block
tests/test_chatty_llm_parsing.py	114	def	test_think_tags_removed_inside_code_block
tests/test_chatty_llm_parsing.py	121	def	test_think_tags_before_code_block_not_handled
tests/test_chatty_llm_parsing.py	137	class	TestFallbackChain
tests/test_chatty_llm_parsing.py	143	def	_parse_with_fallback
tests/test_chatty_llm_parsing.py	151	def	test_clean_json
tests/test_chatty_llm_parsing.py	156	def	test_markdown_wrapped
tests/test_chatty_llm_parsing.py	161	def	test_chatty_markdown
tests/test_chatty_llm_parsing.py	180	def	test_chatty_no_markdown
tests/test_chatty_llm_parsing.py	192	def	test_think_tags_with_json
tests/test_chatty_llm_parsing.py	198	def	test_lmstudio_style_response
tests/test_chatty_llm_parsing.py	222	def	test_completely_invalid_response
tests/test_chatty_llm_parsing.py	228	def	test_facts_extraction_fallback
tests/test_client.py	13	def	mock_memory_client
tests/test_client.py	30	class	TestSearchEntityParamRejection
tests/test_client.py	34	def	test_search_rejects_empty_query
tests/test_client.py	41	def	test_search_trims_query_before_api_call
tests/test_client.py	55	def	test_search_passes_show_expired
tests/test_client.py	69	def	test_search_rejects_user_id_kwarg
tests/test_client.py	74	def	test_search_rejects_agent_id_kwarg
tests/test_client.py	79	def	test_search_rejects_app_id_kwarg
tests/test_client.py	84	def	test_search_rejects_run_id_kwarg
tests/test_client.py	89	def	test_search_rejects_multiple_entity_params
tests/test_client.py	95	class	TestGetAllEntityParamRejection
tests/test_client.py	98	def	test_get_all_rejects_user_id_kwarg
tests/test_client.py	103	def	test_get_all_rejects_agent_id_kwarg
tests/test_client.py	108	def	test_get_all_rejects_app_id_kwarg
tests/test_client.py	113	def	test_get_all_rejects_run_id_kwarg
tests/test_client.py	118	def	test_get_all_passes_show_expired
tests/test_client.py	133	class	TestUpdateExpirationDate
tests/test_client.py	136	def	test_update_preserves_null_expiration_date
tests/test_client.py	152	class	TestFilterOperatorPassthrough
tests/test_client.py	155	def	test_search_passes_and_filters
tests/test_client.py	172	def	test_search_passes_or_filters
tests/test_client.py	188	def	test_search_passes_not_filters
tests/test_client.py	204	def	test_search_passes_complex_nested_filters
tests/test_client.py	225	class	TestDeleteLinked
tests/test_client.py	228	def	_setup_delete
tests/test_client.py	234	def	test_delete_default_omits_delete_linked
tests/test_client.py	244	def	test_delete_linked_true_sets_param
tests/test_client.py	253	def	test_delete_linked_false_omits_param
tests/test_client.py	263	class	TestPathSegmentEncoding
tests/test_client.py	266	def	_setup_response
tests/test_client.py	269	def	_called_paths
tests/test_client.py	272	def	test_sync_memory_id_path_segments_are_encoded
tests/test_client.py	289	def	test_sync_entity_path_segments_are_encoded
tests/test_client.py	298	def	test_async_memory_id_path_segments_are_encoded
tests/test_client.py	301	def	_assert_async_memory_id_path_segments_are_encoded
tests/test_client.py	323	def	test_async_entity_path_segments_are_encoded
tests/test_client.py	326	def	_assert_async_entity_path_segments_are_encoded
tests/test_client.py	341	class	TestValidateApiKeyHttpError
tests/test_client.py	349	def	test_sync_client_non_json_5xx_raises_clear_error
tests/test_client.py	375	def	test_async_client_non_json_5xx_raises_clear_error
tests/test_client_feedback.py	8	def	_build_memory_client
tests/test_client_feedback.py	18	def	test_memory_client_feedback_uses_single_telemetry_payload
tests/test_client_feedback.py	37	def	test_async_memory_client_feedback_uses_single_telemetry_payload
tests/test_client_utils.py	10	def	test_sync_returns_value
tests/test_client_utils.py	12	def	sync_fn
tests/test_client_utils.py	19	def	test_async_returns_value
tests/test_client_utils.py	21	def	async_fn
tests/test_client_utils.py	27	def	test_async_decorated_preserves_coroutine_flag
tests/test_client_utils.py	29	def	async_fn
tests/test_client_utils.py	35	def	test_sync_decorated_is_not_coroutine
tests/test_client_utils.py	37	def	sync_fn
tests/test_client_utils.py	43	def	test_sync_http_error_raises_structured_exception
tests/test_client_utils.py	45	def	sync_fn
tests/test_client_utils.py	55	def	test_async_http_error_raises_structured_exception
tests/test_client_utils.py	57	def	async_fn
tests/test_client_utils.py	67	def	test_async_connect_error_raises_network_error
tests/test_client_utils.py	69	def	async_fn
tests/test_http_client_proxies.py	10	def	test_config_with_string_proxy_builds_client
tests/test_http_client_proxies.py	17	def	test_config_with_dict_proxy_builds_client
tests/test_http_client_proxies.py	25	def	test_config_without_proxy_has_no_client
tests/test_http_client_proxies.py	31	def	test_llm_factory_preserves_http_client_proxies
tests/test_main.py	12	def	mock_openai
tests/test_main.py	20	def	memory_instance
tests/test_main.py	37	def	memory_custom_instance
tests/test_main.py	56	def	test_add
tests/test_main.py	69	def	test_add_stores_expiration_date
tests/test_main.py	87	def	test_get
tests/test_main.py	112	def	test_search
tests/test_main.py	139	def	test_search_hides_expired_memories_by_default
tests/test_main.py	156	def	test_search_can_show_expired_memories
tests/test_main.py	172	def	test_update
tests/test_main.py	187	def	test_update_with_metadata
tests/test_main.py	203	def	test_update_with_empty_metadata
tests/test_main.py	216	def	test_update_data_is_deprecated_alias_for_text
tests/test_main.py	241	def	test_update_can_change_expiration_date_without_changing_text
tests/test_main.py	270	def	test_delete
tests/test_main.py	281	def	test_delete_all
tests/test_main.py	296	def	test_get_all
tests/test_main.py	310	def	test_get_all_hides_expired_memories_by_default
tests/test_main.py	323	def	test_get_all_can_show_expired_memories
tests/test_main.py	335	def	test_no_telemetry_vector_store_when_disabled
tests/test_main.py	355	def	test_telemetry_vector_store_created_when_enabled
tests/test_main.py	380	class	TestEntityIdValidation
tests/test_main.py	383	def	test_search_rejects_whitespace_only_user_id
tests/test_main.py	388	def	test_search_rejects_internal_whitespace_user_id
tests/test_main.py	393	def	test_search_rejects_tab_in_user_id
tests/test_main.py	398	def	test_get_all_rejects_whitespace_only_user_id
tests/test_main.py	403	def	test_get_all_rejects_internal_whitespace_user_id
tests/test_main.py	408	def	test_add_rejects_whitespace_only_user_id
tests/test_main.py	413	def	test_add_rejects_internal_whitespace_user_id
tests/test_main.py	418	def	test_delete_all_rejects_whitespace_only_user_id
tests/test_main.py	423	def	test_delete_all_rejects_internal_whitespace_user_id
tests/test_main.py	428	def	test_delete_all_trims_user_id_before_list
tests/test_main.py	436	def	test_validate_coerces_non_string_entity_id
tests/test_main.py	441	def	test_delete_all_coerces_integer_user_id_before_list
tests/test_main.py	449	def	test_get_all_coerces_integer_user_id
tests/test_main.py	459	class	TestSearchParamValidation
tests/test_main.py	463	def	test_search_rejects_empty_query
tests/test_main.py	472	def	test_search_trims_query_before_embedding
tests/test_main.py	485	def	test_search_rejects_threshold_above_1
tests/test_main.py	490	def	test_search_rejects_negative_threshold
tests/test_main.py	495	def	test_search_rejects_negative_top_k
tests/test_main.py	500	def	test_get_all_rejects_negative_top_k
tests/test_main.py	505	def	test_search_accepts_threshold_zero
tests/test_main.py	518	def	test_search_accepts_threshold_one
tests/test_main.py	531	def	test_search_accepts_top_k_zero
tests/test_memory.py	14	class	MockVectorMemory
tests/test_memory.py	17	def	__init__
tests/test_memory.py	24	def	memory_client
tests/test_memory.py	36	def	test_create_memory
tests/test_memory.py	42	def	test_entity_collection_name_uses_dash_for_s3_vectors
tests/test_memory.py	46	def	test_entity_collection_name_keeps_underscore_for_other_stores
tests/test_memory.py	50	def	test_get_memory
tests/test_memory.py	57	def	test_update_memory
tests/test_memory.py	65	def	test_delete_memory
tests/test_memory.py	72	def	test_history
tests/test_memory.py	81	def	test_list_memories
tests/test_memory.py	95	def	test_collection_name_preserved_after_reset
tests/test_memory.py	125	def	test_memory_reset_clears_messages_table
tests/test_memory.py	150	def	test_async_memory_reset_clears_messages_table
tests/test_memory.py	177	def	test_search_handles_incomplete_payloads
tests/test_memory.py	212	def	test_search_explain_includes_score_details
tests/test_memory.py	247	def	test_get_all_handles_nested_list_from_chroma
tests/test_memory.py	285	def	test_get_all_handles_tuple_from_qdrant
tests/test_memory.py	319	def	test_get_all_handles_flat_list_from_postgres
tests/test_memory.py	353	def	test_read_apis_surface_attributed_to
tests/test_memory.py	398	def	test_async_read_apis_surface_attributed_to
tests/test_memory.py	438	def	test_add_infer_with_malformed_llm_facts
tests/test_memory.py	482	def	test_normalize_facts_plain_strings
tests/test_memory.py	486	def	test_normalize_facts_dict_with_fact_key
tests/test_memory.py	490	def	test_normalize_facts_dict_with_text_key
tests/test_memory.py	494	def	test_normalize_facts_mixed
tests/test_memory.py	503	def	test_normalize_facts_filters_empty_strings
tests/test_memory.py	511	def	test_delete_nonexistent_memory_raises_error
tests/test_memory.py	542	def	test_async_delete_nonexistent_memory_raises_error
tests/test_memory.py	571	def	test_update_nonexistent_memory_raises_error
tests/test_memory.py	601	def	test_async_update_nonexistent_memory_raises_error
tests/test_memory.py	629	def	test_update_propagates_vector_store_failure
tests/test_memory.py	657	def	test_async_update_propagates_vector_store_failure
tests/test_memory.py	682	def	test_add_infer_false_embeds_once
tests/test_memory.py	717	def	test_add_infer_true_caches_embedding_on_llm_rewrite
tests/test_memory.py	762	def	test_update_infer_true_caches_embedding_on_llm_rewrite
tests/test_memory.py	819	def	test_delete_memory_history_has_timestamps
tests/test_memory.py	857	def	test_delete_memory_normalizes_non_utc_created_at
tests/test_memory.py	888	def	test_delete_memory_missing_created_at
tests/test_memory.py	921	def	test_async_delete_memory_history_has_timestamps
tests/test_memory.py	960	def	test_async_delete_all_continues_on_partial_failure
tests/test_memory.py	988	def	_get_side_effect
tests/test_memory.py	1008	class	TestProcessMetadataFiltersMerge
tests/test_memory.py	1011	def	_make_memory
tests/test_memory.py	1019	def	test_multiple_operators_same_key_merged
tests/test_memory.py	1027	def	test_single_operator_still_works
tests/test_memory.py	1035	def	test_multiple_keys_with_multiple_operators
tests/test_memory.py	1047	def	test_and_same_key_different_operators_merged
tests/test_memory.py	1055	def	test_and_same_key_three_operators_merged
tests/test_memory.py	1063	def	test_and_mixed_keys_with_same_key_overlap
tests/test_memory.py	1071	def	test_and_simple_equality_no_merge
tests/test_memory.py	1086	def	test_reset_skips_graph_when_graph_disabled
tests/test_memory.py	1111	def	test_search_rejects_user_id_kwarg
tests/test_memory.py	1129	def	test_get_all_rejects_user_id_kwarg
tests/test_memory.py	1148	def	test_sync_create_memory_stores_text_lemmatized
tests/test_memory.py	1184	def	test_async_create_memory_stores_text_lemmatized
tests/test_memory.py	1223	class	TestHybridSearchWarning
tests/test_memory.py	1231	def	test_warning_for_store_without_keyword_search
tests/test_memory.py	1237	class	StoreWithoutKeywordSearch
tests/test_memory.py	1238	def	create_col
tests/test_memory.py	1239	def	insert
tests/test_memory.py	1240	def	search
tests/test_memory.py	1241	def	delete
tests/test_memory.py	1242	def	update
tests/test_memory.py	1243	def	get
tests/test_memory.py	1244	def	list_cols
tests/test_memory.py	1245	def	delete_col
tests/test_memory.py	1246	def	col_info
tests/test_memory.py	1247	def	list
tests/test_memory.py	1248	def	reset
tests/test_memory.py	1267	def	test_no_warning_for_store_with_keyword_search
tests/test_memory.py	1273	class	StoreWithKeywordSearch
tests/test_memory.py	1274	def	keyword_search
tests/test_memory.py	1276	def	create_col
tests/test_memory.py	1277	def	insert
tests/test_memory.py	1278	def	search
tests/test_memory.py	1279	def	delete
tests/test_memory.py	1280	def	update
tests/test_memory.py	1281	def	get
tests/test_memory.py	1282	def	list_cols
tests/test_memory.py	1283	def	delete_col
tests/test_memory.py	1284	def	col_info
tests/test_memory.py	1285	def	list
tests/test_memory.py	1286	def	reset
tests/test_memory.py	1300	class	TestPreserveCustomMetadata
tests/test_memory.py	1306	def	test_update_preserves_custom_metadata
tests/test_memory.py	1346	def	test_update_with_new_metadata_overrides_existing
tests/test_memory.py	1384	def	test_update_preserves_actor_id_from_original
tests/test_memory.py	1419	def	test_async_update_preserves_custom_metadata
tests/test_memory.py	1451	class	TestAsyncDeleteAllEntityRace
tests/test_memory.py	1459	def	test_async_delete_all_bulk_clears_entity_store
tests/test_memory.py	1506	def	test_async_procedural_memory_langchain_strips_code_blocks
tests/test_memory.py	1539	def	test_async_procedural_memory_default_path_without_langchain
tests/test_memory_integration.py	6	def	test_memory_configuration_without_env_vars
tests/test_memory_integration.py	80	def	test_azure_config_structure
tests/test_memory_integration.py	140	def	test_memory_messages_format
tests/test_memory_integration.py	168	def	test_safe_update_prompt_constant
tests/test_oss_to_platform_migrate.py	17	class	MigrationHTTPServer
tests/test_oss_to_platform_migrate.py	18	def	__init__
tests/test_oss_to_platform_migrate.py	41	def	__enter__
tests/test_oss_to_platform_migrate.py	45	def	__exit__
tests/test_oss_to_platform_migrate.py	50	def	_handler
tests/test_oss_to_platform_migrate.py	53	class	Handler
tests/test_oss_to_platform_migrate.py	54	def	log_message
tests/test_oss_to_platform_migrate.py	57	def	_read_json
tests/test_oss_to_platform_migrate.py	64	def	_send_json
tests/test_oss_to_platform_migrate.py	72	def	_record
tests/test_oss_to_platform_migrate.py	82	def	do_GET
tests/test_oss_to_platform_migrate.py	101	def	do_POST
tests/test_oss_to_platform_migrate.py	189	def	alias_marker
tests/test_oss_to_platform_migrate.py	193	def	write_config
tests/test_oss_to_platform_migrate.py	198	def	read_config
tests/test_oss_to_platform_migrate.py	202	def	run_migration_script
tests/test_oss_to_platform_migrate.py	238	def	run_export_script
tests/test_oss_to_platform_migrate.py	284	def	run_import_script
tests/test_oss_to_platform_migrate.py	327	def	run_full_script
tests/test_oss_to_platform_migrate.py	374	def	posthog_events
tests/test_oss_to_platform_migrate.py	378	def	test_existing_api_key_authenticates_and_stitches_ids
tests/test_oss_to_platform_migrate.py	409	def	test_email_code_authenticates_without_persisting_credentials
tests/test_oss_to_platform_migrate.py	439	def	test_invalid_stored_key_falls_back_to_email_code
tests/test_oss_to_platform_migrate.py	472	def	test_email_code_failure_reports_failed_telemetry
tests/test_oss_to_platform_migrate.py	498	def	test_malformed_config_does_not_crash_and_authenticates
tests/test_oss_to_platform_migrate.py	518	def	test_weird_telemetry_shape_does_not_crash
tests/test_oss_to_platform_migrate.py	538	def	test_missing_python3_prints_clear_shell_error
tests/test_oss_to_platform_migrate.py	555	def	test_curl_piped_help_works
tests/test_oss_to_platform_migrate.py	568	def	test_export_qdrant_memories_to_json_without_vectors_or_api_key
tests/test_oss_to_platform_migrate.py	652	def	test_export_requires_scope_or_all
tests/test_oss_to_platform_migrate.py	662	def	test_export_all_uses_no_qdrant_filter
tests/test_oss_to_platform_migrate.py	675	def	test_export_invalid_qdrant_credentials_fail_clearly
tests/test_oss_to_platform_migrate.py	690	def	test_import_platform_memories_from_export_json
tests/test_oss_to_platform_migrate.py	735	def	test_import_skips_existing_identical_memory
tests/test_oss_to_platform_migrate.py	764	def	test_import_reports_changed_existing_without_update_or_add
tests/test_oss_to_platform_migrate.py	798	def	test_full_flow_auth_export_and_imports_memories
tests/test_project.py	16	def	project
tests/test_project.py	34	def	_patch_payload
tests/test_project.py	46	class	TestProjectUpdateDecay
tests/test_project.py	47	def	test_decay_true_sent_in_payload
tests/test_project.py	52	def	test_decay_false_sent_in_payload
tests/test_project.py	58	def	test_decay_combined_with_multilingual
tests/test_project.py	66	def	test_decay_omitted_when_none
tests/test_project.py	75	def	test_no_args_raises_with_decay_in_message
tests/test_project.py	80	def	test_url_targets_project_endpoint
tests/test_project.py	87	class	TestProjectUpdateBackwardsCompat
tests/test_project.py	88	def	test_multilingual_only_still_works
tests/test_project.py	94	def	test_custom_instructions_only_still_works
tests/test_proxy.py	11	def	mock_memory_client
tests/test_proxy.py	18	def	mock_openai_embedding_client
tests/test_proxy.py	26	def	mock_openai_llm_client
tests/test_proxy.py	34	def	mock_litellm
tests/test_proxy.py	39	def	test_mem0_initialization_with_api_key
tests/test_proxy.py	45	def	test_mem0_initialization_with_config
tests/test_proxy.py	53	def	test_mem0_initialization_without_params
tests/test_proxy.py	59	def	test_chat_initialization
tests/test_proxy.py	64	def	test_completions_create
tests/test_proxy.py	86	def	test_completions_create_with_system_message
tests/test_proxy.py	104	def	test_completions_create_messages_default_does_not_leak_between_calls
tests/test_server_auth.py	28	def	_mock_memory
tests/test_server_auth.py	49	def	_load_app
tests/test_server_auth.py	62	class	TestAuthDisabled
tests/test_server_auth.py	66	def	_setup
tests/test_server_auth.py	71	def	test_root_redirects_to_docs
tests/test_server_auth.py	76	def	test_get_memory_without_key
tests/test_server_auth.py	81	def	test_get_all_memories_without_key
tests/test_server_auth.py	85	def	test_create_memory_without_key
tests/test_server_auth.py	92	def	test_search_without_key
tests/test_server_auth.py	96	def	test_update_memory_without_key
tests/test_server_auth.py	100	def	test_history_without_key
tests/test_server_auth.py	104	def	test_delete_memory_without_key
tests/test_server_auth.py	108	def	test_delete_all_without_key
tests/test_server_auth.py	112	def	test_reset_without_key
tests/test_server_auth.py	116	def	test_configure_without_key
tests/test_server_auth.py	121	def	test_supplying_key_still_works_when_auth_disabled
tests/test_server_auth.py	143	def	test_no_endpoint_returns_401_when_auth_disabled
tests/test_server_auth.py	152	class	TestAuthEnabled
tests/test_server_auth.py	158	def	_setup
tests/test_server_auth.py	165	def	test_missing_key_returns_401
tests/test_server_auth.py	169	def	test_missing_key_detail_mentions_header
tests/test_server_auth.py	173	def	test_wrong_key_returns_401
tests/test_server_auth.py	177	def	test_wrong_key_detail_says_invalid
tests/test_server_auth.py	181	def	test_empty_string_key_returns_401
tests/test_server_auth.py	185	def	test_401_includes_www_authenticate_header
tests/test_server_auth.py	189	def	test_near_miss_key_rejected
tests/test_server_auth.py	195	def	test_key_with_extra_whitespace_rejected
tests/test_server_auth.py	199	def	test_key_prefix_rejected
tests/test_server_auth.py	203	def	test_key_with_different_case_rejected
tests/test_server_auth.py	222	def	test_all_endpoints_reject_without_key
tests/test_server_auth.py	241	def	test_all_endpoints_reject_wrong_key
tests/test_server_auth.py	247	def	test_root_does_not_require_key
tests/test_server_auth.py	251	def	_authed
tests/test_server_auth.py	256	def	test_get_memory_with_key
tests/test_server_auth.py	261	def	test_get_all_memories_with_key
tests/test_server_auth.py	265	def	test_create_memory_with_key
tests/test_server_auth.py	274	def	test_search_with_key
tests/test_server_auth.py	278	def	test_update_memory_with_key
tests/test_server_auth.py	282	def	test_history_with_key
tests/test_server_auth.py	286	def	test_delete_memory_with_key
tests/test_server_auth.py	290	def	test_delete_all_with_key
tests/test_server_auth.py	294	def	test_reset_with_key
tests/test_server_auth.py	298	def	test_configure_with_key
tests/test_server_auth.py	307	class	TestAuthenticatedCRUDFlow
tests/test_server_auth.py	314	def	_setup
tests/test_server_auth.py	319	def	_authed
tests/test_server_auth.py	324	def	test_full_crud_cycle
tests/test_server_auth.py	368	def	test_crud_flow_blocked_without_auth
tests/test_server_auth.py	401	class	TestAuthEdgeCases
tests/test_server_auth.py	405	def	_setup
tests/test_server_auth.py	408	def	test_very_long_api_key
tests/test_server_auth.py	416	def	test_special_characters_in_api_key
tests/test_server_auth.py	428	def	test_key_env_var_not_present_at_all
tests/test_server_auth.py	439	def	test_switching_from_enabled_to_disabled
tests/test_server_auth.py	451	def	test_openapi_schema_accessible_without_key
tests/test_server_auth.py	464	def	test_openapi_schema_documents_auth
tests/test_server_auth.py	476	class	TestStartupLogging
tests/test_server_auth.py	480	def	_setup
tests/test_server_auth.py	483	def	test_warning_when_auth_disabled
tests/test_server_auth.py	488	def	test_info_when_auth_enabled
tests/test_server_auth.py	493	def	test_warning_when_key_too_short
tests/test_server_params.py	26	def	_mock_memory
tests/test_server_params.py	45	def	client
tests/test_server_params.py	54	def	mock_memory
tests/test_server_params.py	62	class	TestSearchLimit
tests/test_server_params.py	65	def	test_limit_forwarded
tests/test_server_params.py	71	def	test_limit_one
tests/test_server_params.py	77	def	test_limit_omitted_uses_memory_default
tests/test_server_params.py	90	class	TestSearchThreshold
tests/test_server_params.py	93	def	test_threshold_forwarded
tests/test_server_params.py	99	def	test_threshold_zero
tests/test_server_params.py	106	def	test_threshold_omitted_uses_memory_default
tests/test_server_params.py	117	class	TestSearchExplain
tests/test_server_params.py	120	def	test_explain_true_forwarded
tests/test_server_params.py	126	def	test_explain_false_forwarded
tests/test_server_params.py	132	def	test_explain_omitted_uses_memory_default
tests/test_server_params.py	143	class	TestSearchLimitAndThreshold
tests/test_server_params.py	145	def	test_both_forwarded
tests/test_server_params.py	159	class	TestAddInfer
tests/test_server_params.py	162	def	test_infer_false_forwarded
tests/test_server_params.py	172	def	test_infer_true_forwarded
tests/test_server_params.py	182	def	test_infer_omitted_uses_memory_default
tests/test_server_params.py	198	class	TestAddMemoryType
tests/test_server_params.py	201	def	test_memory_type_forwarded
tests/test_server_params.py	211	def	test_memory_type_omitted
tests/test_server_params.py	225	class	TestAddPrompt
tests/test_server_params.py	228	def	test_prompt_forwarded
tests/test_server_params.py	238	def	test_prompt_omitted
tests/test_server_params.py	252	class	TestAddAllNewParams
tests/test_server_params.py	254	def	test_infer_memory_type_and_prompt_together
tests/test_server_params.py	273	class	TestFalsyValues
tests/test_server_params.py	277	def	test_infer_false_not_filtered
tests/test_server_params.py	287	def	test_threshold_zero_not_filtered
tests/test_server_params.py	300	class	TestUnknownFieldsIgnored
tests/test_server_params.py	302	def	test_unknown_search_field_ignored
tests/test_server_params.py	310	def	test_unknown_add_field_ignored
tests/test_server_params.py	325	class	TestExistingParamsUnchanged
tests/test_server_params.py	327	def	test_search_filters_still_forwarded
tests/test_server_params.py	340	def	test_add_metadata_still_forwarded
tests/test_server_params.py	358	class	TestOpenAPISchema
tests/test_server_params.py	361	def	test_search_schema_includes_limit
tests/test_server_params.py	367	def	test_search_schema_includes_threshold
tests/test_server_params.py	372	def	test_add_schema_includes_infer
tests/test_server_params.py	377	def	test_add_schema_includes_memory_type
tests/test_server_params.py	382	def	test_add_schema_includes_prompt
tests/test_server_params.py	392	class	TestTypeValidation
tests/test_server_params.py	395	def	test_limit_string_rejected
tests/test_server_params.py	401	def	test_threshold_string_rejected
tests/test_server_params.py	407	def	test_infer_string_coerced_by_pydantic
tests/test_server_params.py	418	def	test_infer_invalid_value_rejected
tests/test_server_params.py	427	def	test_limit_float_rejected
tests/test_server_params.py	433	def	test_memory_type_int_rejected
tests/test_server_params.py	446	class	TestExplicitNull
tests/test_server_params.py	450	def	test_limit_null_uses_memory_default
tests/test_server_params.py	458	def	test_infer_null_uses_memory_default
tests/test_server_params.py	468	def	test_prompt_null_uses_memory_default
tests/test_server_params.py	483	class	TestCallSignatureMatch
tests/test_server_params.py	487	def	test_search_kwargs_are_valid
tests/test_server_params.py	504	def	test_add_kwargs_are_valid
tests/test_server_params.py	519	def	test_messages_excluded_from_params_dict
tests/test_server_params.py	532	def	test_query_passed_explicitly
tests/test_server_params.py	544	class	TestUpdateMemory
tests/test_server_params.py	548	def	test_text_forwarded_as_data
tests/test_server_params.py	554	def	test_metadata_forwarded
tests/test_server_params.py	563	def	test_metadata_omitted_passes_none
tests/test_server_params.py	569	def	test_expiration_date_forwarded_without_text
tests/test_server_params.py	576	def	test_null_expiration_date_forwarded_for_clear
tests/test_server_params.py	582	def	test_dict_not_passed_as_data
tests/test_server_params.py	590	class	TestUpdateOpenAPISchema
tests/test_server_params.py	593	def	test_update_schema_includes_text
tests/test_server_params.py	598	def	test_update_schema_includes_metadata
tests/test_server_params.py	607	class	TestGetMemories
tests/test_server_params.py	610	def	test_get_memories_entity_filters_routing
tests/test_server_params.py	631	def	test_get_memories_entity_filters_forward_top_k
tests/test_server_params.py	640	def	test_get_memories_admin_top_k_zero_not_defaulted
tests/test_server_params.py	649	def	test_get_memories_rejects_top_k_above_limit
tests/test_server_params.py	660	class	TestSearchEntityIdMapping
tests/test_server_params.py	665	def	test_user_id_mapped_to_filters
tests/test_server_params.py	672	def	test_agent_id_mapped_to_filters
tests/test_server_params.py	679	def	test_run_id_mapped_to_filters
tests/test_server_params.py	686	def	test_all_entity_ids_mapped
tests/test_server_params.py	694	def	test_entity_ids_merged_with_explicit_filters
tests/test_server_params.py	705	def	test_no_entity_ids_no_filters
tests/test_server_params.py	711	def	test_only_filters_no_entity_ids
tests/test_server_params.py	722	class	TestSearchValidationErrors
tests/test_server_params.py	725	def	test_empty_filters_returns_400
tests/test_server_params.py	733	def	test_no_identifiers_returns_400
tests/test_server_params.py	745	class	TestWriteHandlerErrorMapping
tests/test_server_params.py	749	def	test_update_not_found_returns_404
tests/test_server_params.py	755	def	test_delete_not_found_returns_404
tests/test_server_params.py	760	def	test_update_other_value_error_returns_400
tests/test_server_params.py	765	def	test_add_validation_error_returns_400
tests/test_server_params.py	774	def	test_add_real_outage_still_returns_502
tests/test_telemetry.py	9	class	TestTelemetryDisabled
tests/test_telemetry.py	12	def	test_posthog_not_created_when_disabled
tests/test_telemetry.py	21	def	test_capture_event_noop_when_disabled
tests/test_telemetry.py	33	def	test_capture_client_event_noop_when_disabled
tests/test_telemetry.py	42	def	test_instance_capture_event_noop_when_posthog_is_none
tests/test_telemetry.py	48	def	test_close_noop_when_posthog_is_none
tests/test_telemetry.py	54	def	test_no_threads_spawned_when_disabled
tests/test_telemetry.py	63	class	TestTelemetryEnabled
tests/test_telemetry.py	66	def	test_posthog_created_when_enabled
tests/test_telemetry.py	80	def	test_capture_event_sends_when_enabled
tests/test_telemetry.py	91	def	test_anonymous_capture_event_passes_flags_to_posthog
tests/test_telemetry.py	107	def	test_capture_client_event_sends_when_enabled
tests/test_telemetry.py	118	class	TestAnonymousTelemetryClose
tests/test_telemetry.py	121	def	test_close_calls_posthog_shutdown
tests/test_telemetry.py	131	def	test_close_sets_posthog_to_none
tests/test_telemetry.py	140	def	test_double_close_is_safe
tests/test_telemetry.py	152	def	test_capture_after_close_is_noop
tests/test_telemetry.py	165	class	TestTelemetrySingleton
tests/test_telemetry.py	168	def	setup_method
tests/test_telemetry.py	173	def	teardown_method
tests/test_telemetry.py	177	def	test_singleton_reuses_instance
tests/test_telemetry.py	187	def	test_singleton_created_only_once_across_threads
tests/test_telemetry.py	195	def	grab
tests/test_telemetry.py	207	def	test_atexit_registered_once
tests/test_telemetry.py	219	def	test_capture_event_does_not_create_new_instance_each_call
tests/test_telemetry.py	237	def	test_posthog_constructed_once_across_many_capture_event_calls
tests/test_telemetry.py	254	def	test_shutdown_clears_singleton
tests/test_telemetry.py	264	def	test_shutdown_idempotent
tests/test_telemetry.py	274	def	test_shutdown_noop_when_no_instance
tests/test_telemetry.py	279	def	test_capture_event_noop_when_disabled_with_singleton
tests/test_telemetry.py	285	def	test_no_new_instance_after_shutdown
tests/test_telemetry.py	301	class	TestMemoryLifecycle
tests/test_telemetry.py	304	def	_make_mock_memory
tests/test_telemetry.py	313	def	test_double_close_is_safe
tests/test_telemetry.py	321	def	test_close_when_db_is_none
tests/test_telemetry.py	327	def	test_close_when_db_not_set
tests/test_telemetry.py	337	class	TestAsyncMemoryLifecycle
tests/test_telemetry.py	340	def	_make_mock_async_memory
tests/test_telemetry.py	348	def	test_close_when_db_is_none
tests/test_telemetry.py	353	def	test_close_when_db_not_set
tests/test_telemetry.py	361	class	TestTelemetryEnvVar
tests/test_telemetry.py	379	def	test_env_var_parsing
tests/test_telemetry.py	384	class	TestTelemetryNullUserIdHandling
tests/test_telemetry.py	391	def	test_capture_event_skips_when_user_id_is_none
tests/test_telemetry.py	404	def	test_capture_event_does_not_crash_on_posthog_error
tests/test_telemetry.py	415	def	test_oss_capture_event_does_not_crash_memory_init
tests/test_telemetry.py	430	def	test_client_capture_event_does_not_crash
tests/test_telemetry_aliasing.py	17	def	tmp_mem0_dir
tests/test_telemetry_aliasing.py	30	def	_write_config
tests/test_telemetry_aliasing.py	39	class	TestSetupConfigIdempotent
tests/test_telemetry_aliasing.py	40	def	test_creates_config_when_missing
tests/test_telemetry_aliasing.py	47	def	test_backfills_user_id_when_only_telemetry_present
tests/test_telemetry_aliasing.py	59	def	test_does_not_overwrite_existing_user_id
tests/test_telemetry_aliasing.py	67	def	test_handles_malformed_json
tests/test_telemetry_aliasing.py	79	class	TestReadAnonIds
tests/test_telemetry_aliasing.py	80	def	test_returns_oss_only
tests/test_telemetry_aliasing.py	87	def	test_returns_cli_only
tests/test_telemetry_aliasing.py	97	def	test_returns_both
tests/test_telemetry_aliasing.py	114	def	test_no_config_returns_all_none
tests/test_telemetry_aliasing.py	120	def	test_malformed_json_does_not_raise
tests/test_telemetry_aliasing.py	131	class	TestMarkAliased
tests/test_telemetry_aliasing.py	132	def	test_writes_aliased_pair_preserving_other_fields
tests/test_telemetry_aliasing.py	149	def	test_creates_telemetry_section_when_missing
tests/test_telemetry_aliasing.py	157	def	test_tracks_each_pair_independently
tests/test_telemetry_aliasing.py	170	class	TestCaptureIdentify
tests/test_telemetry_aliasing.py	171	def	test_fires_identify_with_anon_distinct_id
tests/test_telemetry_aliasing.py	185	def	test_skips_when_anon_equals_email
tests/test_telemetry_aliasing.py	194	def	test_skips_when_inputs_empty
tests/test_telemetry_aliasing.py	204	def	test_noop_when_telemetry_disabled
tests/test_telemetry_aliasing.py	212	def	test_does_not_raise_on_posthog_error
tests/test_telemetry_aliasing.py	221	def	test_identify_is_in_lifecycle_events
tests/test_telemetry_aliasing.py	231	class	TestMaybeAliasAnonToEmail
tests/test_telemetry_aliasing.py	236	def	test_fires_identify_for_oss_uuid
tests/test_telemetry_aliasing.py	254	def	test_fires_identify_for_cli_anon
tests/test_telemetry_aliasing.py	271	def	test_fires_identify_for_both_anon_ids
tests/test_telemetry_aliasing.py	291	def	test_skips_when_pair_already_aliased
tests/test_telemetry_aliasing.py	308	def	test_skips_when_email_invalid
tests/test_telemetry_aliasing.py	317	def	test_skips_when_telemetry_disabled
tests/test_telemetry_aliasing.py	334	def	test_does_not_raise_on_telemetry_failure
tests/test_telemetry_aliasing.py	352	def	test_skips_anon_id_equal_to_email
tests/test_telemetry_aliasing.py	369	def	test_does_not_raise_on_read_failure
tests/test_telemetry_aliasing.py	384	class	TestEndToEndIdempotency
tests/test_telemetry_aliasing.py	388	def	test_second_call_is_noop_after_pair_marker_persisted
tests/test_telemetry_sampling.py	15	class	TestParseSampleRate
tests/test_telemetry_sampling.py	28	def	test_valid_values
tests/test_telemetry_sampling.py	32	def	test_invalid_values_fall_back_to_default
tests/test_telemetry_sampling.py	35	def	test_none_falls_back
tests/test_telemetry_sampling.py	39	class	TestSamplingBeforeSend
tests/test_telemetry_sampling.py	42	def	_msg
tests/test_telemetry_sampling.py	45	def	test_lifecycle_event_passes_through_at_high_random
tests/test_telemetry_sampling.py	53	def	test_hot_path_event_dropped_when_random_above_rate
tests/test_telemetry_sampling.py	59	def	test_hot_path_event_passes_when_random_below_rate
tests/test_telemetry_sampling.py	67	def	test_hot_path_annotates_sample_rate
tests/test_telemetry_sampling.py	73	def	test_lifecycle_annotates_sample_rate_one
tests/test_telemetry_sampling.py	77	def	test_rate_zero_drops_all_hot_path
tests/test_telemetry_sampling.py	84	def	test_rate_zero_still_passes_lifecycle
tests/test_telemetry_sampling.py	89	def	test_rate_one_passes_all_events
tests/test_telemetry_sampling.py	95	def	test_does_not_override_caller_supplied_sample_rate_for_hot_path
tests/test_telemetry_sampling.py	104	def	test_handles_missing_properties_dict
tests/test_telemetry_sampling.py	111	def	test_handles_missing_event_field
tests/test_telemetry_sampling.py	118	def	test_handles_non_dict_input
tests/test_telemetry_sampling.py	126	class	TestBeforeSendWiring
tests/test_telemetry_sampling.py	129	def	setup_method
tests/test_telemetry_sampling.py	133	def	teardown_method
tests/test_telemetry_sampling.py	137	def	test_oss_singleton_constructed_with_before_send_hook
tests/test_telemetry_sampling.py	148	def	test_client_telemetry_constructed_without_before_send
tests/test_telemetry_sampling.py	165	def	test_anonymous_telemetry_constructs_posthog_with_current_kwargs
tests/test_telemetry_sampling.py	184	class	TestSamplingDoesNotBreakExistingBehavior
tests/test_telemetry_sampling.py	187	def	setup_method
tests/test_telemetry_sampling.py	191	def	teardown_method
tests/test_telemetry_sampling.py	195	def	test_capture_event_signature_unchanged
tests/test_telemetry_sampling.py	202	def	test_capture_client_event_signature_unchanged
tests/test_telemetry_sampling.py	208	def	test_default_sample_rate_is_ten_percent
tests/utils/test_entity_extraction.py	5	def	_ensure_spacy
tests/utils/test_entity_extraction.py	15	class	TestExtractEntities
tests/utils/test_entity_extraction.py	16	def	test_proper_nouns
tests/utils/test_entity_extraction.py	25	def	test_quoted_text
tests/utils/test_entity_extraction.py	32	def	test_compound_nouns
tests/utils/test_entity_extraction.py	42	def	test_empty_string
tests/utils/test_entity_extraction.py	48	def	test_no_entities
tests/utils/test_entity_extraction.py	57	def	test_deduplication
tests/utils/test_entity_extraction.py	64	def	test_substring_dedup_respects_word_boundaries
tests/utils/test_entity_extraction.py	74	def	test_returns_tuples
tests/utils/test_entity_extraction.py	84	def	test_handles_names_lists_and_identifiers
tests/utils/test_entity_extraction.py	113	class	TestExtractEntitiesBatch
tests/utils/test_entity_extraction.py	114	def	test_batch_processing
tests/utils/test_entity_extraction.py	128	def	test_empty_input
tests/utils/test_entity_extraction.py	133	def	test_consistency_with_single
tests/utils/test_factory.py	10	def	_capture_config
tests/utils/test_factory.py	14	def	fake_llm_class
tests/utils/test_factory.py	24	def	test_base_to_openai_preserves_reasoning_fields
tests/utils/test_factory.py	34	def	test_base_to_kwargs_provider_preserves_reasoning_fields
tests/utils/test_factory.py	45	def	test_base_to_provider_without_reasoning_fields_still_builds
tests/utils/test_lemmatization.py	5	def	_ensure_spacy
tests/utils/test_lemmatization.py	14	class	TestLemmatizeForBm25
tests/utils/test_lemmatization.py	15	def	test_basic_lemmatization
tests/utils/test_lemmatization.py	24	def	test_verb_forms_normalized
tests/utils/test_lemmatization.py	32	def	test_ing_preservation
tests/utils/test_lemmatization.py	40	def	test_empty_string
tests/utils/test_lemmatization.py	46	def	test_punctuation_removed
tests/utils/test_lemmatization.py	54	def	test_lowercased
tests/utils/test_lemmatization.py	61	def	test_stop_words_removed
tests/utils/test_scoring.py	11	class	TestGetBm25Params
tests/utils/test_scoring.py	12	def	test_short_query
tests/utils/test_scoring.py	17	def	test_medium_query
tests/utils/test_scoring.py	22	def	test_long_query
tests/utils/test_scoring.py	28	def	test_empty_lemmatized
tests/utils/test_scoring.py	34	class	TestNormalizeBm25
tests/utils/test_scoring.py	35	def	test_at_midpoint
tests/utils/test_scoring.py	39	def	test_high_score
tests/utils/test_scoring.py	43	def	test_low_score
tests/utils/test_scoring.py	47	def	test_range
tests/utils/test_scoring.py	53	class	TestScoreAndRank
tests/utils/test_scoring.py	54	def	test_semantic_only
tests/utils/test_scoring.py	65	def	test_semantic_plus_bm25
tests/utils/test_scoring.py	80	def	test_all_three_signals
tests/utils/test_scoring.py	89	def	test_threshold_gates_on_semantic
tests/utils/test_scoring.py	99	def	test_top_k_limit
tests/utils/test_scoring.py	104	def	test_adaptive_divisor_semantic_only
tests/utils/test_scoring.py	110	def	test_adaptive_divisor_semantic_plus_entity
tests/utils/test_scoring.py	118	def	test_empty_results
tests/utils/test_scoring.py	122	def	test_none_score_treated_as_zero
tests/utils/test_scoring.py	129	def	test_score_clamped_to_1
tests/utils/test_scoring.py	136	def	test_explain_includes_score_details
tests/utils/test_scoring.py	153	def	test_score_details_are_omitted_by_default
tests/utils/test_scoring.py	159	class	TestEntityBoostWeight
tests/utils/test_scoring.py	160	def	test_weight_value
tests/vector_stores/test_azure_ai_search.py	15	def	mock_clients
tests/vector_stores/test_azure_ai_search.py	58	def	azure_ai_search_instance
tests/vector_stores/test_azure_ai_search.py	76	def	test_config_validation_valid
tests/vector_stores/test_azure_ai_search.py	101	def	test_config_validation_invalid_compression_type
tests/vector_stores/test_azure_ai_search.py	113	def	test_config_validation_deprecated_use_compression
tests/vector_stores/test_azure_ai_search.py	127	def	test_config_validation_extra_fields
tests/vector_stores/test_azure_ai_search.py	143	def	test_initialization
tests/vector_stores/test_azure_ai_search.py	168	def	test_initialization_with_compression_types
tests/vector_stores/test_azure_ai_search.py	226	def	test_initialization_with_float_precision
tests/vector_stores/test_azure_ai_search.py	270	def	test_create_col
tests/vector_stores/test_azure_ai_search.py	315	def	test_create_col_scalar_compression
tests/vector_stores/test_azure_ai_search.py	340	def	test_create_col_no_compression
tests/vector_stores/test_azure_ai_search.py	366	def	test_insert_single
tests/vector_stores/test_azure_ai_search.py	393	def	test_insert_multiple
tests/vector_stores/test_azure_ai_search.py	432	def	test_insert_with_error
tests/vector_stores/test_azure_ai_search.py	468	def	test_insert_with_missing_payload_fields
tests/vector_stores/test_azure_ai_search.py	496	def	test_insert_with_http_error
tests/vector_stores/test_azure_ai_search.py	514	def	test_update_allows_empty_payload
tests/vector_stores/test_azure_ai_search.py	527	def	test_update_allows_empty_vector
tests/vector_stores/test_azure_ai_search.py	541	def	test_search_basic
tests/vector_stores/test_azure_ai_search.py	581	def	test_init_with_valid_api_key
tests/vector_stores/test_azure_ai_search.py	616	def	test_init_with_default_api_key_triggers_default_credential
tests/vector_stores/test_azure_ai_search.py	648	def	test_init_sets_compression_type_to_none_if_unspecified
tests/vector_stores/test_azure_ai_search.py	661	def	test_init_does_not_create_col_if_collection_exists
tests/vector_stores/test_azure_ai_search.py	677	def	test_init_calls_create_col_if_collection_missing
tests/vector_stores/test_azure_ai_search.py	692	def	test_build_filter_rejects_dict_value
tests/vector_stores/test_azure_ai_search.py	698	def	test_build_filter_rejects_list_value
tests/vector_stores/test_azure_ai_search.py	704	def	test_build_filter_accepts_scalars
tests/vector_stores/test_azure_ai_search.py	718	def	test_build_filter_escapes_quotes
tests/vector_stores/test_azure_mysql.py	12	def	mock_connection_pool
tests/vector_stores/test_azure_mysql.py	39	def	azure_mysql_instance
tests/vector_stores/test_azure_mysql.py	59	def	test_azure_mysql_init
tests/vector_stores/test_azure_mysql.py	82	def	test_create_col
tests/vector_stores/test_azure_mysql.py	92	def	test_insert
tests/vector_stores/test_azure_mysql.py	105	def	test_search
tests/vector_stores/test_azure_mysql.py	130	def	test_delete
tests/vector_stores/test_azure_mysql.py	139	def	test_update
tests/vector_stores/test_azure_mysql.py	151	def	test_get
tests/vector_stores/test_azure_mysql.py	169	def	test_list_cols
tests/vector_stores/test_azure_mysql.py	185	def	test_delete_col
tests/vector_stores/test_azure_mysql.py	194	def	test_col_info
tests/vector_stores/test_azure_mysql.py	211	def	test_list
tests/vector_stores/test_azure_mysql.py	230	def	test_reset
tests/vector_stores/test_azure_mysql.py	241	def	test_azure_credential_authentication
tests/vector_stores/test_azure_mysql.py	262	def	test_output_data_model
tests/vector_stores/test_azure_mysql.py	285	class	TestAzureMySQLConfigCollectionNameValidation
tests/vector_stores/test_azure_mysql.py	286	def	test_accepts_valid_identifier
tests/vector_stores/test_azure_mysql.py	297	def	test_rejects_injection_payload
tests/vector_stores/test_azure_mysql.py	308	class	TestAzureMySQLFilterKeySanitization
tests/vector_stores/test_azure_mysql.py	315	def	_executed_blob
tests/vector_stores/test_azure_mysql.py	319	def	test_search_drops_invalid_key
tests/vector_stores/test_azure_mysql.py	324	def	test_keyword_search_drops_invalid_key
tests/vector_stores/test_azure_mysql.py	329	def	test_list_drops_invalid_key
tests/vector_stores/test_baidu.py	17	def	mock_mochow_client
tests/vector_stores/test_baidu.py	23	def	mock_configuration
tests/vector_stores/test_baidu.py	29	def	mock_bce_credentials
tests/vector_stores/test_baidu.py	35	def	mock_table
tests/vector_stores/test_baidu.py	52	def	mochow_instance
tests/vector_stores/test_baidu.py	81	def	test_insert
tests/vector_stores/test_baidu.py	105	def	test_search
tests/vector_stores/test_baidu.py	140	def	test_search_with_filters
tests/vector_stores/test_baidu.py	155	def	test_delete
tests/vector_stores/test_baidu.py	162	def	test_update
tests/vector_stores/test_baidu.py	178	def	test_get
tests/vector_stores/test_baidu.py	193	def	test_list
tests/vector_stores/test_baidu.py	208	def	test_list_cols
tests/vector_stores/test_baidu.py	221	def	test_delete_col_not_exists
tests/vector_stores/test_baidu.py	231	def	test_col_info
tests/vector_stores/test_baidu.py	240	def	test_create_filter_rejects_dict_value
tests/vector_stores/test_baidu.py	246	def	test_create_filter_rejects_malicious_key
tests/vector_stores/test_baidu.py	252	def	test_create_filter_escapes_quotes_in_value
tests/vector_stores/test_baidu.py	259	def	test_create_filter_escapes_backslash_and_quote
tests/vector_stores/test_baidu.py	265	def	test_create_filter_renders_boolean
tests/vector_stores/test_cassandra.py	10	def	mock_session
tests/vector_stores/test_cassandra.py	20	def	mock_cluster
tests/vector_stores/test_cassandra.py	29	def	cassandra_instance
tests/vector_stores/test_cassandra.py	47	def	test_cassandra_init
tests/vector_stores/test_cassandra.py	70	def	test_create_col
tests/vector_stores/test_cassandra.py	78	def	test_insert
tests/vector_stores/test_cassandra.py	94	def	test_search
tests/vector_stores/test_cassandra.py	117	def	test_delete
tests/vector_stores/test_cassandra.py	128	def	test_update
tests/vector_stores/test_cassandra.py	142	def	test_get
tests/vector_stores/test_cassandra.py	164	def	test_list_cols
tests/vector_stores/test_cassandra.py	182	def	test_delete_col
tests/vector_stores/test_cassandra.py	189	def	test_col_info
tests/vector_stores/test_cassandra.py	207	def	test_list
tests/vector_stores/test_cassandra.py	223	def	test_reset
tests/vector_stores/test_cassandra.py	230	def	test_astra_db_connection
tests/vector_stores/test_cassandra.py	249	def	test_search_with_filters
tests/vector_stores/test_cassandra.py	278	def	test_output_data_model
tests/vector_stores/test_cassandra.py	291	def	test_insert_without_ids
tests/vector_stores/test_cassandra.py	305	def	test_insert_without_payloads
tests/vector_stores/test_chroma.py	10	def	mock_chromadb_client
tests/vector_stores/test_chroma.py	16	def	chromadb_instance
tests/vector_stores/test_chroma.py	23	def	test_insert_vectors
tests/vector_stores/test_chroma.py	33	def	test_search_vectors
tests/vector_stores/test_chroma.py	52	def	test_search_vectors_with_filters
tests/vector_stores/test_chroma.py	78	def	test_search_vectors_with_single_filter
tests/vector_stores/test_chroma.py	101	def	test_search_vectors_with_no_filters
tests/vector_stores/test_chroma.py	120	def	test_delete_vector
tests/vector_stores/test_chroma.py	128	def	test_update_vector
tests/vector_stores/test_chroma.py	140	def	test_update_vector_metadata_only
tests/vector_stores/test_chroma.py	152	def	test_update_vector_embedding_only
tests/vector_stores/test_chroma.py	164	def	test_get_vector
tests/vector_stores/test_chroma.py	181	def	test_get_missing_vector_returns_none
tests/vector_stores/test_chroma.py	191	def	test_list_vectors
tests/vector_stores/test_chroma.py	208	def	test_list_vectors_with_filters
tests/vector_stores/test_chroma.py	230	def	test_list_vectors_with_single_filter
tests/vector_stores/test_chroma.py	250	def	test_generate_where_clause_multiple_filters
tests/vector_stores/test_chroma.py	260	def	test_generate_where_clause_single_filter
tests/vector_stores/test_chroma.py	270	def	test_generate_where_clause_no_filters
tests/vector_stores/test_chroma.py	279	def	test_generate_where_clause_all_wildcards_returns_none
tests/vector_stores/test_chroma.py	285	def	test_generate_where_clause_non_string_values
tests/vector_stores/test_chroma.py	295	def	test_generate_where_clause_not_single_equality
tests/vector_stores/test_chroma.py	302	def	test_generate_where_clause_not_multiple_conditions
tests/vector_stores/test_chroma.py	309	def	test_generate_where_clause_not_with_operators
tests/vector_stores/test_chroma.py	316	def	test_generate_where_clause_not_in_to_nin
tests/vector_stores/test_chroma.py	323	def	test_generate_where_clause_not_multi_field_condition
tests/vector_stores/test_chroma.py	330	def	test_generate_where_clause_not_combined_with_other_filters
tests/vector_stores/test_chroma.py	337	def	test_chroma_config_accepts_default_tmp_path
tests/vector_stores/test_chroma.py	343	def	test_chroma_config_rejects_no_config
tests/vector_stores/test_databricks.py	21	def	_make_status
tests/vector_stores/test_databricks.py	25	def	_make_exec_response
tests/vector_stores/test_databricks.py	30	def	mock_workspace_client
tests/vector_stores/test_databricks.py	64	def	db_instance_delta
tests/vector_stores/test_databricks.py	80	def	db_instance_direct
tests/vector_stores/test_databricks.py	101	def	test_initialization_delta_sync
tests/vector_stores/test_databricks.py	114	def	test_initialization_direct_access
tests/vector_stores/test_databricks.py	123	def	test_create_col_invalid_type
tests/vector_stores/test_databricks.py	144	def	test_insert_generates_sql
tests/vector_stores/test_databricks.py	177	def	test_search_delta_sync_text
tests/vector_stores/test_databricks.py	202	def	test_search_direct_access_vector
tests/vector_stores/test_databricks.py	225	def	test_search_delta_sync_self_managed_vectors
tests/vector_stores/test_databricks.py	250	def	test_search_missing_params_raises
tests/vector_stores/test_databricks.py	258	def	test_delete_vector
tests/vector_stores/test_databricks.py	274	def	test_update_vector
tests/vector_stores/test_databricks.py	298	def	test_get_vector
tests/vector_stores/test_databricks.py	339	def	test_get_vector_direct_access
tests/vector_stores/test_databricks.py	386	def	test_list_cols
tests/vector_stores/test_databricks.py	395	def	test_col_info
tests/vector_stores/test_databricks.py	401	def	test_list_memories
tests/vector_stores/test_databricks.py	442	def	test_list_memories_direct_access
tests/vector_stores/test_databricks.py	474	def	test_get_vector_delta_sync_self_managed
tests/vector_stores/test_databricks.py	507	def	test_list_memories_delta_sync_self_managed
tests/vector_stores/test_databricks.py	531	def	test_list_memories_default_limit
tests/vector_stores/test_databricks.py	544	def	test_ensure_source_table_uses_dynamic_names
tests/vector_stores/test_databricks.py	570	def	test_config_rejects_old_doc_params
tests/vector_stores/test_databricks.py	585	def	test_config_rejects_source_table_name
tests/vector_stores/test_databricks.py	600	def	test_config_accepts_correct_params
tests/vector_stores/test_databricks.py	620	def	test_reset
tests/vector_stores/test_databricks.py	631	def	test_e2e_config_to_factory_delta_sync
tests/vector_stores/test_databricks.py	662	def	test_e2e_config_to_factory_direct_access
tests/vector_stores/test_databricks.py	688	def	test_e2e_old_docs_config_rejected
tests/vector_stores/test_databricks.py	706	def	test_e2e_crud_lifecycle_delta_sync
tests/vector_stores/test_databricks.py	804	def	test_e2e_crud_lifecycle_direct_access
tests/vector_stores/test_databricks.py	894	def	test_delete_prevents_sql_injection
tests/vector_stores/test_databricks.py	907	def	test_update_prevents_sql_injection_in_vector_id
tests/vector_stores/test_databricks.py	919	def	test_update_prevents_sql_injection_in_payload
tests/vector_stores/test_databricks.py	931	def	test_insert_prevents_sql_injection_in_ids
tests/vector_stores/test_databricks.py	947	def	test_insert_prevents_sql_injection_in_payload_data
tests/vector_stores/test_databricks.py	967	def	test_update_rejects_malicious_column_names
tests/vector_stores/test_databricks.py	981	def	test_insert_multi_row
tests/vector_stores/test_databricks.py	1004	def	test_insert_with_none_values
tests/vector_stores/test_databricks.py	1021	def	test_update_payload_only
tests/vector_stores/test_databricks.py	1032	def	test_update_vector_only
tests/vector_stores/test_databricks.py	1045	def	test_insert_timestamp_params_have_explicit_type
tests/vector_stores/test_databricks.py	1070	class	TestIdentifierValidation
tests/vector_stores/test_databricks.py	1073	def	test_rejects_semicolon_in_table_name
tests/vector_stores/test_databricks.py	1086	def	test_rejects_dot_in_catalog
tests/vector_stores/test_databricks.py	1099	def	test_rejects_space_in_schema
tests/vector_stores/test_databricks.py	1112	def	test_rejects_dash_in_collection_name
tests/vector_stores/test_databricks.py	1125	def	test_accepts_valid_identifiers
tests/vector_stores/test_e2e_threshold.py	30	def	_tcp_reachable
tests/vector_stores/test_e2e_threshold.py	40	def	_make_vectors
tests/vector_stores/test_e2e_threshold.py	55	def	_run_threshold_test
tests/vector_stores/test_e2e_threshold.py	114	class	TestChromaDBThreshold
tests/vector_stores/test_e2e_threshold.py	115	def	test_threshold_filtering
tests/vector_stores/test_e2e_threshold.py	127	def	test_threshold_direction_not_inverted
tests/vector_stores/test_e2e_threshold.py	154	class	TestFAISSEuclideanThreshold
tests/vector_stores/test_e2e_threshold.py	155	def	test_threshold_filtering
tests/vector_stores/test_e2e_threshold.py	172	class	TestFAISSCosineThreshold
tests/vector_stores/test_e2e_threshold.py	173	def	test_threshold_filtering
tests/vector_stores/test_e2e_threshold.py	204	def	_pgvector_reachable
tests/vector_stores/test_e2e_threshold.py	223	class	TestPGVectorThreshold
tests/vector_stores/test_e2e_threshold.py	224	def	test_threshold_filtering
tests/vector_stores/test_e2e_threshold.py	256	class	TestRedisThreshold
tests/vector_stores/test_e2e_threshold.py	257	def	test_threshold_filtering
tests/vector_stores/test_e2e_threshold.py	297	class	TestValkeyThreshold
tests/vector_stores/test_e2e_threshold.py	298	def	test_threshold_filtering
tests/vector_stores/test_e2e_threshold.py	334	class	TestMilvusL2Threshold
tests/vector_stores/test_e2e_threshold.py	335	def	test_threshold_filtering
tests/vector_stores/test_e2e_threshold.py	362	class	TestMilvusCosineThreshold
tests/vector_stores/test_e2e_threshold.py	363	def	test_threshold_filtering
tests/vector_stores/test_e2e_threshold.py	391	class	TestSupabaseThreshold
tests/vector_stores/test_e2e_threshold.py	392	def	test_threshold_filtering
tests/vector_stores/test_e2e_threshold.py	414	class	TestS3VectorsThreshold
tests/vector_stores/test_e2e_threshold.py	415	def	test_threshold_filtering
tests/vector_stores/test_elasticsearch.py	16	class	TestElasticsearchDB
tests/vector_stores/test_elasticsearch.py	18	def	setUpClass
tests/vector_stores/test_elasticsearch.py	35	def	setUp
tests/vector_stores/test_elasticsearch.py	66	def	tearDownClass
tests/vector_stores/test_elasticsearch.py	74	def	tearDown
tests/vector_stores/test_elasticsearch.py	78	def	test_create_index
tests/vector_stores/test_elasticsearch.py	114	def	test_auto_create_index
tests/vector_stores/test_elasticsearch.py	153	def	test_insert
tests/vector_stores/test_elasticsearch.py	183	def	test_search
tests/vector_stores/test_elasticsearch.py	219	def	test_custom_search_query
tests/vector_stores/test_elasticsearch.py	238	def	test_get
tests/vector_stores/test_elasticsearch.py	258	def	test_get_not_found
tests/vector_stores/test_elasticsearch.py	266	def	test_list
tests/vector_stores/test_elasticsearch.py	293	def	test_delete
tests/vector_stores/test_elasticsearch.py	300	def	test_list_cols
tests/vector_stores/test_elasticsearch.py	311	def	test_delete_col
tests/vector_stores/test_elasticsearch.py	318	def	test_es_config
tests/vector_stores/test_elasticsearch.py	332	def	test_es_valid_headers
tests/vector_stores/test_elasticsearch.py	345	def	test_es_invalid_headers
tests/vector_stores/test_elasticsearch.py	364	def	test_filter_rejects_dict_value
tests/vector_stores/test_elasticsearch.py	368	def	test_filter_rejects_list_value
tests/vector_stores/test_elasticsearch.py	372	def	test_filter_rejects_invalid_key
tests/vector_stores/test_elasticsearch.py	376	def	test_filter_accepts_scalar_values
tests/vector_stores/test_elasticsearch.py	382	def	test_search_with_dict_filter_raises
tests/vector_stores/test_elasticsearch.py	390	def	test_list_with_dict_filter_raises
tests/vector_stores/test_faiss.py	21	def	mock_faiss_index
tests/vector_stores/test_faiss.py	29	def	faiss_instance
tests/vector_stores/test_faiss.py	46	def	test_create_col
tests/vector_stores/test_faiss.py	60	def	test_insert
tests/vector_stores/test_faiss.py	87	def	test_search
tests/vector_stores/test_faiss.py	130	def	test_search_with_filters
tests/vector_stores/test_faiss.py	176	def	test_search_with_filters_overfetch_not_truncated
tests/vector_stores/test_faiss.py	202	def	test_delete
tests/vector_stores/test_faiss.py	227	def	test_update
tests/vector_stores/test_faiss.py	249	def	test_get
tests/vector_stores/test_faiss.py	264	def	test_list
tests/vector_stores/test_faiss.py	288	def	test_list_uninitialized_index_returns_nested_list
tests/vector_stores/test_faiss.py	302	def	test_col_info
tests/vector_stores/test_faiss.py	317	def	test_delete_col
tests/vector_stores/test_faiss.py	333	def	test_normalize_L2
tests/vector_stores/test_faiss.py	357	class	TestSafeUnpickler
tests/vector_stores/test_faiss.py	360	def	test_safe_unpickler_allows_basic_types
tests/vector_stores/test_faiss.py	375	def	test_safe_unpickler_blocks_os_system
tests/vector_stores/test_faiss.py	380	class	Evil
tests/vector_stores/test_faiss.py	381	def	__reduce__
tests/vector_stores/test_faiss.py	392	def	test_safe_unpickler_blocks_subprocess
tests/vector_stores/test_faiss.py	397	class	MaliciousSubprocess
tests/vector_stores/test_faiss.py	398	def	__reduce__
tests/vector_stores/test_faiss.py	410	def	test_safe_unpickler_blocks_eval
tests/vector_stores/test_faiss.py	414	class	MaliciousEval
tests/vector_stores/test_faiss.py	415	def	__reduce__
tests/vector_stores/test_faiss.py	427	def	test_safe_unpickler_blocks_arbitrary_modules
tests/vector_stores/test_faiss.py	431	class	ArbitraryClass
tests/vector_stores/test_faiss.py	432	def	__reduce__
tests/vector_stores/test_faiss.py	450	class	TestSafePickleLoad
tests/vector_stores/test_faiss.py	453	def	test_safe_pickle_load_with_valid_file
tests/vector_stores/test_faiss.py	466	def	test_safe_pickle_load_blocks_malicious_file
tests/vector_stores/test_faiss.py	470	class	Evil
tests/vector_stores/test_faiss.py	471	def	__reduce__
tests/vector_stores/test_faiss.py	488	class	TestValidateDocstoreStructure
tests/vector_stores/test_faiss.py	491	def	test_valid_structure
tests/vector_stores/test_faiss.py	498	def	test_invalid_tuple_length
tests/vector_stores/test_faiss.py	503	def	test_invalid_docstore_type
tests/vector_stores/test_faiss.py	508	def	test_invalid_index_to_id_type
tests/vector_stores/test_faiss.py	513	def	test_invalid_docstore_key_type
tests/vector_stores/test_faiss.py	518	def	test_invalid_index_to_id_key_type
tests/vector_stores/test_faiss.py	524	class	TestFAISSSecurityIntegration
tests/vector_stores/test_faiss.py	527	def	test_faiss_saves_as_json
tests/vector_stores/test_faiss.py	561	def	test_faiss_loads_json_preferentially
tests/vector_stores/test_faiss.py	598	def	test_faiss_blocks_malicious_pickle_on_load
tests/vector_stores/test_faiss.py	605	class	Evil
tests/vector_stores/test_faiss.py	606	def	__reduce__
tests/vector_stores/test_faiss.py	638	def	test_faiss_migrates_legacy_pickle_to_json
tests/vector_stores/test_faiss.py	675	def	test_delete_col_removes_json_and_pkl
tests/vector_stores/test_faiss.py	709	class	TestCosineNormalization
tests/vector_stores/test_faiss.py	717	def	test_cosine_ranks_by_angle_not_magnitude
tests/vector_stores/test_faiss.py	741	def	test_cosine_normalizes_on_insert_and_search
tests/vector_stores/test_langchain_vector_store.py	10	def	mock_langchain_client
tests/vector_stores/test_langchain_vector_store.py	16	def	langchain_instance
tests/vector_stores/test_langchain_vector_store.py	21	def	test_insert_vectors
tests/vector_stores/test_langchain_vector_store.py	44	def	test_search_vectors
tests/vector_stores/test_langchain_vector_store.py	70	def	test_search_vectors_with_agent_id_run_id_filters
tests/vector_stores/test_langchain_vector_store.py	94	def	test_search_vectors_with_single_filter
tests/vector_stores/test_langchain_vector_store.py	113	def	test_search_vectors_with_no_filters
tests/vector_stores/test_langchain_vector_store.py	130	def	test_get_vector
tests/vector_stores/test_langchain_vector_store.py	149	def	test_list_with_filters
tests/vector_stores/test_langchain_vector_store.py	174	def	test_list_with_single_filter
tests/vector_stores/test_langchain_vector_store.py	197	def	test_list_with_no_filters
tests/vector_stores/test_langchain_vector_store.py	219	def	test_list_with_exception
tests/vector_stores/test_langchain_vector_store.py	232	def	test_search_score_is_never_none
tests/vector_stores/test_langchain_vector_store.py	252	def	test_search_uses_scored_method_when_available
tests/vector_stores/test_langchain_vector_store.py	268	def	test_search_falls_back_when_scored_method_raises_not_implemented
tests/vector_stores/test_langchain_vector_store.py	282	def	test_update_wraps_vector_and_payload_in_lists
tests/vector_stores/test_milvus.py	19	class	TestMilvusDB
tests/vector_stores/test_milvus.py	23	def	mock_milvus_client
tests/vector_stores/test_milvus.py	32	def	milvus_db
tests/vector_stores/test_milvus.py	43	def	test_initialization_with_int_dims
tests/vector_stores/test_milvus.py	57	def	test_create_col_with_int_vector_size
tests/vector_stores/test_milvus.py	66	def	test_batch_insert
tests/vector_stores/test_milvus.py	86	def	test_create_filter_string_value
tests/vector_stores/test_milvus.py	93	def	test_create_filter_numeric_value
tests/vector_stores/test_milvus.py	100	def	test_create_filter_multiple_conditions
tests/vector_stores/test_milvus.py	110	def	test_create_filter_wildcard_conditions
tests/vector_stores/test_milvus.py	118	def	test_search_with_filters
tests/vector_stores/test_milvus.py	144	def	test_search_different_user_ids
tests/vector_stores/test_milvus.py	165	def	test_update_uses_upsert
tests/vector_stores/test_milvus.py	182	def	test_delete
tests/vector_stores/test_milvus.py	192	def	test_get
tests/vector_stores/test_milvus.py	205	def	test_get_missing_returns_none
tests/vector_stores/test_milvus.py	211	def	test_list_with_filters
tests/vector_stores/test_milvus.py	228	def	test_parse_output
tests/vector_stores/test_milvus.py	252	def	test_update_with_none_vector_fetches_existing
tests/vector_stores/test_milvus.py	271	def	test_update_with_none_payload_fetches_existing
tests/vector_stores/test_milvus.py	287	def	test_update_with_both_none_fetches_existing
tests/vector_stores/test_milvus.py	305	def	test_update_with_none_vector_raises_on_missing_record
tests/vector_stores/test_milvus.py	312	def	test_update_with_none_vector_raises_on_missing_vector_data
tests/vector_stores/test_milvus.py	321	def	test_create_filter_rejects_expression_injection
tests/vector_stores/test_milvus.py	326	def	test_create_filter_rejects_malicious_key
tests/vector_stores/test_milvus.py	331	def	test_create_filter_escapes_quotes_in_value
tests/vector_stores/test_milvus.py	337	def	test_create_filter_escapes_backslash_and_quote
tests/vector_stores/test_milvus.py	342	def	test_create_filter_renders_boolean
tests/vector_stores/test_milvus.py	348	def	test_collection_already_exists
tests/vector_stores/test_mongodb.py	10	def	mongo_vector_fixture
tests/vector_stores/test_mongodb.py	34	def	test_initalize_create_col
tests/vector_stores/test_mongodb.py	69	def	test_insert
tests/vector_stores/test_mongodb.py	83	def	test_search
tests/vector_stores/test_mongodb.py	115	def	test_search_with_filters
tests/vector_stores/test_mongodb.py	149	def	test_search_with_single_filter
tests/vector_stores/test_mongodb.py	174	def	test_search_with_no_filters
tests/vector_stores/test_mongodb.py	195	def	test_delete
tests/vector_stores/test_mongodb.py	208	def	test_update
tests/vector_stores/test_mongodb.py	228	def	test_update_payload_only_uses_dot_notation
tests/vector_stores/test_mongodb.py	254	def	test_update_vector_only_does_not_touch_payload
tests/vector_stores/test_mongodb.py	267	def	test_get
tests/vector_stores/test_mongodb.py	279	def	test_list_cols
tests/vector_stores/test_mongodb.py	292	def	test_delete_col
tests/vector_stores/test_mongodb.py	300	def	test_col_info
tests/vector_stores/test_mongodb.py	312	def	test_list
tests/vector_stores/test_mongodb.py	331	def	test_list_with_filters
tests/vector_stores/test_mongodb.py	361	def	test_list_with_single_filter
tests/vector_stores/test_mongodb.py	387	def	test_list_with_no_filters
tests/vector_stores/test_mongodb.py	406	def	test_search_rejects_operator_injection
tests/vector_stores/test_mongodb.py	415	def	test_list_rejects_operator_injection
tests/vector_stores/test_mongodb.py	423	def	test_search_allows_scalar_filter_values
tests/vector_stores/test_neptune_analytics.py	45	class	TestNeptuneAnalyticsOperations
tests/vector_stores/test_neptune_analytics.py	49	def	na_instance
tests/vector_stores/test_neptune_analytics.py	58	def	test_insert_and_list
tests/vector_stores/test_neptune_analytics.py	72	def	test_get
tests/vector_stores/test_neptune_analytics.py	89	def	test_update
tests/vector_stores/test_neptune_analytics.py	107	def	test_delete
tests/vector_stores/test_neptune_analytics.py	124	def	test_search
tests/vector_stores/test_neptune_analytics.py	138	def	test_reset
tests/vector_stores/test_neptune_analytics.py	155	def	test_delete_col
tests/vector_stores/test_neptune_analytics.py	172	def	test_list_cols
tests/vector_stores/test_neptune_analytics.py	185	def	test_invalid_endpoint_format
tests/vector_stores/test_neptune_analytics.py	196	class	TestNeptuneFilterValidation
tests/vector_stores/test_neptune_analytics.py	197	def	test_filter_rejects_dict_value
tests/vector_stores/test_neptune_analytics.py	201	def	test_filter_rejects_list_value
tests/vector_stores/test_neptune_analytics.py	205	def	test_filter_rejects_invalid_key
tests/vector_stores/test_neptune_analytics.py	209	def	test_filter_accepts_scalars
tests/vector_stores/test_neptune_analytics.py	214	def	test_escape_cypher_quotes
tests/vector_stores/test_neptune_analytics.py	219	def	test_where_clause_escapes_values
tests/vector_stores/test_neptune_analytics.py	225	def	test_where_clause_rejects_dict
tests/vector_stores/test_neptune_analytics.py	231	def	test_node_filter_escapes_values
tests/vector_stores/test_neptune_analytics.py	237	def	test_node_filter_rejects_dict
tests/vector_stores/test_neptune_analytics.py	253	class	TestNeptuneAnalyticsConfigCollectionNameValidation
tests/vector_stores/test_neptune_analytics.py	254	def	test_accepts_valid_identifier
tests/vector_stores/test_neptune_analytics.py	259	def	test_rejects_injection_payload
tests/vector_stores/test_neptune_analytics.py	263	class	TestNeptuneAnalyticsVectorInitValidation
tests/vector_stores/test_neptune_analytics.py	264	def	test_accepts_valid_identifier
tests/vector_stores/test_neptune_analytics.py	275	def	test_rejects_injection_payload_in_init
tests/vector_stores/test_neptune_analytics.py	286	class	_FakeNeptuneGraph
tests/vector_stores/test_neptune_analytics.py	290	def	__init__
tests/vector_stores/test_neptune_analytics.py	296	def	query
tests/vector_stores/test_neptune_analytics.py	334	class	TestNeptuneAnalyticsUpdateRollback
tests/vector_stores/test_neptune_analytics.py	338	def	_make_vec
tests/vector_stores/test_neptune_analytics.py	344	def	test_restores_prior_payload_when_upsert_fails
tests/vector_stores/test_neptune_analytics.py	356	def	test_does_not_snapshot_prior_state_for_a_vector_only_update
tests/vector_stores/test_neptune_analytics.py	369	def	test_succeeds_normally_when_upsert_does_not_fail
tests/vector_stores/test_neptune_analytics.py	378	def	test_rolls_back_on_soft_upsert_failure
tests/vector_stores/test_opensearch.py	19	class	MockFieldInfo
tests/vector_stores/test_opensearch.py	22	def	__init__
tests/vector_stores/test_opensearch.py	26	class	MockOpenSearchConfig
tests/vector_stores/test_opensearch.py	40	def	__init__
tests/vector_stores/test_opensearch.py	65	class	MockAWSAuth
tests/vector_stores/test_opensearch.py	66	def	__init__
tests/vector_stores/test_opensearch.py	70	def	__deepcopy__
tests/vector_stores/test_opensearch.py	74	class	MockConnectionClass
tests/vector_stores/test_opensearch.py	75	def	__init__
tests/vector_stores/test_opensearch.py	78	def	__deepcopy__
tests/vector_stores/test_opensearch.py	82	class	TestOpenSearchDB
tests/vector_stores/test_opensearch.py	84	def	setUpClass
tests/vector_stores/test_opensearch.py	95	def	setUp
tests/vector_stores/test_opensearch.py	126	def	tearDownClass
tests/vector_stores/test_opensearch.py	133	def	tearDown
tests/vector_stores/test_opensearch.py	136	def	test_create_index
tests/vector_stores/test_opensearch.py	154	def	test_auto_refresh_disabled_by_default
tests/vector_stores/test_opensearch.py	174	def	test_auto_refresh_enabled
tests/vector_stores/test_opensearch.py	203	def	test_insert
tests/vector_stores/test_opensearch.py	237	def	test_get
tests/vector_stores/test_opensearch.py	253	def	test_update
tests/vector_stores/test_opensearch.py	265	def	test_list_cols
tests/vector_stores/test_opensearch.py	271	def	test_search
tests/vector_stores/test_opensearch.py	299	def	test_list_returns_nested_list
tests/vector_stores/test_opensearch.py	316	def	test_list_error_returns_nested_empty_list
tests/vector_stores/test_opensearch.py	327	def	test_delete
tests/vector_stores/test_opensearch.py	333	def	test_delete_col
tests/vector_stores/test_opensearch.py	337	def	test_insert_rejects_null_vectors
tests/vector_stores/test_opensearch.py	349	def	test_insert_rejects_empty_vectors
tests/vector_stores/test_opensearch.py	361	def	test_insert_rejects_dimension_mismatch
tests/vector_stores/test_opensearch.py	375	def	test_update_rejects_empty_vector
tests/vector_stores/test_opensearch.py	383	def	test_update_rejects_dimension_mismatch
tests/vector_stores/test_opensearch.py	397	def	test_update_error_logs_with_exc_info
tests/vector_stores/test_opensearch.py	411	def	test_insert_error_logs_with_exc_info
tests/vector_stores/test_opensearch.py	426	def	test_search_error_logs_with_exc_info
tests/vector_stores/test_opensearch.py	435	def	test_init_with_http_auth
tests/vector_stores/test_opensearch.py	466	def	test_safe_deepcopy_config_handles_opensearch_auth
tests/vector_stores/test_opensearch.py	501	def	test_safe_deepcopy_config_normal_configs
tests/vector_stores/test_opensearch.py	527	def	test_memory_initialization_opensearch_aws_auth
tests/vector_stores/test_opensearch.py	550	class	TestOpenSearchFilterValidation
tests/vector_stores/test_opensearch.py	553	def	setUp
tests/vector_stores/test_opensearch.py	574	def	test_search_rejects_dict_filter_value
tests/vector_stores/test_opensearch.py	578	def	test_search_rejects_list_filter_value
tests/vector_stores/test_opensearch.py	582	def	test_list_rejects_dict_filter_value
tests/vector_stores/test_opensearch.py	587	def	test_keyword_search_rejects_dict_filter_value
tests/vector_stores/test_opensearch.py	591	def	test_search_accepts_string_filter
tests/vector_stores/test_pgvector.py	14	class	TestPGVector
tests/vector_stores/test_pgvector.py	15	def	setUp
tests/vector_stores/test_pgvector.py	41	def	test_init_with_individual_params_psycopg3
tests/vector_stores/test_pgvector.py	75	def	test_init_does_not_block_on_unreachable_host_psycopg3
tests/vector_stores/test_pgvector.py	116	def	test_init_with_individual_params_psycopg2
tests/vector_stores/test_pgvector.py	147	def	test_create_col_psycopg3
tests/vector_stores/test_pgvector.py	190	def	test_create_col_psycopg3_with_explicit_pool
tests/vector_stores/test_pgvector.py	236	def	test_create_col_psycopg2_with_explicit_pool
tests/vector_stores/test_pgvector.py	282	def	test_create_col_psycopg2
tests/vector_stores/test_pgvector.py	322	def	test_insert_psycopg3
tests/vector_stores/test_pgvector.py	367	def	test_insert_psycopg2
tests/vector_stores/test_pgvector.py	443	def	test_search_psycopg3
tests/vector_stores/test_pgvector.py	492	def	test_search_psycopg2
tests/vector_stores/test_pgvector.py	541	def	test_delete_psycopg3
tests/vector_stores/test_pgvector.py	580	def	test_delete_psycopg2
tests/vector_stores/test_pgvector.py	619	def	test_update_psycopg3
tests/vector_stores/test_pgvector.py	661	def	test_update_psycopg2
tests/vector_stores/test_pgvector.py	703	def	test_get_psycopg3
tests/vector_stores/test_pgvector.py	748	def	test_get_psycopg2
tests/vector_stores/test_pgvector.py	793	def	test_list_cols_psycopg3
tests/vector_stores/test_pgvector.py	832	def	test_list_cols_psycopg2
tests/vector_stores/test_pgvector.py	874	def	test_delete_col_psycopg3
tests/vector_stores/test_pgvector.py	913	def	test_delete_col_psycopg2
tests/vector_stores/test_pgvector.py	952	def	test_col_info_psycopg3
tests/vector_stores/test_pgvector.py	997	def	test_col_info_psycopg2
tests/vector_stores/test_pgvector.py	1042	def	test_list_psycopg3
tests/vector_stores/test_pgvector.py	1090	def	test_list_psycopg2
tests/vector_stores/test_pgvector.py	1138	def	test_search_with_filters_psycopg3
tests/vector_stores/test_pgvector.py	1188	def	test_search_with_filters_psycopg2
tests/vector_stores/test_pgvector.py	1238	def	test_search_with_single_filter_psycopg3
tests/vector_stores/test_pgvector.py	1286	def	test_search_with_single_filter_psycopg2
tests/vector_stores/test_pgvector.py	1334	def	test_search_with_no_filters_psycopg3
tests/vector_stores/test_pgvector.py	1383	def	test_search_with_no_filters_psycopg2
tests/vector_stores/test_pgvector.py	1432	def	test_list_with_filters_psycopg3
tests/vector_stores/test_pgvector.py	1481	def	test_list_with_filters_psycopg2
tests/vector_stores/test_pgvector.py	1530	def	test_list_with_single_filter_psycopg3
tests/vector_stores/test_pgvector.py	1578	def	test_list_with_single_filter_psycopg2
tests/vector_stores/test_pgvector.py	1626	def	test_list_with_no_filters_psycopg3
tests/vector_stores/test_pgvector.py	1674	def	test_list_with_no_filters_psycopg2
tests/vector_stores/test_pgvector.py	1722	def	test_reset_psycopg3
tests/vector_stores/test_pgvector.py	1764	def	test_reset_psycopg2
tests/vector_stores/test_pgvector.py	1808	def	test_update_payload_psycopg3_json_handling
tests/vector_stores/test_pgvector.py	1849	def	test_update_payload_psycopg2_json_handling
tests/vector_stores/test_pgvector.py	1888	def	test_transaction_rollback_on_error_psycopg2
tests/vector_stores/test_pgvector.py	1900	def	execute_side_effect
tests/vector_stores/test_pgvector.py	1933	def	test_commit_on_success_psycopg2
tests/vector_stores/test_pgvector.py	1972	def	test_pool_connection_error_handling
tests/vector_stores/test_pgvector.py	1979	def	get_cursor_side_effect
tests/vector_stores/test_pgvector.py	2012	def	test_update_vector_only_psycopg3
tests/vector_stores/test_pgvector.py	2053	def	test_update_both_vector_and_payload_psycopg3
tests/vector_stores/test_pgvector.py	2095	def	test_update_empty_payload_still_persisted
tests/vector_stores/test_pgvector.py	2128	def	test_connection_string_with_sslmode_psycopg3
tests/vector_stores/test_pgvector.py	2164	def	test_with_sslmode_appends_uri_query_param
tests/vector_stores/test_pgvector.py	2176	def	test_with_sslmode_replaces_existing_uri_sslmode
tests/vector_stores/test_pgvector.py	2188	def	test_with_sslmode_preserves_keyword_conninfo_format
tests/vector_stores/test_pgvector.py	2198	def	test_create_col_with_diskann_psycopg3
tests/vector_stores/test_pgvector.py	2239	def	test_create_col_with_hnsw_psycopg3
tests/vector_stores/test_pgvector.py	2275	def	test_pool_cleanup_psycopg3
tests/vector_stores/test_pgvector.py	2304	def	test_pool_cleanup_psycopg2
tests/vector_stores/test_pgvector.py	2333	def	tearDown
tests/vector_stores/test_pgvector.py	2338	class	TestBuildFilterConditions
tests/vector_stores/test_pgvector.py	2341	def	test_none_filters
tests/vector_stores/test_pgvector.py	2346	def	test_empty_filters
tests/vector_stores/test_pgvector.py	2351	def	test_simple_equality
tests/vector_stores/test_pgvector.py	2357	def	test_multiple_equalities
tests/vector_stores/test_pgvector.py	2362	def	test_eq_operator
tests/vector_stores/test_pgvector.py	2368	def	test_ne_operator
tests/vector_stores/test_pgvector.py	2374	def	test_gt_operator
tests/vector_stores/test_pgvector.py	2380	def	test_gte_operator
tests/vector_stores/test_pgvector.py	2386	def	test_lt_operator
tests/vector_stores/test_pgvector.py	2392	def	test_lte_operator
tests/vector_stores/test_pgvector.py	2398	def	test_range_combination
tests/vector_stores/test_pgvector.py	2405	def	test_in_operator
tests/vector_stores/test_pgvector.py	2411	def	test_nin_operator
tests/vector_stores/test_pgvector.py	2417	def	test_contains_operator
tests/vector_stores/test_pgvector.py	2423	def	test_icontains_operator
tests/vector_stores/test_pgvector.py	2429	def	test_contains_escapes_wildcards
tests/vector_stores/test_pgvector.py	2433	def	test_icontains_escapes_wildcards
tests/vector_stores/test_pgvector.py	2437	def	test_wildcard
tests/vector_stores/test_pgvector.py	2443	def	test_list_shorthand
tests/vector_stores/test_pgvector.py	2449	def	test_or_operator
tests/vector_stores/test_pgvector.py	2461	def	test_not_operator
tests/vector_stores/test_pgvector.py	2471	def	test_or_with_operators
tests/vector_stores/test_pgvector.py	2482	def	test_mixed_simple_and_operator_filters
tests/vector_stores/test_pgvector.py	2491	def	test_unsupported_operator_raises
tests/vector_stores/test_pgvector.py	2496	def	test_in_with_numeric_values
tests/vector_stores/test_pgvector.py	2500	def	test_boolean_true_uses_json_casing
tests/vector_stores/test_pgvector.py	2504	def	test_boolean_false_uses_json_casing
tests/vector_stores/test_pgvector.py	2508	def	test_numeric_scalar_becomes_string
tests/vector_stores/test_pinecone.py	9	def	mock_pinecone_client
tests/vector_stores/test_pinecone.py	17	def	pinecone_db
tests/vector_stores/test_pinecone.py	34	def	test_create_col_existing_index
tests/vector_stores/test_pinecone.py	61	def	test_create_col_new_index
tests/vector_stores/test_pinecone.py	67	def	test_insert_vectors
tests/vector_stores/test_pinecone.py	81	def	test_search_vectors
tests/vector_stores/test_pinecone.py	96	def	test_update_vector
tests/vector_stores/test_pinecone.py	104	def	test_get_vector_found
tests/vector_stores/test_pinecone.py	125	def	test_delete_vector
tests/vector_stores/test_pinecone.py	130	def	test_get_vector_not_found
tests/vector_stores/test_pinecone.py	137	def	test_list_cols
tests/vector_stores/test_pinecone.py	142	def	test_delete_col
tests/vector_stores/test_pinecone.py	147	def	test_col_info
tests/vector_stores/test_pinecone.py	152	def	test_count_with_namespace
tests/vector_stores/test_pinecone.py	162	def	test_count_without_namespace
tests/vector_stores/test_pinecone.py	173	def	test_count_with_non_existent_namespace
tests/vector_stores/test_pinecone.py	183	def	test_count_with_none_vector_count
tests/vector_stores/test_pinecone.py	193	def	test_list_error_returns_list_not_dict
tests/vector_stores/test_pinecone.py	201	def	test_create_filter_plain_value
tests/vector_stores/test_pinecone.py	206	def	test_create_filter_range
tests/vector_stores/test_pinecone.py	211	def	test_create_filter_gt_operator
tests/vector_stores/test_pinecone.py	216	def	test_create_filter_in_operator
tests/vector_stores/test_pinecone.py	221	def	test_create_filter_ne_operator
tests/vector_stores/test_qdrant.py	29	class	TestQdrant
tests/vector_stores/test_qdrant.py	30	def	setUp
tests/vector_stores/test_qdrant.py	40	def	test_local_path_on_disk_false_preserves_existing_directory
tests/vector_stores/test_qdrant.py	57	def	test_create_col
tests/vector_stores/test_qdrant.py	74	def	test_insert
tests/vector_stores/test_qdrant.py	90	def	test_insert_batches_bm25_encoding
tests/vector_stores/test_qdrant.py	137	def	test_insert_skips_bm25_when_slot_missing
tests/vector_stores/test_qdrant.py	153	def	test_insert_falls_back_to_per_row_on_batch_failure
tests/vector_stores/test_qdrant.py	182	def	test_search
tests/vector_stores/test_qdrant.py	200	def	test_search_with_filters
tests/vector_stores/test_qdrant.py	230	def	test_search_with_single_filter
tests/vector_stores/test_qdrant.py	252	def	test_search_with_no_filters
tests/vector_stores/test_qdrant.py	265	def	test_create_filter_multiple_filters
tests/vector_stores/test_qdrant.py	279	def	test_create_filter_single_filter
tests/vector_stores/test_qdrant.py	289	def	test_create_filter_no_filters
tests/vector_stores/test_qdrant.py	297	def	test_create_filter_with_range_values
tests/vector_stores/test_qdrant.py	315	def	test_delete
tests/vector_stores/test_qdrant.py	324	def	test_update
tests/vector_stores/test_qdrant.py	339	def	test_update_with_none_vector_uses_set_payload
tests/vector_stores/test_qdrant.py	353	def	test_update_with_none_payload_uses_update_vectors
tests/vector_stores/test_qdrant.py	366	def	test_update_with_both_none_is_noop
tests/vector_stores/test_qdrant.py	376	def	test_get
tests/vector_stores/test_qdrant.py	388	def	test_list_cols
tests/vector_stores/test_qdrant.py	393	def	test_list_with_filters
tests/vector_stores/test_qdrant.py	422	def	test_list_with_single_filter
tests/vector_stores/test_qdrant.py	444	def	test_list_with_no_filters
tests/vector_stores/test_qdrant.py	457	def	test_delete_col
tests/vector_stores/test_qdrant.py	461	def	test_col_info
tests/vector_stores/test_qdrant.py	465	def	tearDown
tests/vector_stores/test_qdrant.py	469	class	TestQdrantEnhancedFilters
tests/vector_stores/test_qdrant.py	472	def	setUp
tests/vector_stores/test_qdrant.py	484	def	test_simple_equality
tests/vector_stores/test_qdrant.py	492	def	test_eq_operator
tests/vector_stores/test_qdrant.py	498	def	test_ne_operator
tests/vector_stores/test_qdrant.py	504	def	test_in_operator
tests/vector_stores/test_qdrant.py	510	def	test_nin_operator
tests/vector_stores/test_qdrant.py	518	def	test_contains_operator
tests/vector_stores/test_qdrant.py	524	def	test_icontains_operator
tests/vector_stores/test_qdrant.py	530	def	test_gt_operator
tests/vector_stores/test_qdrant.py	539	def	test_gte_operator
tests/vector_stores/test_qdrant.py	546	def	test_lt_operator
tests/vector_stores/test_qdrant.py	552	def	test_lte_operator
tests/vector_stores/test_qdrant.py	558	def	test_range_gte_lte
tests/vector_stores/test_qdrant.py	565	def	test_range_gt_lt
tests/vector_stores/test_qdrant.py	576	def	test_create_filter_eq
tests/vector_stores/test_qdrant.py	582	def	test_create_filter_ne
tests/vector_stores/test_qdrant.py	587	def	test_create_filter_in
tests/vector_stores/test_qdrant.py	593	def	test_create_filter_nin
tests/vector_stores/test_qdrant.py	598	def	test_create_filter_gt
tests/vector_stores/test_qdrant.py	604	def	test_create_filter_gte_lte_range
tests/vector_stores/test_qdrant.py	611	def	test_create_filter_contains
tests/vector_stores/test_qdrant.py	620	def	test_and_operator
tests/vector_stores/test_qdrant.py	630	def	test_or_operator
tests/vector_stores/test_qdrant.py	638	def	test_not_operator
tests/vector_stores/test_qdrant.py	647	def	test_mixed_field_and_and
tests/vector_stores/test_qdrant.py	658	def	test_nested_and_or
tests/vector_stores/test_qdrant.py	678	def	test_empty_filter_returns_none
tests/vector_stores/test_qdrant.py	682	def	test_backward_compat_simple_equality
tests/vector_stores/test_qdrant.py	690	def	test_backward_compat_gte_lte_range
tests/vector_stores/test_qdrant.py	698	def	test_unknown_operator_raises_error
tests/vector_stores/test_qdrant.py	704	def	test_mixed_range_and_non_range_raises_error
tests/vector_stores/test_qdrant.py	709	def	test_mixed_range_and_eq_raises_error
tests/vector_stores/test_qdrant.py	714	def	test_wildcard_returns_none
tests/vector_stores/test_qdrant.py	719	def	test_create_filter_with_wildcard_skips_it
tests/vector_stores/test_qdrant.py	726	def	test_create_filter_only_wildcard_returns_none
tests/vector_stores/test_qdrant.py	731	def	test_and_with_non_list_raises_error
tests/vector_stores/test_qdrant.py	736	def	test_or_with_non_list_raises_error
tests/vector_stores/test_qdrant.py	741	def	test_not_with_non_list_raises_error
tests/vector_stores/test_qdrant.py	746	def	test_empty_and_list
tests/vector_stores/test_qdrant.py	751	def	test_empty_or_list
tests/vector_stores/test_qdrant.py	756	def	test_empty_not_list
tests/vector_stores/test_qdrant.py	761	def	test_deeply_nested_logical
tests/vector_stores/test_qdrant.py	783	def	test_boolean_equality
tests/vector_stores/test_qdrant.py	789	def	test_integer_equality
tests/vector_stores/test_qdrant.py	795	def	test_eq_with_boolean
tests/vector_stores/test_qdrant.py	801	def	test_in_with_integers
tests/vector_stores/test_qdrant.py	807	def	test_wildcard_inside_and
tests/vector_stores/test_qdrant.py	817	def	test_list_value_treated_as_match_any
tests/vector_stores/test_qdrant.py	823	def	test_list_value_in_create_filter
tests/vector_stores/test_qdrant.py	830	def	test_non_dict_item_in_and_raises_error
tests/vector_stores/test_qdrant.py	837	def	test_non_dict_item_in_or_raises_error
tests/vector_stores/test_qdrant.py	843	def	test_empty_dict_value_raises_error
tests/vector_stores/test_qdrant.py	848	def	test_ne_alone_does_not_trigger_mixed_error
tests/vector_stores/test_qdrant.py	853	def	test_eq_with_literal_star
tests/vector_stores/test_qdrant.py	864	def	test_dollar_or_handled_as_or
tests/vector_stores/test_qdrant.py	875	def	test_dollar_not_handled_as_not
tests/vector_stores/test_qdrant.py	886	def	test_memory_search_or_shape
tests/vector_stores/test_qdrant.py	905	def	test_memory_search_not_shape
tests/vector_stores/test_qdrant.py	922	class	TestQdrantDatetimeRangeFilters
tests/vector_stores/test_qdrant.py	925	def	setUp
tests/vector_stores/test_qdrant.py	933	def	test_iso_datetime_gte_lte_uses_datetime_range
tests/vector_stores/test_qdrant.py	943	def	test_iso_date_only_uses_datetime_range
tests/vector_stores/test_qdrant.py	950	def	test_iso_datetime_with_offset_uses_datetime_range
tests/vector_stores/test_qdrant.py	957	def	test_numeric_range_still_uses_range
tests/vector_stores/test_qdrant.py	966	def	test_float_range_still_uses_range
tests/vector_stores/test_qdrant.py	973	def	test_datetime_range_via_create_filter
tests/vector_stores/test_qdrant.py	982	def	test_malformed_datetime_raises_with_field_context
tests/vector_stores/test_qdrant.py	990	def	test_mixed_datetime_and_numeric_raises_error
tests/vector_stores/test_qdrant.py	1003	def	test_iso_datetime_with_fractional_seconds
tests/vector_stores/test_qdrant.py	1010	def	test_iso_datetime_space_separated
tests/vector_stores/test_qdrant.py	1017	def	test_datetime_with_numeric_mixed_filters
tests/vector_stores/test_qdrant.py	1029	def	test_missing_fastembed_warns_with_extras_install_hint
tests/vector_stores/test_qdrant_config.py	7	def	test_qdrant_config_accepts_explicit_https_false
tests/vector_stores/test_qdrant_config.py	18	def	test_qdrant_passes_explicit_https_to_client
tests/vector_stores/test_redis.py	16	def	_make_redis_db
tests/vector_stores/test_redis.py	28	def	test_update_with_none_vector_preserves_embedding
tests/vector_stores/test_redis.py	51	def	test_update_with_vector_includes_embedding
tests/vector_stores/test_redis.py	76	def	test_search_with_none_filters_does_not_crash
tests/vector_stores/test_redis.py	88	def	test_search_with_empty_or_all_none_filters_does_not_crash
tests/vector_stores/test_redis.py	96	def	test_list_with_none_filters_matches_all
tests/vector_stores/test_redis.py	107	def	test_list_with_filter_builds_query
tests/vector_stores/test_redis.py	118	def	test_create_col_keeps_distinct_dims_across_instances
tests/vector_stores/test_redis.py	131	def	capture_schema
tests/vector_stores/test_redis.py	145	def	test_init_keeps_distinct_dims_from_module_global
tests/vector_stores/test_redis.py	155	def	capture_schema
tests/vector_stores/test_redis.py	170	def	test_get_returns_none_for_missing_id
tests/vector_stores/test_redis.py	185	def	test_insert_entity_payload_without_hash_and_created_at
tests/vector_stores/test_redis.py	210	def	test_update_entity_payload_without_hash_and_timestamps
tests/vector_stores/test_s3_vectors.py	15	def	mock_boto_client
tests/vector_stores/test_s3_vectors.py	23	def	mock_embedder
tests/vector_stores/test_s3_vectors.py	32	def	mock_llm
tests/vector_stores/test_s3_vectors.py	40	def	test_initialization_creates_resources
tests/vector_stores/test_s3_vectors.py	67	def	test_initialization_uses_existing_resources
tests/vector_stores/test_s3_vectors.py	83	def	test_memory_initialization_with_config
tests/vector_stores/test_s3_vectors.py	113	def	test_memory_entity_store_uses_s3_valid_index_name
tests/vector_stores/test_s3_vectors.py	139	def	test_insert
tests/vector_stores/test_s3_vectors.py	170	def	test_search
tests/vector_stores/test_s3_vectors.py	189	def	test_get
tests/vector_stores/test_s3_vectors.py	212	def	test_delete
tests/vector_stores/test_s3_vectors.py	226	def	test_reset
tests/vector_stores/test_s3_vectors.py	254	def	test_list_filters_metadata_client_side
tests/vector_stores/test_score_normalization.py	29	def	vectors
tests/vector_stores/test_score_normalization.py	52	def	_assert_similarity_scores
tests/vector_stores/test_score_normalization.py	82	class	TestChromaDB
tests/vector_stores/test_score_normalization.py	86	def	setup
tests/vector_stores/test_score_normalization.py	99	def	test_scores_are_similarity
tests/vector_stores/test_score_normalization.py	103	def	test_score_formula
tests/vector_stores/test_score_normalization.py	111	class	TestFAISSEuclidean
tests/vector_stores/test_score_normalization.py	115	def	setup
tests/vector_stores/test_score_normalization.py	132	def	test_scores_are_similarity
tests/vector_stores/test_score_normalization.py	137	class	TestFAISSCosine
tests/vector_stores/test_score_normalization.py	141	def	setup
tests/vector_stores/test_score_normalization.py	158	def	test_scores_are_descending
tests/vector_stores/test_score_normalization.py	168	def	_tcp_reachable
tests/vector_stores/test_score_normalization.py	187	def	_pgvector_reachable
tests/vector_stores/test_score_normalization.py	206	class	TestPGVector
tests/vector_stores/test_score_normalization.py	210	def	setup
tests/vector_stores/test_score_normalization.py	231	def	test_scores_are_similarity
tests/vector_stores/test_score_normalization.py	246	class	TestRedis
tests/vector_stores/test_score_normalization.py	250	def	setup
tests/vector_stores/test_score_normalization.py	273	def	test_scores_are_similarity
tests/vector_stores/test_score_normalization.py	293	class	TestValkey
tests/vector_stores/test_score_normalization.py	297	def	setup
tests/vector_stores/test_score_normalization.py	320	def	test_scores_are_similarity
tests/vector_stores/test_score_normalization.py	340	class	TestMilvusL2
tests/vector_stores/test_score_normalization.py	344	def	setup
tests/vector_stores/test_score_normalization.py	362	def	test_scores_are_similarity
tests/vector_stores/test_score_normalization.py	371	class	TestMilvusCosine
tests/vector_stores/test_score_normalization.py	375	def	setup
tests/vector_stores/test_score_normalization.py	393	def	test_scores_are_descending
tests/vector_stores/test_score_normalization.py	407	class	TestSupabase
tests/vector_stores/test_score_normalization.py	411	def	setup
tests/vector_stores/test_score_normalization.py	425	def	test_scores_are_similarity
tests/vector_stores/test_score_normalization.py	436	class	TestS3Vectors
tests/vector_stores/test_score_normalization.py	440	def	setup
tests/vector_stores/test_score_normalization.py	457	def	test_scores_are_similarity
tests/vector_stores/test_supabase.py	10	def	mock_vecs_client
tests/vector_stores/test_supabase.py	16	def	mock_collection
tests/vector_stores/test_supabase.py	28	def	supabase_instance
tests/vector_stores/test_supabase.py	46	def	test_create_col
tests/vector_stores/test_supabase.py	53	def	test_insert_vectors
tests/vector_stores/test_supabase.py	64	def	test_search_vectors
tests/vector_stores/test_supabase.py	82	def	test_delete_vector
tests/vector_stores/test_supabase.py	88	def	test_update_vector
tests/vector_stores/test_supabase.py	97	def	test_get_vector
tests/vector_stores/test_supabase.py	114	def	test_get_missing_returns_none
tests/vector_stores/test_supabase.py	121	def	test_list_vectors
tests/vector_stores/test_supabase.py	137	def	test_col_info
tests/vector_stores/test_supabase.py	148	def	test_preprocess_filters
tests/vector_stores/test_turbopuffer.py	13	def	_make_row
tests/vector_stores/test_turbopuffer.py	23	def	mock_client
tests/vector_stores/test_turbopuffer.py	33	def	db
tests/vector_stores/test_turbopuffer.py	48	class	TestInit
tests/vector_stores/test_turbopuffer.py	49	def	test_init_with_api_key
tests/vector_stores/test_turbopuffer.py	63	def	test_init_with_env_var
tests/vector_stores/test_turbopuffer.py	72	def	test_init_without_api_key_raises
tests/vector_stores/test_turbopuffer.py	84	def	test_init_with_extra_params
tests/vector_stores/test_turbopuffer.py	101	def	test_init_default_region
tests/vector_stores/test_turbopuffer.py	119	class	TestCreateCol
tests/vector_stores/test_turbopuffer.py	120	def	test_create_col_is_noop
tests/vector_stores/test_turbopuffer.py	125	def	test_create_col_with_args_is_noop
tests/vector_stores/test_turbopuffer.py	133	class	TestInsert
tests/vector_stores/test_turbopuffer.py	134	def	test_insert_with_ids_and_payloads
tests/vector_stores/test_turbopuffer.py	152	def	test_insert_without_ids_generates_ids
tests/vector_stores/test_turbopuffer.py	160	def	test_insert_without_payloads
tests/vector_stores/test_turbopuffer.py	171	def	test_insert_payload_does_not_overwrite_id_or_vector
tests/vector_stores/test_turbopuffer.py	184	def	test_insert_batching
tests/vector_stores/test_turbopuffer.py	200	class	TestParseOutput
tests/vector_stores/test_turbopuffer.py	201	def	test_parse_rows_with_dist_and_attributes
tests/vector_stores/test_turbopuffer.py	216	def	test_parse_rows_without_dist
tests/vector_stores/test_turbopuffer.py	223	def	test_parse_rows_strips_vector_and_id
tests/vector_stores/test_turbopuffer.py	232	def	test_parse_empty_rows
tests/vector_stores/test_turbopuffer.py	239	class	TestConvertFilters
tests/vector_stores/test_turbopuffer.py	240	def	test_none_filters
tests/vector_stores/test_turbopuffer.py	243	def	test_empty_filters
tests/vector_stores/test_turbopuffer.py	246	def	test_single_eq_filter
tests/vector_stores/test_turbopuffer.py	250	def	test_multiple_eq_filters
tests/vector_stores/test_turbopuffer.py	257	def	test_range_filter_gte_lte
tests/vector_stores/test_turbopuffer.py	264	def	test_range_filter_gte_only
tests/vector_stores/test_turbopuffer.py	268	def	test_range_filter_lte_only
tests/vector_stores/test_turbopuffer.py	272	def	test_mixed_eq_and_range_filters
tests/vector_stores/test_turbopuffer.py	283	class	TestSearch
tests/vector_stores/test_turbopuffer.py	284	def	test_search_basic
tests/vector_stores/test_turbopuffer.py	303	def	test_search_with_filters
tests/vector_stores/test_turbopuffer.py	316	def	test_search_no_results
tests/vector_stores/test_turbopuffer.py	324	def	test_search_empty_rows
tests/vector_stores/test_turbopuffer.py	336	class	TestDelete
tests/vector_stores/test_turbopuffer.py	337	def	test_delete_by_string_id
tests/vector_stores/test_turbopuffer.py	341	def	test_delete_by_int_id
tests/vector_stores/test_turbopuffer.py	349	class	TestUpdate
tests/vector_stores/test_turbopuffer.py	350	def	test_update_with_vector_and_payload
tests/vector_stores/test_turbopuffer.py	361	def	test_update_vector_only
tests/vector_stores/test_turbopuffer.py	370	def	test_update_payload_only_uses_patch
tests/vector_stores/test_turbopuffer.py	381	def	test_update_payload_does_not_overwrite_id
tests/vector_stores/test_turbopuffer.py	388	def	test_update_nothing
tests/vector_stores/test_turbopuffer.py	397	class	TestGet
tests/vector_stores/test_turbopuffer.py	398	def	test_get_found
tests/vector_stores/test_turbopuffer.py	416	def	test_get_not_found
tests/vector_stores/test_turbopuffer.py	424	def	test_get_none_rows
tests/vector_stores/test_turbopuffer.py	432	def	test_get_handles_exception
tests/vector_stores/test_turbopuffer.py	441	class	TestListCols
tests/vector_stores/test_turbopuffer.py	442	def	test_list_cols
tests/vector_stores/test_turbopuffer.py	457	class	TestDeleteCol
tests/vector_stores/test_turbopuffer.py	458	def	test_delete_col
tests/vector_stores/test_turbopuffer.py	462	def	test_delete_col_handles_error
tests/vector_stores/test_turbopuffer.py	471	class	TestColInfo
tests/vector_stores/test_turbopuffer.py	472	def	test_col_info
tests/vector_stores/test_turbopuffer.py	485	def	test_col_info_handles_error
tests/vector_stores/test_turbopuffer.py	494	class	TestList
tests/vector_stores/test_turbopuffer.py	495	def	test_list_returns_wrapped_format
tests/vector_stores/test_turbopuffer.py	513	def	test_list_with_filters
tests/vector_stores/test_turbopuffer.py	524	def	test_list_empty
tests/vector_stores/test_turbopuffer.py	532	def	test_list_uses_zero_vector
tests/vector_stores/test_turbopuffer.py	541	def	test_list_compatible_with_main_py_get_all
tests/vector_stores/test_turbopuffer.py	561	def	test_list_compatible_with_main_py_delete_all
tests/vector_stores/test_turbopuffer.py	582	class	TestCount
tests/vector_stores/test_turbopuffer.py	583	def	test_count
tests/vector_stores/test_turbopuffer.py	590	def	test_count_handles_error
tests/vector_stores/test_turbopuffer.py	598	class	TestReset
tests/vector_stores/test_turbopuffer.py	599	def	test_reset_calls_delete_all
tests/vector_stores/test_turbopuffer.py	607	class	TestConfig
tests/vector_stores/test_turbopuffer.py	608	def	test_config_valid
tests/vector_stores/test_turbopuffer.py	619	def	test_config_custom_values
tests/vector_stores/test_turbopuffer.py	637	def	test_config_rejects_extra_fields
tests/vector_stores/test_turbopuffer.py	643	def	test_config_requires_api_key
tests/vector_stores/test_turbopuffer.py	652	def	test_config_accepts_env_var
tests/vector_stores/test_turbopuffer.py	663	class	TestFactoryRegistration
tests/vector_stores/test_turbopuffer.py	664	def	test_vector_store_factory_has_turbopuffer
tests/vector_stores/test_turbopuffer.py	670	def	test_vector_store_config_has_turbopuffer
tests/vector_stores/test_turbopuffer.py	677	def	test_config_validation_pipeline
tests/vector_stores/test_turbopuffer.py	694	class	TestOutputData
tests/vector_stores/test_turbopuffer.py	695	def	test_output_data_has_required_fields
tests/vector_stores/test_turbopuffer.py	701	def	test_output_data_nullable_fields
tests/vector_stores/test_turbopuffer.py	707	def	test_output_data_payload_access_pattern
tests/vector_stores/test_upstash_vector.py	12	class	QueryResult
tests/vector_stores/test_upstash_vector.py	21	def	mock_index
tests/vector_stores/test_upstash_vector.py	27	def	upstash_instance
tests/vector_stores/test_upstash_vector.py	32	def	upstash_instance_with_embeddings
tests/vector_stores/test_upstash_vector.py	36	def	test_insert_vectors
tests/vector_stores/test_upstash_vector.py	52	def	test_search_vectors
tests/vector_stores/test_upstash_vector.py	86	def	test_delete_vector
tests/vector_stores/test_upstash_vector.py	94	def	test_update_vector
tests/vector_stores/test_upstash_vector.py	110	def	test_get_vector
tests/vector_stores/test_upstash_vector.py	122	def	test_list_vectors
tests/vector_stores/test_upstash_vector.py	158	def	test_insert_vectors_with_embeddings
tests/vector_stores/test_upstash_vector.py	186	def	test_search_vectors_with_embeddings
tests/vector_stores/test_upstash_vector.py	216	def	test_update_vector_with_embeddings
tests/vector_stores/test_upstash_vector.py	231	def	test_insert_vectors_with_embeddings_missing_data
tests/vector_stores/test_upstash_vector.py	243	def	test_update_vector_with_embeddings_missing_data
tests/vector_stores/test_upstash_vector.py	259	def	test_list_cols
tests/vector_stores/test_upstash_vector.py	269	def	test_delete_col
tests/vector_stores/test_upstash_vector.py	274	def	test_col_info
tests/vector_stores/test_upstash_vector.py	289	def	test_get_vector_not_found
tests/vector_stores/test_upstash_vector.py	298	def	test_search_vectors_empty_filters
tests/vector_stores/test_upstash_vector.py	326	def	test_insert_vectors_no_payloads
tests/vector_stores/test_upstash_vector.py	341	def	test_insert_vectors_no_ids
tests/vector_stores/test_upstash_vector.py	356	def	test_search_vectors_multi_query_namespace_at_top_level
tests/vector_stores/test_upstash_vector.py	399	def	test_env_var_only_config_builds_provider
tests/vector_stores/test_valkey.py	14	def	mock_valkey_client
tests/vector_stores/test_valkey.py	28	def	valkey_db
tests/vector_stores/test_valkey.py	41	def	test_search_filter_syntax
tests/vector_stores/test_valkey.py	86	def	test_search_without_filters
tests/vector_stores/test_valkey.py	122	def	test_insert
tests/vector_stores/test_valkey.py	145	def	test_insert_handles_missing_created_at
tests/vector_stores/test_valkey.py	161	def	test_delete
tests/vector_stores/test_valkey.py	170	def	test_update
tests/vector_stores/test_valkey.py	192	def	test_update_handles_missing_created_at
tests/vector_stores/test_valkey.py	207	def	test_update_with_none_vector_preserves_embedding
tests/vector_stores/test_valkey.py	230	def	test_update_with_vector_includes_embedding
tests/vector_stores/test_valkey.py	249	def	test_get
tests/vector_stores/test_valkey.py	276	def	test_get_not_found
tests/vector_stores/test_valkey.py	286	def	test_list_cols
tests/vector_stores/test_valkey.py	304	def	test_delete_col
tests/vector_stores/test_valkey.py	327	def	test_context_aware_logging
tests/vector_stores/test_valkey.py	345	def	test_col_info
tests/vector_stores/test_valkey.py	366	def	test_create_col
tests/vector_stores/test_valkey.py	386	def	test_list
tests/vector_stores/test_valkey.py	425	def	test_search_error_handling
tests/vector_stores/test_valkey.py	444	def	test_drop_index_error_handling
tests/vector_stores/test_valkey.py	475	def	test_reset
tests/vector_stores/test_valkey.py	493	def	test_process_document_fields
tests/vector_stores/test_valkey.py	538	def	test_init_connection_error
tests/vector_stores/test_valkey.py	553	def	test_build_search_query
tests/vector_stores/test_valkey.py	579	def	test_get_error_handling
tests/vector_stores/test_valkey.py	589	def	test_list_error_handling
tests/vector_stores/test_valkey.py	602	def	test_create_index_other_error
tests/vector_stores/test_valkey.py	619	def	test_create_col_error
tests/vector_stores/test_valkey.py	629	def	test_list_cols_error
tests/vector_stores/test_valkey.py	642	def	test_col_info_error
tests/vector_stores/test_valkey.py	656	def	test_invalid_index_type
tests/vector_stores/test_valkey.py	667	def	test_index_existence_check_error
tests/vector_stores/test_valkey.py	683	def	test_flat_index_creation
tests/vector_stores/test_valkey.py	705	def	test_index_creation_error
tests/vector_stores/test_valkey.py	721	def	test_insert_missing_required_field
tests/vector_stores/test_valkey.py	730	def	test_insert_general_error
tests/vector_stores/test_valkey.py	739	def	test_search_with_invalid_metadata
tests/vector_stores/test_valkey.py	760	def	test_search_with_hnsw_ef_runtime
tests/vector_stores/test_valkey.py	775	def	test_delete_error
tests/vector_stores/test_valkey.py	783	def	test_update_missing_required_field
tests/vector_stores/test_valkey.py	791	def	test_update_general_error
tests/vector_stores/test_valkey.py	799	def	test_get_with_binary_data_and_unicode_error
tests/vector_stores/test_valkey.py	820	def	test_get_with_invalid_timestamps
tests/vector_stores/test_valkey.py	840	def	test_get_with_invalid_metadata_json
tests/vector_stores/test_valkey.py	859	def	test_list_with_missing_fields_and_defaults
tests/vector_stores/test_valkey.py	891	def	mock_valkey_cluster_client
tests/vector_stores/test_valkey.py	906	def	valkey_db_cluster
tests/vector_stores/test_valkey.py	918	def	test_cluster_mode_init
tests/vector_stores/test_valkey.py	929	def	test_cluster_mode_create_index
tests/vector_stores/test_valkey.py	941	def	test_cluster_mode_drop_index
tests/vector_stores/test_valkey.py	951	def	test_cluster_mode_search
tests/vector_stores/test_valkey.py	973	def	test_cluster_mode_insert
tests/vector_stores/test_valkey.py	984	def	test_cluster_mode_get
tests/vector_stores/test_valkey.py	999	def	test_cluster_mode_delete
tests/vector_stores/test_valkey.py	1008	def	test_default_fields_memory_is_text
tests/vector_stores/test_valkey.py	1024	def	test_build_index_schema_indexes_memory_as_text
tests/vector_stores/test_valkey.py	1046	def	test_escape_tag_value_wildcards
tests/vector_stores/test_valkey.py	1052	def	test_build_search_query_escapes_filter_values
tests/vector_stores/test_valkey.py	1060	def	test_escape_tag_value_normal_strings
tests/vector_stores/test_valkey.py	1066	def	test_escape_tag_value_hyphenated_user_id
tests/vector_stores/test_vertex_ai_vector_search.py	16	def	mock_vertex_ai
tests/vector_stores/test_vertex_ai_vector_search.py	34	def	config
tests/vector_stores/test_vertex_ai_vector_search.py	48	def	vector_store
tests/vector_stores/test_vertex_ai_vector_search.py	54	def	test_initialization
tests/vector_stores/test_vertex_ai_vector_search.py	62	def	test_insert_vectors
tests/vector_stores/test_vertex_ai_vector_search.py	78	def	test_search_vectors
tests/vector_stores/test_vertex_ai_vector_search.py	119	def	test_list_does_not_raise_type_error
tests/vector_stores/test_vertex_ai_vector_search.py	131	def	test_similarity_search_with_score_passes_embedding
tests/vector_stores/test_vertex_ai_vector_search.py	145	def	test_delete
tests/vector_stores/test_vertex_ai_vector_search.py	159	def	test_error_handling
tests/vector_stores/test_weaviate.py	12	class	TestWeaviateDB
tests/vector_stores/test_weaviate.py	14	def	setUpClass
tests/vector_stores/test_weaviate.py	25	def	setUp
tests/vector_stores/test_weaviate.py	47	def	tearDownClass
tests/vector_stores/test_weaviate.py	54	def	tearDown
tests/vector_stores/test_weaviate.py	57	def	test_create_col
tests/vector_stores/test_weaviate.py	70	def	test_insert
tests/vector_stores/test_weaviate.py	85	def	test_get
tests/vector_stores/test_weaviate.py	112	def	test_get_not_found
tests/vector_stores/test_weaviate.py	121	def	test_search
tests/vector_stores/test_weaviate.py	148	def	test_delete
tests/vector_stores/test_weaviate.py	153	def	test_list
tests/vector_stores/test_weaviate.py	185	def	test_list_cols
tests/vector_stores/test_weaviate.py	200	def	test_list_cols_does_not_print
tests/vector_stores/test_weaviate.py	210	def	test_delete_col
tests/vector_stores/test_weaviate.py	215	def	test_reset
tests/vector_stores/test_weaviate.py	223	def	test_update_preserves_properties_and_does_not_write_model_fields
