path	line	kind	name
documentation/docusaurus.config.js	10	const	config
documentation/sidebars.js	15	const	sidebars
src/interface/desktop/assets/markdown-it.min.js	7	function	createCommonjsModule
src/interface/desktop/assets/markdown-it.min.js	16	function	getAugmentedNamespace
src/interface/desktop/assets/markdown-it.min.js	32	function	commonjsRequire
src/interface/desktop/assets/markdown-it.min.js	2168	function	getEncodeCache
src/interface/desktop/assets/markdown-it.min.js	2195	function	encode$2
src/interface/desktop/assets/markdown-it.min.js	2239	function	getDecodeCache
src/interface/desktop/assets/markdown-it.min.js	2257	function	decode$2
src/interface/desktop/assets/markdown-it.min.js	2363	function	Url
src/interface/desktop/assets/markdown-it.min.js	2624	function	_class
src/interface/desktop/assets/markdown-it.min.js	2627	function	isString
src/interface/desktop/assets/markdown-it.min.js	2631	function	has
src/interface/desktop/assets/markdown-it.min.js	2636	function	assign
src/interface/desktop/assets/markdown-it.min.js	2653	function	arrayReplaceAt
src/interface/desktop/assets/markdown-it.min.js	2657	function	isValidEntityCode
src/interface/desktop/assets/markdown-it.min.js	2689	function	fromCodePoint
src/interface/desktop/assets/markdown-it.min.js	2702	function	replaceEntityPattern
src/interface/desktop/assets/markdown-it.min.js	2725	function	unescapeAll
src/interface/desktop/assets/markdown-it.min.js	2745	function	replaceUnsafeChar
src/interface/desktop/assets/markdown-it.min.js	2748	function	escapeHtml
src/interface/desktop/assets/markdown-it.min.js	2756	function	escapeRE
src/interface/desktop/assets/markdown-it.min.js	2760	function	isSpace
src/interface/desktop/assets/markdown-it.min.js	2769	function	isWhiteSpace
src/interface/desktop/assets/markdown-it.min.js	2797	function	isPunctChar
src/interface/desktop/assets/markdown-it.min.js	2807	function	isMdAsciiPunct
src/interface/desktop/assets/markdown-it.min.js	2849	function	normalizeReference
src/interface/desktop/assets/markdown-it.min.js	3665	function	isLinkOpen$1
src/interface/desktop/assets/markdown-it.min.js	3668	function	isLinkClose$1
src/interface/desktop/assets/markdown-it.min.js	3787	function	replaceFn
src/interface/desktop/assets/markdown-it.min.js	3790	function	replace_scoped
src/interface/desktop/assets/markdown-it.min.js	3805	function	replace_rare
src/interface/desktop/assets/markdown-it.min.js	3848	function	process_inlines
src/interface/desktop/assets/markdown-it.min.js	4185	function	StateCore
src/interface/desktop/assets/markdown-it.min.js	4227	function	getLine
src/interface/desktop/assets/markdown-it.min.js	4231	function	escapedSplit
src/interface/desktop/assets/markdown-it.min.js	4778	function	skipBulletListMarker
src/interface/desktop/assets/markdown-it.min.js	4798	function	skipOrderedListMarker
src/interface/desktop/assets/markdown-it.min.js	4837	function	markTightParagraphs
src/interface/desktop/assets/markdown-it.min.js	5453	function	StateBlock
src/interface/desktop/assets/markdown-it.min.js	5744	function	isTerminatorChar
src/interface/desktop/assets/markdown-it.min.js	6000	function	postProcess$1
src/interface/desktop/assets/markdown-it.min.js	6096	function	postProcess
src/interface/desktop/assets/markdown-it.min.js	6455	function	isLinkOpen
src/interface/desktop/assets/markdown-it.min.js	6458	function	isLinkClose
src/interface/desktop/assets/markdown-it.min.js	6461	function	isLetter
src/interface/desktop/assets/markdown-it.min.js	6536	function	processDelimiters
src/interface/desktop/assets/markdown-it.min.js	6655	function	StateInline
src/interface/desktop/assets/markdown-it.min.js	6966	function	assign
src/interface/desktop/assets/markdown-it.min.js	6978	function	_class
src/interface/desktop/assets/markdown-it.min.js	6981	function	isString
src/interface/desktop/assets/markdown-it.min.js	6984	function	isObject
src/interface/desktop/assets/markdown-it.min.js	6987	function	isRegExp
src/interface/desktop/assets/markdown-it.min.js	6990	function	isFunction
src/interface/desktop/assets/markdown-it.min.js	6993	function	escapeRE
src/interface/desktop/assets/markdown-it.min.js	7002	function	isOptionsObj
src/interface/desktop/assets/markdown-it.min.js	7066	function	resetScanCache
src/interface/desktop/assets/markdown-it.min.js	7070	function	createValidator
src/interface/desktop/assets/markdown-it.min.js	7079	function	createNormalizer
src/interface/desktop/assets/markdown-it.min.js	7086	function	compile
src/interface/desktop/assets/markdown-it.min.js	7097	function	untpl
src/interface/desktop/assets/markdown-it.min.js	7110	function	schemaError
src/interface/desktop/assets/markdown-it.min.js	7220	function	createMatch
src/interface/desktop/assets/markdown-it.min.js	8005	function	validateLink
src/interface/desktop/assets/markdown-it.min.js	8012	function	normalizeLink
src/interface/desktop/assets/markdown-it.min.js	8027	function	normalizeLinkText
src/interface/desktop/assets/org.min.js	55	const	propertyDrawer
src/interface/desktop/assets/org.min.js	61	function	Token
src/interface/desktop/assets/org.min.js	80	function	Lexer
src/interface/desktop/assets/org.min.js	216	function	PrototypeNode
src/interface/desktop/assets/org.min.js	315	function	Stream
src/interface/desktop/assets/org.min.js	341	function	Parser
src/interface/desktop/assets/org.min.js	883	function	InlineParser
src/interface/desktop/assets/org.min.js	1020	function	Converter
src/interface/desktop/assets/org.min.js	1406	function	ConverterHTML
src/interface/desktop/assets/org.min.js	1426	function	tocToHTMLFunction
src/interface/desktop/chatutils.js	1	function	copyParentText
src/interface/desktop/chatutils.js	2	const	button
src/interface/desktop/chatutils.js	3	const	textContent
src/interface/desktop/chatutils.js	11	const	originalButtonText
src/interface/desktop/chatutils.js	20	function	createCopyParentText
src/interface/desktop/chatutils.js	25	function	formatDate
src/interface/desktop/chatutils.js	32	function	generateReference
src/interface/desktop/chatutils.js	65	function	generateOnlineReference
src/interface/desktop/chatutils.js	110	function	renderMessage
src/interface/desktop/chatutils.js	148	function	processOnlineReferences
src/interface/desktop/chatutils.js	192	function	renderMessageWithReference
src/interface/desktop/chatutils.js	225	function	generateImageMarkdown
src/interface/desktop/chatutils.js	234	const	inferredQuery
src/interface/desktop/chatutils.js	241	function	formatHTMLMessage
src/interface/desktop/chatutils.js	322	function	createReferenceSection
src/interface/desktop/chatutils.js	375	function	createLoadingEllipsis
src/interface/desktop/chatutils.js	399	function	handleStreamResponse
src/interface/desktop/chatutils.js	416	function	handleImageResponse
src/interface/desktop/chatutils.js	418	const	inferredQuery
src/interface/desktop/chatutils.js	428	const	redirectMessage
src/interface/desktop/chatutils.js	443	function	finalizeChatBodyResponse
src/interface/desktop/chatutils.js	451	function	convertMessageChunkToJson
src/interface/desktop/chatutils.js	467	function	processMessageChunk
src/interface/desktop/chatutils.js	468	const	chunk
src/interface/desktop/chatutils.js	473	const	statusMessage
src/interface/desktop/chatutils.js	487	const	liveQuery
src/interface/desktop/chatutils.js	501	const	chunkData
src/interface/desktop/chatutils.js	508	const	jsonData
src/interface/desktop/chatutils.js	521	function	handleJsonResponse
src/interface/desktop/chatutils.js	534	function	readChatStream
src/interface/desktop/chatutils.js	536	const	reader
src/interface/desktop/chatutils.js	537	const	decoder
src/interface/desktop/chatutils.js	538	const	eventDelimiter
src/interface/desktop/chatutils.js	552	const	chunk
src/interface/desktop/chatutils.js	561	const	event
src/interface/desktop/loading-animation.js	84	function	start
src/interface/desktop/loading-animation.js	88	function	back
src/interface/desktop/loading-animation.js	92	function	tilt
src/interface/desktop/loading-animation.js	96	function	render
src/interface/desktop/loading-animation.js	116	function	animate
src/interface/desktop/loading-animation.js	122	function	easing
src/interface/desktop/main.js	2	const	todesktop
src/interface/desktop/main.js	3	const	khojPackage
src/interface/desktop/main.js	7	const	fs
src/interface/desktop/main.js	10	const	cron
src/interface/desktop/main.js	11	const	axios
src/interface/desktop/main.js	13	const	KHOJ_URL
src/interface/desktop/main.js	15	const	Store
src/interface/desktop/main.js	17	const	textFileTypes
src/interface/desktop/main.js	22	const	binaryFileTypes
src/interface/desktop/main.js	23	const	validFileTypes
src/interface/desktop/main.js	25	const	schema
src/interface/desktop/main.js	76	const	store
src/interface/desktop/main.js	81	const	path
src/interface/desktop/main.js	83	function	handleSetTitle
src/interface/desktop/main.js	84	const	webContents
src/interface/desktop/main.js	85	const	win
src/interface/desktop/main.js	97	function	filenameToMimeType
src/interface/desktop/main.js	98	const	extension
src/interface/desktop/main.js	120	function	isSupportedFileType
src/interface/desktop/main.js	121	const	fileExtension
src/interface/desktop/main.js	125	function	processDirectory
src/interface/desktop/main.js	127	const	files
src/interface/desktop/main.js	130	const	filePath
src/interface/desktop/main.js	158	function	pushDataToKhoj
src/interface/desktop/main.js	161	const	win
src/interface/desktop/main.js	169	const	files
src/interface/desktop/main.js	170	const	folders
src/interface/desktop/main.js	193	const	lastSync
src/interface/desktop/main.js	194	const	filesDataToPush
src/interface/desktop/main.js	196	const	stats
src/interface/desktop/main.js	232	const	hostURL
src/interface/desktop/main.js	233	const	headers
src/interface/desktop/main.js	238	const	syncUrl
src/interface/desktop/main.js	239	const	filesDataGroup
src/interface/desktop/main.js	240	const	formData
src/interface/desktop/main.js	253	const	lastSync
src/interface/desktop/main.js	263	const	win
src/interface/desktop/main.js	275	const	win
src/interface/desktop/main.js	284	function	handleFileOpen
src/interface/desktop/main.js	292	const	files
src/interface/desktop/main.js	293	const	folders
src/interface/desktop/main.js	298	const	stats
src/interface/desktop/main.js	330	function	getToken
src/interface/desktop/main.js	334	function	setToken
src/interface/desktop/main.js	339	function	getFiles
src/interface/desktop/main.js	343	function	getFolders
src/interface/desktop/main.js	347	function	setURL
src/interface/desktop/main.js	358	function	getURL
src/interface/desktop/main.js	362	function	removeFile
src/interface/desktop/main.js	363	const	files
src/interface/desktop/main.js	364	const	newFiles
src/interface/desktop/main.js	369	function	removeFolder
src/interface/desktop/main.js	370	const	folders
src/interface/desktop/main.js	371	const	newFolders
src/interface/desktop/main.js	376	function	syncData
src/interface/desktop/main.js	379	const	date
src/interface/desktop/main.js	386	function	deleteAllFiles
src/interface/desktop/main.js	391	const	date
src/interface/desktop/main.js	399	function	getUserInfo
src/interface/desktop/main.js	400	const	getUserInfoURL
src/interface/desktop/main.js	401	const	headers
src/interface/desktop/main.js	410	function	addCSPHeaderToSession
src/interface/desktop/main.js	412	const	hostURL
src/interface/desktop/main.js	415	const	defaultDomains
src/interface/desktop/main.js	416	const	default_src
src/interface/desktop/main.js	417	const	script_src
src/interface/desktop/main.js	418	const	connect_src
src/interface/desktop/main.js	419	const	style_src
src/interface/desktop/main.js	420	const	img_src
src/interface/desktop/main.js	421	const	font_src
src/interface/desktop/main.js	422	const	child_src
src/interface/desktop/main.js	423	const	objectSrc
src/interface/desktop/main.js	424	const	csp
src/interface/desktop/main.js	441	const	openShortcutWindowKeyBind
src/interface/desktop/main.js	443	const	createWindow
src/interface/desktop/main.js	456	const	job
src/interface/desktop/main.js	459	const	date
src/interface/desktop/main.js	478	const	confirmNotice
src/interface/desktop/main.js	518	const	createShortcutWindow
src/interface/desktop/main.js	550	function	isShortcutWindowOpen
src/interface/desktop/main.js	551	const	windows
src/interface/desktop/main.js	613	const	mainWindow
src/interface/desktop/main.js	627	const	result
src/interface/desktop/main.js	640	const	shortcutWin
src/interface/desktop/main.js	642	const	clipboardText
src/interface/desktop/main.js	686	function	openAboutWindow
src/interface/desktop/main.js	733	const	iconPath
src/interface/desktop/main.js	734	const	icon
src/interface/desktop/main.js	737	const	contextMenu
src/interface/desktop/preload.js	2	const	replaceText
src/interface/desktop/preload.js	3	const	element
src/interface/desktop/renderer.js	1	const	setFolderButton
src/interface/desktop/renderer.js	2	const	setFileButton
src/interface/desktop/renderer.js	3	const	loadingBar
src/interface/desktop/renderer.js	5	function	removeFile
src/interface/desktop/renderer.js	6	const	updatedFiles
src/interface/desktop/renderer.js	17	function	removeFolder
src/interface/desktop/renderer.js	18	const	updatedFolders
src/interface/desktop/renderer.js	29	const	currentFiles
src/interface/desktop/renderer.js	31	const	currentFolders
src/interface/desktop/renderer.js	33	function	makeFileElement
src/interface/desktop/renderer.js	72	function	makeFolderElement
src/interface/desktop/renderer.js	108	const	files
src/interface/desktop/renderer.js	116	const	folders
src/interface/desktop/renderer.js	132	function	handleFileOpen
src/interface/desktop/renderer.js	133	const	value
src/interface/desktop/renderer.js	156	const	fileSyncedImage
src/interface/desktop/renderer.js	161	const	currentTime
src/interface/desktop/renderer.js	179	const	options
src/interface/desktop/renderer.js	181	const	clockElement
src/interface/desktop/renderer.js	182	const	clockIcon
src/interface/desktop/renderer.js	199	const	urlInput
src/interface/desktop/renderer.js	201	const	url
src/interface/desktop/renderer.js	206	const	urlInputValue
src/interface/desktop/renderer.js	217	const	url
src/interface/desktop/renderer.js	221	const	khojKeyInput
src/interface/desktop/renderer.js	223	const	token
src/interface/desktop/renderer.js	228	const	token
src/interface/desktop/renderer.js	232	const	syncForceButton
src/interface/desktop/renderer.js	238	const	deleteAllButton
src/interface/desktop/utils.js	28	function	toggleNavMenu
src/interface/desktop/utils.js	43	function	populateHeaderPane
src/interface/obsidian/esbuild.config.mjs	5	const	banner
src/interface/obsidian/esbuild.config.mjs	12	const	prod
src/interface/obsidian/src/api.ts	1	function	deleteContentByType
src/interface/obsidian/src/api.ts	3	const	response
src/interface/obsidian/src/api.ts	8	const	text
src/interface/obsidian/src/api.ts	13	function	uploadContentBatch
src/interface/obsidian/src/api.ts	15	const	formData
src/interface/obsidian/src/api.ts	18	const	response
src/interface/obsidian/src/api.ts	25	const	text
src/interface/obsidian/src/chat_view.ts	9	interface	ChatJsonResult
src/interface/obsidian/src/chat_view.ts	16	interface	MessageChunk
src/interface/obsidian/src/chat_view.ts	21	interface	ChatMessageState
src/interface/obsidian/src/chat_view.ts	36	interface	Location
src/interface/obsidian/src/chat_view.ts	44	interface	RenderMessageOptions
src/interface/obsidian/src/chat_view.ts	55	interface	ChatMode
src/interface/obsidian/src/chat_view.ts	62	interface	Agent
src/interface/obsidian/src/chat_view.ts	68	class	KhojChatView
src/interface/obsidian/src/chat_view.ts	165	const	selectedMode
src/interface/obsidian/src/chat_view.ts	170	const	modeMatch
src/interface/obsidian/src/chat_view.ts	204	const	defaultSrc
src/interface/obsidian/src/chat_view.ts	205	const	scriptSrc
src/interface/obsidian/src/chat_view.ts	206	const	connectSrc
src/interface/obsidian/src/chat_view.ts	207	const	styleSrc
src/interface/obsidian/src/chat_view.ts	208	const	imgSrc
src/interface/obsidian/src/chat_view.ts	209	const	childSrc
src/interface/obsidian/src/chat_view.ts	210	const	objectSrc
src/interface/obsidian/src/chat_view.ts	211	const	csp
src/interface/obsidian/src/chat_view.ts	226	const	headerAgentSelect
src/interface/obsidian/src/chat_view.ts	240	const	option
src/interface/obsidian/src/chat_view.ts	251	const	select
src/interface/obsidian/src/chat_view.ts	378	const	chatInput
src/interface/obsidian/src/chat_view.ts	391	const	sendButton
src/interface/obsidian/src/chat_view.ts	396	const	chatInput
src/interface/obsidian/src/chat_view.ts	510	const	mdFiles
src/interface/obsidian/src/chat_view.ts	511	const	pdfFiles
src/interface/obsidian/src/chat_view.ts	522	const	linkToEntry
src/interface/obsidian/src/chat_view.ts	524	const	linkElement
src/interface/obsidian/src/chat_view.ts	581	const	context
src/interface/obsidian/src/chat_view.ts	593	const	source
src/interface/obsidian/src/chat_view.ts	663	const	jsonMatch
src/interface/obsidian/src/chat_view.ts	668	const	screenshotHtmlString
src/interface/obsidian/src/chat_view.ts	747	const	domain
src/interface/obsidian/src/chat_view.ts	748	const	redirectMessage
src/interface/obsidian/src/chat_view.ts	837	const	transformedResponse
src/interface/obsidian/src/chat_view.ts	840	const	tempElement
src/interface/obsidian/src/chat_view.ts	875	const	messageEl
src/interface/obsidian/src/chat_view.ts	878	const	allMessages
src/interface/obsidian/src/chat_view.ts	879	const	currentIndex
src/interface/obsidian/src/chat_view.ts	882	const	messagesToDelete
src/interface/obsidian/src/chat_view.ts	886	const	emojiRegex
src/interface/obsidian/src/chat_view.ts	890	const	chatInput
src/interface/obsidian/src/chat_view.ts	919	const	messageEl
src/interface/obsidian/src/chat_view.ts	956	const	modifierKey
src/interface/obsidian/src/chat_view.ts	957	const	learningMoments
src/interface/obsidian/src/chat_view.ts	977	const	chatInput
src/interface/obsidian/src/chat_view.ts	990	const	response
src/interface/obsidian/src/chat_view.ts	1000	const	sessionInfo
src/interface/obsidian/src/chat_view.ts	1005	const	agentSelect
src/interface/obsidian/src/chat_view.ts	1027	const	sidePanelEl
src/interface/obsidian/src/chat_view.ts	1028	const	newConversationEl
src/interface/obsidian/src/chat_view.ts	1029	const	conversationHeaderTitleEl
src/interface/obsidian/src/chat_view.ts	1032	const	newConversationButtonEl
src/interface/obsidian/src/chat_view.ts	1040	const	existingConversationsEl
src/interface/obsidian/src/chat_view.ts	1041	const	conversationListEl
src/interface/obsidian/src/chat_view.ts	1042	const	conversationListBodyHeaderEl
src/interface/obsidian/src/chat_view.ts	1043	const	conversationListBodyEl
src/interface/obsidian/src/chat_view.ts	1045	const	chatSessionsUrl
src/interface/obsidian/src/chat_view.ts	1046	const	headers
src/interface/obsidian/src/chat_view.ts	1062	const	conversationTitle
src/interface/obsidian/src/chat_view.ts	1063	const	conversationSessionTitleEl
src/interface/obsidian/src/chat_view.ts	1104	const	headers
src/interface/obsidian/src/chat_view.ts	1152	const	conversationSessionTitleEl
src/interface/obsidian/src/chat_view.ts	1249	const	agentSelect
src/interface/obsidian/src/chat_view.ts	1293	const	chatInput
src/interface/obsidian/src/chat_view.ts	1328	const	chunk
src/interface/obsidian/src/chat_view.ts	1336	const	chatInput
src/interface/obsidian/src/chat_view.ts	1342	const	statusMessage
src/interface/obsidian/src/chat_view.ts	1346	const	generatedAssets
src/interface/obsidian/src/chat_view.ts	1347	const	imageData
src/interface/obsidian/src/chat_view.ts	1356	const	chatInput
src/interface/obsidian/src/chat_view.ts	1367	const	chatInput
src/interface/obsidian/src/chat_view.ts	1375	const	editBlocks
src/interface/obsidian/src/chat_view.ts	1378	const	firstBlock
src/interface/obsidian/src/chat_view.ts	1407	const	liveQuery
src/interface/obsidian/src/chat_view.ts	1427	const	chunkData
src/interface/obsidian/src/chat_view.ts	1432	const	jsonData
src/interface/obsidian/src/chat_view.ts	1468	const	reader
src/interface/obsidian/src/chat_view.ts	1469	const	decoder
src/interface/obsidian/src/chat_view.ts	1470	const	eventDelimiter
src/interface/obsidian/src/chat_view.ts	1483	const	chunk
src/interface/obsidian/src/chat_view.ts	1492	const	event
src/interface/obsidian/src/chat_view.ts	1517	const	requestBody
src/interface/obsidian/src/chat_view.ts	1521	const	response
src/interface/obsidian/src/chat_view.ts	1530	const	data
src/interface/obsidian/src/chat_view.ts	1544	const	openFilesContent
src/interface/obsidian/src/chat_view.ts	1547	const	modeMatch
src/interface/obsidian/src/chat_view.ts	1548	const	modeCommand
src/interface/obsidian/src/chat_view.ts	1549	const	queryWithoutMode
src/interface/obsidian/src/chat_view.ts	1552	const	finalQuery
src/interface/obsidian/src/chat_view.ts	1555	const	chatUrl
src/interface/obsidian/src/chat_view.ts	1556	const	body
src/interface/obsidian/src/chat_view.ts	1654	const	transcribeButton
src/interface/obsidian/src/chat_view.ts	1655	const	chatInput
src/interface/obsidian/src/chat_view.ts	1656	const	sendButton
src/interface/obsidian/src/chat_view.ts	1658	const	generateRequestBody
src/interface/obsidian/src/chat_view.ts	1659	const	boundary
src/interface/obsidian/src/chat_view.ts	1660	const	chunks
src/interface/obsidian/src/chat_view.ts	1672	const	sendToServer
src/interface/obsidian/src/chat_view.ts	1673	const	boundary_string
src/interface/obsidian/src/chat_view.ts	1674	const	requestBody
src/interface/obsidian/src/chat_view.ts	1676	const	response
src/interface/obsidian/src/chat_view.ts	1731	const	handleRecording
src/interface/obsidian/src/chat_view.ts	1732	const	audioChunks
src/interface/obsidian/src/chat_view.ts	1733	const	recordingConfig
src/interface/obsidian/src/chat_view.ts	1741	const	audioBlob
src/interface/obsidian/src/chat_view.ts	1785	const	options
src/interface/obsidian/src/chat_view.ts	1786	const	visibleOptions
src/interface/obsidian/src/chat_view.ts	1792	const	selectedOption
src/interface/obsidian/src/chat_view.ts	1793	const	index
src/interface/obsidian/src/chat_view.ts	1794	const	chatInput
src/interface/obsidian/src/chat_view.ts	1803	const	onlyOption
src/interface/obsidian/src/chat_view.ts	1804	const	index
src/interface/obsidian/src/chat_view.ts	1805	const	chatInput
src/interface/obsidian/src/chat_view.ts	1815	const	chatInput
src/interface/obsidian/src/chat_view.ts	1816	const	trimmedValue
src/interface/obsidian/src/chat_view.ts	1819	const	isOnlyModeCommand
src/interface/obsidian/src/chat_view.ts	1837	const	chatInput
src/interface/obsidian/src/chat_view.ts	1857	const	chatInput
src/interface/obsidian/src/chat_view.ts	1868	const	maxHeight
src/interface/obsidian/src/chat_view.ts	1869	const	newHeight
src/interface/obsidian/src/chat_view.ts	1880	const	inputRect
src/interface/obsidian/src/chat_view.ts	1881	const	containerRect
src/interface/obsidian/src/chat_view.ts	1890	const	chat_body_el
src/interface/obsidian/src/chat_view.ts	1928	const	messageEl
src/interface/obsidian/src/chat_view.ts	1940	const	inferredQuery
src/interface/obsidian/src/chat_view.ts	1950	const	domain
src/interface/obsidian/src/chat_view.ts	1951	const	redirectMessage
src/interface/obsidian/src/chat_view.ts	1963	const	domain
src/interface/obsidian/src/chat_view.ts	1964	const	redirectMessage
src/interface/obsidian/src/chat_view.ts	2033	const	chatInput
src/interface/obsidian/src/chat_view.ts	2037	const	options
src/interface/obsidian/src/chat_view.ts	2039	const	visibleOptions
src/interface/obsidian/src/chat_view.ts	2094	const	allOptions
src/interface/obsidian/src/chat_view.ts	2104	const	selectedOption
src/interface/obsidian/src/chat_view.ts	2109	const	container
src/interface/obsidian/src/chat_view.ts	2122	const	messageContainer
src/interface/obsidian/src/chat_view.ts	2128	const	messages
src/interface/obsidian/src/chat_view.ts	2129	const	currentIndex
src/interface/obsidian/src/chat_view.ts	2150	const	turnId
src/interface/obsidian/src/chat_view.ts	2160	const	chatBodyEl
src/interface/obsidian/src/chat_view.ts	2161	const	conversationId
src/interface/obsidian/src/chat_view.ts	2167	const	response
src/interface/obsidian/src/chat_view.ts	2193	const	response
src/interface/obsidian/src/chat_view.ts	2233	const	chatBodyEl
src/interface/obsidian/src/chat_view.ts	2234	const	lastMessage
src/interface/obsidian/src/chat_view.ts	2237	const	buttonsContainer
src/interface/obsidian/src/chat_view.ts	2240	const	statusContainer
src/interface/obsidian/src/chat_view.ts	2243	const	statusSummary
src/interface/obsidian/src/chat_view.ts	2244	const	successCount
src/interface/obsidian/src/chat_view.ts	2260	const	errorDetails
src/interface/obsidian/src/chat_view.ts	2274	const	applyButton
src/interface/obsidian/src/chat_view.ts	2280	const	cancelButton
src/interface/obsidian/src/chat_view.ts	2304	const	file
src/interface/obsidian/src/chat_view.ts	2306	const	currentContent
src/interface/obsidian/src/chat_view.ts	2318	const	successMessage
src/interface/obsidian/src/chat_view.ts	2323	const	errorMessage
src/interface/obsidian/src/chat_view.ts	2334	const	file
src/interface/obsidian/src/chat_view.ts	2339	const	successMessage
src/interface/obsidian/src/chat_view.ts	2344	const	errorMessage
src/interface/obsidian/src/chat_view.ts	2354	const	modeMatch
src/interface/obsidian/src/chat_view.ts	2363	const	chatBodyEl
src/interface/obsidian/src/chat_view.ts	2364	const	lastMessage
src/interface/obsidian/src/chat_view.ts	2368	const	buttonsContainer
src/interface/obsidian/src/chat_view.ts	2372	const	applyButton
src/interface/obsidian/src/chat_view.ts	2380	const	chatBodyEl
src/interface/obsidian/src/chat_view.ts	2381	const	lastMessage
src/interface/obsidian/src/chat_view.ts	2385	const	buttonsContainer
src/interface/obsidian/src/chat_view.ts	2389	const	cancelButton
src/interface/obsidian/src/chat_view.ts	2419	const	chatBodyEl
src/interface/obsidian/src/chat_view.ts	2422	const	retryContainer
src/interface/obsidian/src/chat_view.ts	2425	const	retryBadge
src/interface/obsidian/src/chat_view.ts	2428	const	retryIcon
src/interface/obsidian/src/chat_view.ts	2443	const	hoverEditor
src/interface/obsidian/src/chat_view.ts	2452	const	retryPrompt
src/interface/obsidian/src/chat_view.ts	2466	const	inputRect
src/interface/obsidian/src/chat_view.ts	2467	const	containerRect
src/interface/obsidian/src/chat_view.ts	2478	const	option
src/interface/obsidian/src/chat_view.ts	2487	const	emojiSpan
src/interface/obsidian/src/chat_view.ts	2535	const	options
src/interface/obsidian/src/chat_view.ts	2539	const	command
src/interface/obsidian/src/interact_with_files.ts	7	interface	EditBlock
src/interface/obsidian/src/interact_with_files.ts	23	interface	ParsedEditBlock
src/interface/obsidian/src/interact_with_files.ts	37	interface	ProcessedEditResult
src/interface/obsidian/src/interact_with_files.ts	46	interface	PartialEditBlockResult
src/interface/obsidian/src/interact_with_files.ts	54	class	FileInteractions
src/interface/obsidian/src/interact_with_files.ts	73	const	seen
src/interface/obsidian/src/interact_with_files.ts	74	const	recentActiveFiles
src/interface/obsidian/src/interact_with_files.ts	100	const	recentFiles
src/interface/obsidian/src/interact_with_files.ts	335	const	matrix
src/interface/obsidian/src/interact_with_files.ts	344	const	cost
src/interface/obsidian/src/interact_with_files.ts	364	const	MAX_DISTANCE
src/interface/obsidian/src/interact_with_files.ts	369	const	distanceWithExt
src/interface/obsidian/src/interact_with_files.ts	370	const	distanceWithoutExt
src/interface/obsidian/src/interact_with_files.ts	371	const	distance
src/interface/obsidian/src/interact_with_files.ts	402	const	partialData
src/interface/obsidian/src/interact_with_files.ts	409	const	firstLineMatch
src/interface/obsidian/src/interact_with_files.ts	415	const	searchStartMatch
src/interface/obsidian/src/interact_with_files.ts	419	const	lines
src/interface/obsidian/src/interact_with_files.ts	420	const	searchIndex
src/interface/obsidian/src/interact_with_files.ts	444	const	newFormatRegex
src/interface/obsidian/src/interact_with_files.ts	445	const	newFormatMatch
src/interface/obsidian/src/interact_with_files.ts	505	const	editBlocks
src/interface/obsidian/src/interact_with_files.ts	507	const	editBlockRegex
src/interface/obsidian/src/interact_with_files.ts	554	const	HIGHLIGHT_TOKEN
src/interface/obsidian/src/interact_with_files.ts	555	const	STRIKETHROUGH_TOKEN
src/interface/obsidian/src/interact_with_files.ts	558	const	preserveFormatting
src/interface/obsidian/src/interact_with_files.ts	567	const	restoreFormatting
src/interface/obsidian/src/interact_with_files.ts	576	const	preservedOriginal
src/interface/obsidian/src/interact_with_files.ts	577	const	preservedNew
src/interface/obsidian/src/interact_with_files.ts	581	const	minLength
src/interface/obsidian/src/interact_with_files.ts	595	const	commonPrefix
src/interface/obsidian/src/interact_with_files.ts	596	const	commonSuffix
src/interface/obsidian/src/interact_with_files.ts	597	const	originalDiff
src/interface/obsidian/src/interact_with_files.ts	598	const	newDiff
src/interface/obsidian/src/interact_with_files.ts	601	const	formatLines
src/interface/obsidian/src/interact_with_files.ts	616	const	diffPreview
src/interface/obsidian/src/interact_with_files.ts	646	const	findText
src/interface/obsidian/src/interact_with_files.ts	647	const	currentFileContent
src/interface/obsidian/src/interact_with_files.ts	669	const	textToReplace
src/interface/obsidian/src/interact_with_files.ts	670	const	newText
src/interface/obsidian/src/interact_with_files.ts	671	const	preview
src/interface/obsidian/src/interact_with_files.ts	672	const	newContent
src/interface/obsidian/src/interact_with_files.ts	700	const	fileBackups
src/interface/obsidian/src/interact_with_files.ts	703	const	currentFileContents
src/interface/obsidian/src/interact_with_files.ts	706	const	files
src/interface/obsidian/src/interact_with_files.ts	709	const	editResults
src/interface/obsidian/src/interact_with_files.ts	710	const	blocksNeedingRetry
src/interface/obsidian/src/interact_with_files.ts	713	const	validationResults
src/interface/obsidian/src/interact_with_files.ts	727	const	targetFile
src/interface/obsidian/src/interact_with_files.ts	739	const	content
src/interface/obsidian/src/interact_with_files.ts	745	const	currentContent
src/interface/obsidian/src/interact_with_files.ts	748	const	frontmatterMatch
src/interface/obsidian/src/interact_with_files.ts	749	const	frontmatterEndIndex
src/interface/obsidian/src/interact_with_files.ts	751	const	processedEdit
src/interface/obsidian/src/interact_with_files.ts	770	const	allValid
src/interface/obsidian/src/interact_with_files.ts	823	const	block
src/interface/obsidian/src/interact_with_files.ts	824	const	targetFile
src/interface/obsidian/src/interact_with_files.ts	827	const	content
src/interface/obsidian/src/interact_with_files.ts	830	const	frontmatterMatch
src/interface/obsidian/src/interact_with_files.ts	831	const	frontmatterEndIndex
src/interface/obsidian/src/interact_with_files.ts	835	const	processedEdit
src/interface/obsidian/src/interact_with_files.ts	854	const	file
src/interface/obsidian/src/interact_with_files.ts	887	const	files
src/interface/obsidian/src/interact_with_files.ts	892	const	partialBlocks
src/interface/obsidian/src/interact_with_files.ts	897	const	isComplete
src/interface/obsidian/src/interact_with_files.ts	898	const	content
src/interface/obsidian/src/interact_with_files.ts	908	const	diff
src/interface/obsidian/src/interact_with_files.ts	926	const	errorTitle
src/interface/obsidian/src/interact_with_files.ts	927	const	errorDetails
src/interface/obsidian/src/interact_with_files.ts	947	const	targetFile
src/interface/obsidian/src/interact_with_files.ts	948	const	displayFileName
src/interface/obsidian/src/interact_with_files.ts	977	const	results
src/interface/obsidian/src/interact_with_files.ts	981	const	regex
src/interface/obsidian/src/interact_with_files.ts	985	const	content
src/interface/obsidian/src/interact_with_files.ts	986	const	isComplete
src/interface/obsidian/src/main.ts	10	class	Khoj
src/interface/obsidian/src/main.ts	59	const	chatView
src/interface/obsidian/src/main.ts	74	const	chatView
src/interface/obsidian/src/main.ts	89	const	chatView
src/interface/obsidian/src/main.ts	92	const	toggleEvent
src/interface/obsidian/src/main.ts	120	const	chatView
src/interface/obsidian/src/main.ts	132	const	chatView
src/interface/obsidian/src/main.ts	213	const	leaves
src/interface/obsidian/src/main.ts	237	const	chatView
src/interface/obsidian/src/main.ts	240	const	chatInput
src/interface/obsidian/src/pane_view.ts	27	const	viewType
src/interface/obsidian/src/pane_view.ts	45	const	leaves
src/interface/obsidian/src/search_modal.ts	5	interface	SearchResult
src/interface/obsidian/src/search_modal.ts	10	class	KhojSearchModal
src/interface/obsidian/src/search_modal.ts	35	const	spinnerEl
src/interface/obsidian/src/search_modal.ts	70	const	modalInstructions
src/interface/obsidian/src/search_modal.ts	102	const	fileFilterMatch
src/interface/obsidian/src/search_modal.ts	114	const	originalSelectSuggestion
src/interface/obsidian/src/search_modal.ts	137	const	normalizedPath
src/interface/obsidian/src/search_modal.ts	147	const	fileFilterMatch
src/interface/obsidian/src/search_modal.ts	149	const	partialPath
src/interface/obsidian/src/search_modal.ts	197	const	response
src/interface/obsidian/src/search_modal.ts	206	const	data
src/interface/obsidian/src/search_modal.ts	214	const	isInVault
src/interface/obsidian/src/search_modal.ts	297	const	fileEl
src/interface/obsidian/src/search_modal.ts	339	const	currentValue
src/interface/obsidian/src/search_modal.ts	340	const	beforeFile
src/interface/obsidian/src/search_modal.ts	358	const	mdFiles
src/interface/obsidian/src/search_modal.ts	359	const	binaryFiles
src/interface/obsidian/src/settings.ts	5	interface	UserInfo
src/interface/obsidian/src/settings.ts	13	interface	SyncFileTypes
src/interface/obsidian/src/settings.ts	19	interface	ModelOption
src/interface/obsidian/src/settings.ts	24	interface	ServerUserConfig
src/interface/obsidian/src/settings.ts	29	interface	KhojSetting
src/interface/obsidian/src/settings.ts	47	const	DEFAULT_SETTINGS
src/interface/obsidian/src/settings.ts	69	class	KhojSettingTab
src/interface/obsidian/src/settings.ts	93	const	connectHeaderEl
src/interface/obsidian/src/settings.ts	94	const	connectHeaderContentEl
src/interface/obsidian/src/settings.ts	95	const	connectTitleEl
src/interface/obsidian/src/settings.ts	96	const	backendStatusEl
src/interface/obsidian/src/settings.ts	99	const	profilePicEl
src/interface/obsidian/src/settings.ts	105	const	initial
src/interface/obsidian/src/settings.ts	106	const	profilePicEl
src/interface/obsidian/src/settings.ts	120	const	apiKeySetting
src/interface/obsidian/src/settings.ts	262	const	syncIntervalValues
src/interface/obsidian/src/settings.ts	284	const	includeFoldersContainer
src/interface/obsidian/src/settings.ts	291	const	modal
src/interface/obsidian/src/settings.ts	303	const	includeFolderListEl
src/interface/obsidian/src/settings.ts	307	const	excludeFoldersContainer
src/interface/obsidian/src/settings.ts	314	const	modal
src/interface/obsidian/src/settings.ts	331	const	excludeFolderListEl
src/interface/obsidian/src/settings.ts	348	const	progress_indicator
src/interface/obsidian/src/settings.ts	370	const	syncProgressEl
src/interface/obsidian/src/settings.ts	371	const	syncProgressText
src/interface/obsidian/src/settings.ts	381	const	onProgress
src/interface/obsidian/src/settings.ts	382	const	el
src/interface/obsidian/src/settings.ts	383	const	txt
src/interface/obsidian/src/settings.ts	396	const	el
src/interface/obsidian/src/settings.ts	397	const	txt
src/interface/obsidian/src/settings.ts	411	const	storageSetting
src/interface/obsidian/src/settings.ts	427	const	syncProgressEl
src/interface/obsidian/src/settings.ts	433	const	syncProgressText
src/interface/obsidian/src/settings.ts	461	const	metrics
src/interface/obsidian/src/settings.ts	462	const	usedMB
src/interface/obsidian/src/settings.ts	463	const	totalMB
src/interface/obsidian/src/settings.ts	464	const	usedStr
src/interface/obsidian/src/settings.ts	465	const	totalStr
src/interface/obsidian/src/settings.ts	486	const	serverModelIdStr
src/interface/obsidian/src/settings.ts	520	const	modelSetting
src/interface/obsidian/src/settings.ts	550	const	success
src/interface/obsidian/src/settings.ts	610	const	list
src/interface/obsidian/src/settings.ts	612	const	item
src/interface/obsidian/src/settings.ts	615	const	removeButton
src/interface/obsidian/src/settings.ts	625	class	FolderSuggestModal
src/interface/obsidian/src/settings.ts	631	const	folders
src/interface/obsidian/src/settings.ts	651	const	folders
src/interface/obsidian/src/settings.ts	656	const	folderPath
src/interface/obsidian/src/similar_view.ts	6	interface	SimilarResult
src/interface/obsidian/src/similar_view.ts	12	class	KhojSimilarView
src/interface/obsidian/src/similar_view.ts	45	const	mainContainerEl
src/interface/obsidian/src/similar_view.ts	48	const	searchContainerEl
src/interface/obsidian/src/similar_view.ts	60	const	refreshButtonEl
src/interface/obsidian/src/similar_view.ts	74	const	spinnerEl
src/interface/obsidian/src/similar_view.ts	124	const	file
src/interface/obsidian/src/similar_view.ts	139	const	content
src/interface/obsidian/src/similar_view.ts	181	const	response
src/interface/obsidian/src/similar_view.ts	190	const	data
src/interface/obsidian/src/similar_view.ts	243	const	files
src/interface/obsidian/src/similar_view.ts	268	const	resultsListEl
src/interface/obsidian/src/similar_view.ts	272	const	resultEl
src/interface/obsidian/src/similar_view.ts	279	const	headerEl
src/interface/obsidian/src/similar_view.ts	282	const	fileEl
src/interface/obsidian/src/similar_view.ts	296	const	moreContextButton
src/interface/obsidian/src/similar_view.ts	303	const	contentEl
src/interface/obsidian/src/similar_view.ts	314	const	lines_to_render
src/interface/obsidian/src/similar_view.ts	371	const	mdFiles
src/interface/obsidian/src/similar_view.ts	372	const	binaryFiles
src/interface/obsidian/src/similar_view.ts	408	const	messageEl
src/interface/obsidian/src/utils.ts	6	function	getVaultAbsolutePath
src/interface/obsidian/src/utils.ts	14	function	fileExtensionToMimeType
src/interface/obsidian/src/utils.ts	33	function	filenameToMimeType
src/interface/obsidian/src/utils.ts	55	const	fileTypeToExtension
src/interface/obsidian/src/utils.ts	60	const	supportedImageFilesTypes
src/interface/obsidian/src/utils.ts	61	const	supportedBinaryFileTypes
src/interface/obsidian/src/utils.ts	62	const	supportedFileTypes
src/interface/obsidian/src/utils.ts	64	function	getFilesToSync
src/interface/obsidian/src/utils.ts	65	const	files
src/interface/obsidian/src/utils.ts	95	const	typeOrder
src/interface/obsidian/src/utils.ts	96	const	aType
src/interface/obsidian/src/utils.ts	97	const	bType
src/interface/obsidian/src/utils.ts	104	function	updateContentIndex
src/interface/obsidian/src/utils.ts	114	const	files
src/interface/obsidian/src/utils.ts	122	const	filesToSync
src/interface/obsidian/src/utils.ts	133	const	MAX_BATCH_SIZE
src/interface/obsidian/src/utils.ts	134	const	MAX_BATCH_ITEMS
src/interface/obsidian/src/utils.ts	146	const	encoding
src/interface/obsidian/src/utils.ts	147	const	mimeType
src/interface/obsidian/src/utils.ts	148	const	fileContent
src/interface/obsidian/src/utils.ts	149	const	fileItem
src/interface/obsidian/src/utils.ts	151	const	fileSize
src/interface/obsidian/src/utils.ts	167	const	fileObj
src/interface/obsidian/src/utils.ts	182	const	contentTypesToDelete
src/interface/obsidian/src/utils.ts	201	const	totalFiles
src/interface/obsidian/src/utils.ts	210	const	resultText
src/interface/obsidian/src/utils.ts	243	const	summary
src/interface/obsidian/src/utils.ts	251	function	openKhojPluginSettings
src/interface/obsidian/src/utils.ts	252	const	setting
src/interface/obsidian/src/utils.ts	257	function	createNote
src/interface/obsidian/src/utils.ts	278	function	createNoteAndCloseModal
src/interface/obsidian/src/utils.ts	289	function	canConnectToBackend
src/interface/obsidian/src/utils.ts	314	function	getBackendStatusMessage
src/interface/obsidian/src/utils.ts	335	function	populateHeaderPane
src/interface/obsidian/src/utils.ts	345	const	titlePaneEl
src/interface/obsidian/src/utils.ts	347	const	titleEl
src/interface/obsidian/src/utils.ts	353	const	nav
src/interface/obsidian/src/utils.ts	361	const	chatLink
src/interface/obsidian/src/utils.ts	367	const	chatIcon
src/interface/obsidian/src/utils.ts	372	const	chatText
src/interface/obsidian/src/utils.ts	381	const	searchLink
src/interface/obsidian/src/utils.ts	386	const	searchIcon
src/interface/obsidian/src/utils.ts	391	const	searchText
src/interface/obsidian/src/utils.ts	400	const	similarLink
src/interface/obsidian/src/utils.ts	406	const	similarIcon
src/interface/obsidian/src/utils.ts	412	const	similarText
src/interface/obsidian/src/utils.ts	421	const	getCurrentKhojLeaf
src/interface/obsidian/src/utils.ts	422	const	activeLeaf
src/interface/obsidian/src/utils.ts	434	const	khojPlugin
src/interface/obsidian/src/utils.ts	447	const	khojPlugin
src/interface/obsidian/src/utils.ts	461	const	newChatEl
src/interface/obsidian/src/utils.ts	464	const	agentContainer
src/interface/obsidian/src/utils.ts	475	const	newChatButton
src/interface/obsidian/src/utils.ts	483	const	khojPlugin
src/interface/obsidian/src/utils.ts	490	const	leaves
src/interface/obsidian/src/utils.ts	492	const	chatView
src/interface/obsidian/src/utils.ts	507	const	updateActiveState
src/interface/obsidian/src/utils.ts	508	const	activeLeaf
src/interface/obsidian/src/utils.ts	511	const	viewType
src/interface/obsidian/src/utils.ts	532	enum	KhojView
src/interface/obsidian/src/utils.ts	537	function	copyParentText
src/interface/obsidian/src/utils.ts	538	const	button
src/interface/obsidian/src/utils.ts	541	const	textContent
src/interface/obsidian/src/utils.ts	549	const	originalButtonText
src/interface/obsidian/src/utils.ts	560	function	createCopyParentText
src/interface/obsidian/src/utils.ts	564	const	editRegex
src/interface/obsidian/src/utils.ts	572	function	jumpToPreviousView
src/interface/obsidian/src/utils.ts	573	const	editor
src/interface/obsidian/src/utils.ts	578	function	pasteTextAtCursor
src/interface/obsidian/src/utils.ts	580	const	editor
src/interface/obsidian/src/utils.ts	582	const	cursor
src/interface/obsidian/src/utils.ts	592	function	getFileFromPath
src/interface/obsidian/src/utils.ts	604	function	getLinkToEntry
src/interface/obsidian/src/utils.ts	625	function	calculateVaultSyncMetrics
src/interface/obsidian/src/utils.ts	627	const	files
src/interface/obsidian/src/utils.ts	628	const	usedBytes
src/interface/obsidian/src/utils.ts	631	const	FREE_LIMIT
src/interface/obsidian/src/utils.ts	632	const	PAID_LIMIT
src/interface/obsidian/src/utils.ts	655	function	fetchChatModels
src/interface/obsidian/src/utils.ts	660	const	response
src/interface/obsidian/src/utils.ts	665	const	modelsData
src/interface/obsidian/src/utils.ts	681	function	fetchUserServerSettings
src/interface/obsidian/src/utils.ts	686	const	response
src/interface/obsidian/src/utils.ts	701	function	updateServerChatModel
src/interface/obsidian/src/utils.ts	708	const	response
src/interface/obsidian/src/utils.ts	716	const	errorData
src/interface/obsidian/version-bump.mjs	3	const	targetVersion
src/interface/web/app/agents/layout.tsx	4	const	metadata
src/interface/web/app/agents/layout.tsx	34	function	ChildLayout
src/interface/web/app/agents/page.tsx	40	const	agentsFetcher
src/interface/web/app/agents/page.tsx	47	const	fetcher
src/interface/web/app/agents/page.tsx	49	interface	CreateAgentCardProps
src/interface/web/app/agents/page.tsx	62	function	CreateAgentCard
src/interface/web/app/agents/page.tsx	67	const	form
src/interface/web/app/agents/page.tsx	92	const	onSubmit
src/interface/web/app/agents/page.tsx	161	interface	AgentConfigurationOptions
src/interface/web/app/agents/page.tsx	166	function	Agents
src/interface/web/app/agents/page.tsx	177	const	isMobileWidth
src/interface/web/app/agents/page.tsx	203	const	personalAgents
src/interface/web/app/agents/page.tsx	209	const	publicAgents
src/interface/web/app/agents/page.tsx	217	const	searchParams
src/interface/web/app/agents/page.tsx	218	const	agentSlug
src/interface/web/app/agents/page.tsx	269	const	modelOptions
src/interface/web/app/agents/page.tsx	270	const	selectedChatModelOption
src/interface/web/app/agents/page.tsx	271	const	isSubscribed
src/interface/web/app/agents/page.tsx	274	const	defaultModelOption
src/interface/web/app/automations/layout.tsx	6	const	metadata
src/interface/web/app/automations/layout.tsx	36	function	ChildLayout
src/interface/web/app/automations/page.tsx	16	interface	AutomationsData
src/interface/web/app/automations/page.tsx	76	const	automationsFetcher
src/interface/web/app/automations/page.tsx	84	function	getEveryBlahFromCron
src/interface/web/app/automations/page.tsx	85	const	cronParts
src/interface/web/app/automations/page.tsx	86	const	dayOfMonth
src/interface/web/app/automations/page.tsx	87	const	dayOfWeek
src/interface/web/app/automations/page.tsx	107	function	getDayOfWeekFromCron
src/interface/web/app/automations/page.tsx	108	const	cronParts
src/interface/web/app/automations/page.tsx	116	function	getTimeRecurrenceFromCron
src/interface/web/app/automations/page.tsx	117	const	cronParts
src/interface/web/app/automations/page.tsx	118	const	hour
src/interface/web/app/automations/page.tsx	119	const	minute
src/interface/web/app/automations/page.tsx	120	const	period
src/interface/web/app/automations/page.tsx	134	function	getDayOfMonthFromCron
src/interface/web/app/automations/page.tsx	135	const	cronParts
src/interface/web/app/automations/page.tsx	140	function	cronToHumanReadableString
src/interface/web/app/automations/page.tsx	144	const	frequencies
src/interface/web/app/automations/page.tsx	146	const	daysOfMonth
src/interface/web/app/automations/page.tsx	148	const	weekDays
src/interface/web/app/automations/page.tsx	150	const	timeOptions
src/interface/web/app/automations/page.tsx	152	const	timePeriods
src/interface/web/app/automations/page.tsx	159	const	paddedMinute
src/interface/web/app/automations/page.tsx	160	const	friendlyHour
src/interface/web/app/automations/page.tsx	166	const	timestamp
src/interface/web/app/automations/page.tsx	168	const	suggestedAutomationsMetadata
src/interface/web/app/automations/page.tsx	230	function	createShareLink
src/interface/web/app/automations/page.tsx	231	const	encodedSubject
src/interface/web/app/automations/page.tsx	232	const	encodedQuery
src/interface/web/app/automations/page.tsx	233	const	encodedCrontime
src/interface/web/app/automations/page.tsx	235	const	shareLink
src/interface/web/app/automations/page.tsx	240	function	deleteAutomation
src/interface/web/app/automations/page.tsx	248	function	sendAPreview
src/interface/web/app/automations/page.tsx	264	interface	AutomationsCardProps
src/interface/web/app/automations/page.tsx	276	function	AutomationsCard
src/interface/web/app/automations/page.tsx	283	const	automation
src/interface/web/app/automations/page.tsx	290	const	automationData
src/interface/web/app/automations/page.tsx	292	const	frequency
src/interface/web/app/automations/page.tsx	297	const	dayOfWeek
src/interface/web/app/automations/page.tsx	304	const	dayOfMonth
src/interface/web/app/automations/page.tsx	423	interface	SharedAutomationCardProps
src/interface/web/app/automations/page.tsx	433	function	SharedAutomationCard
src/interface/web/app/automations/page.tsx	434	const	searchParams
src/interface/web/app/automations/page.tsx	437	const	subject
src/interface/web/app/automations/page.tsx	438	const	query
src/interface/web/app/automations/page.tsx	439	const	crontime
src/interface/web/app/automations/page.tsx	445	const	automation
src/interface/web/app/automations/page.tsx	472	const	EditAutomationSchema
src/interface/web/app/automations/page.tsx	481	interface	EditCardProps
src/interface/web/app/automations/page.tsx	493	function	EditCard
src/interface/web/app/automations/page.tsx	494	const	automation
src/interface/web/app/automations/page.tsx	496	const	form
src/interface/web/app/automations/page.tsx	510	const	onSubmit
src/interface/web/app/automations/page.tsx	511	const	cronFrequency
src/interface/web/app/automations/page.tsx	563	function	convertFrequencyToCron
src/interface/web/app/automations/page.tsx	571	const	minutes
src/interface/web/app/automations/page.tsx	572	const	period
src/interface/web/app/automations/page.tsx	573	const	rawHourAsNumber
src/interface/web/app/automations/page.tsx	574	const	hours
src/interface/web/app/automations/page.tsx	580	const	dayOfWeekNumber
src/interface/web/app/automations/page.tsx	610	interface	AutomationModificationFormProps
src/interface/web/app/automations/page.tsx	620	function	AutomationModificationForm
src/interface/web/app/automations/page.tsx	624	function	recommendationPill
src/interface/web/app/automations/page.tsx	643	const	recommendationPills
src/interface/web/app/automations/page.tsx	889	function	metadataMap
src/interface/web/app/automations/page.tsx	916	interface	AutomationComponentWrapperProps
src/interface/web/app/automations/page.tsx	930	function	AutomationComponentWrapper
src/interface/web/app/automations/page.tsx	990	function	Automations
src/interface/web/app/automations/page.tsx	1009	const	isMobileWidth
src/interface/web/app/automations/page.tsx	1022	const	allAutomations
src/interface/web/app/automations/page.tsx	1040	const	toastTitle
src/interface/web/app/chat/layout.tsx	5	const	metadata
src/interface/web/app/chat/layout.tsx	35	function	ChildLayout
src/interface/web/app/chat/page.tsx	41	interface	ChatBodyDataProps
src/interface/web/app/chat/page.tsx	60	function	ChatBodyData
src/interface/web/app/chat/page.tsx	61	const	searchParams
src/interface/web/app/chat/page.tsx	62	const	conversationId
src/interface/web/app/chat/page.tsx	68	const	chatInputRef
src/interface/web/app/chat/page.tsx	70	const	setQueryToProcess
src/interface/web/app/chat/page.tsx	71	const	onConversationIdChange
src/interface/web/app/chat/page.tsx	73	const	chatHistoryCustomClassName
src/interface/web/app/chat/page.tsx	77	const	encodedImages
src/interface/web/app/chat/page.tsx	83	const	storedImages
src/interface/web/app/chat/page.tsx	85	const	parsedImages
src/interface/web/app/chat/page.tsx	87	const	encodedImages
src/interface/web/app/chat/page.tsx	92	const	storedMessage
src/interface/web/app/chat/page.tsx	102	const	storedUploadedFiles
src/interface/web/app/chat/page.tsx	105	const	parsedFiles
src/interface/web/app/chat/page.tsx	106	const	uploadedFiles
src/interface/web/app/chat/page.tsx	200	function	Chat
src/interface/web/app/chat/page.tsx	201	const	defaultTitle
src/interface/web/app/chat/page.tsx	214	const	bufferRef
src/interface/web/app/chat/page.tsx	215	const	idleTimerRef
src/interface/web/app/chat/page.tsx	227	const	isMobileWidth
src/interface/web/app/chat/page.tsx	231	const	disconnectToastShownRef
src/interface/web/app/chat/page.tsx	233	const	intentionalCloseRef
src/interface/web/app/chat/page.tsx	235	const	disconnectFromServer
src/interface/web/app/chat/page.tsx	245	const	resetIdleTimer
src/interface/web/app/chat/page.tsx	246	const	idleTimeout
src/interface/web/app/chat/page.tsx	260	const	baseDelay
src/interface/web/app/chat/page.tsx	261	const	jitter
src/interface/web/app/chat/page.tsx	301	const	newMessages
src/interface/web/app/chat/page.tsx	302	const	last
src/interface/web/app/chat/page.tsx	317	const	newMessages
src/interface/web/app/chat/page.tsx	318	const	last
src/interface/web/app/chat/page.tsx	341	const	handleBeforeUnload
src/interface/web/app/chat/page.tsx	353	const	controlMessage
src/interface/web/app/chat/page.tsx	371	const	eventDelimiter
src/interface/web/app/chat/page.tsx	376	const	eventChunk
src/interface/web/app/chat/page.tsx	380	const	newMessages
src/interface/web/app/chat/page.tsx	381	const	currentMessage
src/interface/web/app/chat/page.tsx	431	const	handleTriggeredAbort
src/interface/web/app/chat/page.tsx	450	const	newMessages
src/interface/web/app/chat/page.tsx	451	const	currentMessage
src/interface/web/app/chat/page.tsx	465	const	newStreamMessage
src/interface/web/app/chat/page.tsx	495	const	protocol
src/interface/web/app/chat/page.tsx	496	const	wsUrl
src/interface/web/app/chat/page.tsx	506	function	chat
src/interface/web/app/chat/page.tsx	516	const	protocol
src/interface/web/app/chat/page.tsx	517	const	wsUrl
src/interface/web/app/chat/page.tsx	521	const	chatAPIBody
src/interface/web/app/chat/page.tsx	539	const	handleConversationIdChange
src/interface/web/app/chat/page.tsx	543	const	handleRetryMessage
src/interface/web/app/common/auth.ts	5	interface	UserProfile
src/interface/web/app/common/auth.ts	15	const	fetcher
src/interface/web/app/common/auth.ts	21	function	useAuthenticatedData
src/interface/web/app/common/auth.ts	33	interface	ModelOptions
src/interface/web/app/common/auth.ts	40	interface	SyncedContent
src/interface/web/app/common/auth.ts	46	enum	SubscriptionStates
src/interface/web/app/common/auth.ts	54	interface	UserConfig
src/interface/web/app/common/auth.ts	93	function	useUserConfig
src/interface/web/app/common/auth.ts	94	const	url
src/interface/web/app/common/auth.ts	106	function	useChatModelOptions
src/interface/web/app/common/auth.ts	114	function	isUserSubscribed
src/interface/web/app/common/chatFunctions.ts	9	interface	RawReferenceData
src/interface/web/app/common/chatFunctions.ts	15	interface	MessageMetadata
src/interface/web/app/common/chatFunctions.ts	20	interface	GeneratedAssetsData
src/interface/web/app/common/chatFunctions.ts	26	interface	ResponseWithIntent
src/interface/web/app/common/chatFunctions.ts	32	interface	MessageChunk
src/interface/web/app/common/chatFunctions.ts	37	function	convertMessageChunkToJson
src/interface/web/app/common/chatFunctions.ts	40	const	jsonChunk
src/interface/web/app/common/chatFunctions.ts	67	function	handleJsonResponse
src/interface/web/app/common/chatFunctions.ts	68	const	jsonData
src/interface/web/app/common/chatFunctions.ts	83	function	processMessageChunk
src/interface/web/app/common/chatFunctions.ts	90	const	chunk
src/interface/web/app/common/chatFunctions.ts	98	const	statusMessage
src/interface/web/app/common/chatFunctions.ts	101	const	thoughtChunk
src/interface/web/app/common/chatFunctions.ts	102	const	lastThoughtIndex
src/interface/web/app/common/chatFunctions.ts	103	const	previousThought
src/interface/web/app/common/chatFunctions.ts	112	const	references
src/interface/web/app/common/chatFunctions.ts	119	const	messageMetadata
src/interface/web/app/common/chatFunctions.ts	122	const	generatedAssets
src/interface/web/app/common/chatFunctions.ts	136	const	chunkData
src/interface/web/app/common/chatFunctions.ts	155	const	jsonData
src/interface/web/app/common/chatFunctions.ts	182	function	handleImageResponse
src/interface/web/app/common/chatFunctions.ts	204	function	renderCodeGenImageInline
src/interface/web/app/common/chatFunctions.ts	209	const	regex
src/interface/web/app/common/chatFunctions.ts	211	const	replacement
src/interface/web/app/common/chatFunctions.ts	215	const	replacement
src/interface/web/app/common/chatFunctions.ts	224	function	modifyFileFilterForConversation
src/interface/web/app/common/chatFunctions.ts	235	const	method
src/interface/web/app/common/chatFunctions.ts	237	const	body
src/interface/web/app/common/chatFunctions.ts	241	const	addUrl
src/interface/web/app/common/chatFunctions.ts	264	function	createNewConversation
src/interface/web/app/common/chatFunctions.ts	266	const	response
src/interface/web/app/common/chatFunctions.ts	271	const	data
src/interface/web/app/common/chatFunctions.ts	272	const	conversationID
src/interface/web/app/common/chatFunctions.ts	281	function	packageFilesForUpload
src/interface/web/app/common/chatFunctions.ts	282	const	formData
src/interface/web/app/common/chatFunctions.ts	284	const	fileReadPromises
src/interface/web/app/common/chatFunctions.ts	344	function	generateNewTitle
src/interface/web/app/common/chatFunctions.ts	361	function	uploadDataForIndexing
src/interface/web/app/common/chatFunctions.ts	369	const	allowedExtensions
src/interface/web/app/common/chatFunctions.ts	377	const	allowedFileEndings
src/interface/web/app/common/chatFunctions.ts	378	const	badFiles
src/interface/web/app/common/chatFunctions.ts	379	const	goodFiles
src/interface/web/app/common/chatFunctions.ts	381	const	uploadedFiles
src/interface/web/app/common/chatFunctions.ts	384	const	fileEnding
src/interface/web/app/common/chatFunctions.ts	408	const	formData
src/interface/web/app/common/chatFunctions.ts	411	const	fileReadPromises
src/interface/web/app/common/colorUtils.ts	1	const	tailwindColors
src/interface/web/app/common/colorUtils.ts	20	function	convertColorToTextClass
src/interface/web/app/common/colorUtils.ts	27	function	convertToBGGradientClass
src/interface/web/app/common/colorUtils.ts	34	function	convertToBGClass
src/interface/web/app/common/colorUtils.ts	41	function	converColorToBgGradient
src/interface/web/app/common/colorUtils.ts	45	function	convertColorToCaretClass
src/interface/web/app/common/colorUtils.ts	52	function	convertColorToRingClass
src/interface/web/app/common/colorUtils.ts	59	function	convertColorToBorderClass
src/interface/web/app/common/colorUtils.ts	66	const	colorMap
src/interface/web/app/common/iconUtils.tsx	58	interface	IconMap
src/interface/web/app/common/iconUtils.tsx	62	const	iconMap
src/interface/web/app/common/iconUtils.tsx	179	function	getIconForSlashCommand
src/interface/web/app/common/iconUtils.tsx	180	const	className
src/interface/web/app/common/iconUtils.tsx	236	function	getIconFromIconName
src/interface/web/app/common/iconUtils.tsx	242	const	icon
src/interface/web/app/common/iconUtils.tsx	243	const	colorName
src/interface/web/app/common/iconUtils.tsx	244	const	colorClass
src/interface/web/app/common/iconUtils.tsx	248	function	getIconFromFilename
src/interface/web/app/common/iconUtils.tsx	252	const	extension
src/interface/web/app/common/iconUtils.tsx	281	function	getAvailableIcons
src/interface/web/app/common/layoutHelper.tsx	1	function	ContentSecurityPolicy
src/interface/web/app/common/modelSelector.tsx	26	interface	ModelSelectorProps
src/interface/web/app/common/modelSelector.tsx	33	function	ModelSelector
src/interface/web/app/common/modelSelector.tsx	39	const	isMobileWidth
src/interface/web/app/common/modelSelector.tsx	47	const	selectedChatModelOption
src/interface/web/app/common/modelSelector.tsx	56	const	model
src/interface/web/app/common/modelSelector.tsx	186	interface	ModelItemProps
src/interface/web/app/common/modelSelector.tsx	194	function	ModelItem
src/interface/web/app/common/modelSelector.tsx	195	const	ref
src/interface/web/app/common/utils.ts	5	interface	LocationData
src/interface/web/app/common/utils.ts	13	const	locationFetcher
src/interface/web/app/common/utils.ts	19	const	toTitleCase
src/interface/web/app/common/utils.ts	22	function	welcomeConsole
src/interface/web/app/common/utils.ts	44	function	useIPLocationData
src/interface/web/app/common/utils.ts	53	function	useIsMobileWidth
src/interface/web/app/common/utils.ts	57	const	handleResize
src/interface/web/app/common/utils.ts	73	const	useMutationObserver
src/interface/web/app/common/utils.ts	85	const	observer
src/interface/web/app/common/utils.ts	92	function	useIsDarkMode
src/interface/web/app/common/utils.ts	104	const	mq
src/interface/web/app/common/utils.ts	126	const	convertBytesToText
src/interface/web/app/common/utils.ts	136	function	useDebounce
src/interface/web/app/common/utils.ts	140	const	handler
src/interface/web/app/common/utils.ts	152	const	formatDateTime
src/interface/web/app/common/utils.ts	154	const	date
src/interface/web/app/common/utils.ts	155	const	now
src/interface/web/app/common/utils.ts	156	const	diffInMinutes
src/interface/web/app/common/utils.ts	165	const	formatter
src/interface/web/app/components/agentCard/agentCard.tsx	98	interface	AgentData
src/interface/web/app/components/agentCard/agentCard.tsx	116	function	openChat
src/interface/web/app/components/agentCard/agentCard.tsx	117	const	unauthenticatedRedirectUrl
src/interface/web/app/components/agentCard/agentCard.tsx	123	const	response
src/interface/web/app/components/agentCard/agentCard.tsx	126	const	data
src/interface/web/app/components/agentCard/agentCard.tsx	136	function	Badge
src/interface/web/app/components/agentCard/agentCard.tsx	138	const	displayBadgeText
src/interface/web/app/components/agentCard/agentCard.tsx	159	const	EditAgentSchema
src/interface/web/app/components/agentCard/agentCard.tsx	177	interface	AgentCardProps
src/interface/web/app/components/agentCard/agentCard.tsx	193	function	AgentCard
src/interface/web/app/components/agentCard/agentCard.tsx	209	const	userData
src/interface/web/app/components/agentCard/agentCard.tsx	211	const	form
src/interface/web/app/components/agentCard/agentCard.tsx	248	const	onSubmit
src/interface/web/app/components/agentCard/agentCard.tsx	288	const	stylingString
src/interface/web/app/components/agentCard/agentCard.tsx	290	function	makeBadgeFooter
src/interface/web/app/components/agentCard/agentCard.tsx	508	interface	AgentModificationFormProps
src/interface/web/app/components/agentCard/agentCard.tsx	522	function	AgentModificationForm
src/interface/web/app/components/agentCard/agentCard.tsx	525	const	iconOptions
src/interface/web/app/components/agentCard/agentCard.tsx	526	const	colorOptions
src/interface/web/app/components/agentCard/agentCard.tsx	527	const	colorOptionClassName
src/interface/web/app/components/agentCard/agentCard.tsx	541	const	privacyOptions
src/interface/web/app/components/agentCard/agentCard.tsx	543	const	basicFields
src/interface/web/app/components/agentCard/agentCard.tsx	550	const	toolsFields
src/interface/web/app/components/agentCard/agentCard.tsx	555	const	knowledgeBaseFields
src/interface/web/app/components/agentCard/agentCard.tsx	557	const	customizationFields
src/interface/web/app/components/agentCard/agentCard.tsx	562	const	formGroups
src/interface/web/app/components/agentCard/agentCard.tsx	569	const	fileInputRef
src/interface/web/app/components/agentCard/agentCard.tsx	577	const	interval
src/interface/web/app/components/agentCard/agentCard.tsx	579	const	increment
src/interface/web/app/components/agentCard/agentCard.tsx	580	const	nextValue
src/interface/web/app/components/agentCard/agentCard.tsx	589	const	currentFiles
src/interface/web/app/components/agentCard/agentCard.tsx	590	const	fileOptions
src/interface/web/app/components/agentCard/agentCard.tsx	591	const	concatenatedFiles
src/interface/web/app/components/agentCard/agentCard.tsx	592	const	fullAllFileOptions
src/interface/web/app/components/agentCard/agentCard.tsx	593	const	dedupedAllFileOptions
src/interface/web/app/components/agentCard/agentCard.tsx	610	function	handleDragOver
src/interface/web/app/components/agentCard/agentCard.tsx	615	function	handleDragLeave
src/interface/web/app/components/agentCard/agentCard.tsx	620	function	handleDragAndDropFiles
src/interface/web/app/components/agentCard/agentCard.tsx	629	function	uploadFiles
src/interface/web/app/components/agentCard/agentCard.tsx	633	function	openFileInput
src/interface/web/app/components/agentCard/agentCard.tsx	639	function	handleFileChange
src/interface/web/app/components/agentCard/agentCard.tsx	645	const	handleNext
src/interface/web/app/components/agentCard/agentCard.tsx	652	const	handlePrevious
src/interface/web/app/components/agentCard/agentCard.tsx	659	const	handleSubmit
src/interface/web/app/components/agentCard/agentCard.tsx	665	const	handleAgentFileChange
src/interface/web/app/components/agentCard/agentCard.tsx	667	const	currentFiles
src/interface/web/app/components/agentCard/agentCard.tsx	668	const	newFiles
src/interface/web/app/components/agentCard/agentCard.tsx	675	const	areRequiredFieldsCompletedForCurrentStep
src/interface/web/app/components/agentCard/agentCard.tsx	682	const	errors
src/interface/web/app/components/agentCard/agentCard.tsx	732	const	renderFormField
src/interface/web/app/components/agentCard/agentCard.tsx	1065	const	filteredFiles
src/interface/web/app/components/agentCard/agentCard.tsx	1073	const	currentFiles
src/interface/web/app/components/agentCard/agentCard.tsx	1076	const	newFiles
src/interface/web/app/components/agentCard/agentCard.tsx	1097	const	filteredFiles
src/interface/web/app/components/agentCard/agentCard.tsx	1105	const	currentFiles
src/interface/web/app/components/agentCard/agentCard.tsx	1108	const	newFiles
src/interface/web/app/components/agentCard/agentCard.tsx	1130	const	currentFiles
src/interface/web/app/components/agentCard/agentCard.tsx	1133	const	newFiles
src/interface/web/app/components/agentCard/agentCard.tsx	1198	const	currentInputTools
src/interface/web/app/components/agentCard/agentCard.tsx	1202	const	newInputTools
src/interface/web/app/components/agentCard/agentCard.tsx	1284	const	currentOutputModes
src/interface/web/app/components/agentCard/agentCard.tsx	1288	const	newOutputModes
src/interface/web/app/components/allConversations/allConversations.tsx	59	interface	ChatHistory
src/interface/web/app/components/allConversations/allConversations.tsx	110	const	fetcher
src/interface/web/app/components/allConversations/allConversations.tsx	116	interface	GroupedChatHistory
src/interface/web/app/components/allConversations/allConversations.tsx	120	function	renameConversation
src/interface/web/app/components/allConversations/allConversations.tsx	121	const	editUrl
src/interface/web/app/components/allConversations/allConversations.tsx	137	function	shareConversation
src/interface/web/app/components/allConversations/allConversations.tsx	138	const	shareUrl
src/interface/web/app/components/allConversations/allConversations.tsx	156	function	deleteConversation
src/interface/web/app/components/allConversations/allConversations.tsx	157	const	deleteUrl
src/interface/web/app/components/allConversations/allConversations.tsx	181	interface	FilesMenuProps
src/interface/web/app/components/allConversations/allConversations.tsx	187	function	FilesMenu
src/interface/web/app/components/allConversations/allConversations.tsx	197	const	usingConversationContext
src/interface/web/app/components/allConversations/allConversations.tsx	227	const	removeAllFiles
src/interface/web/app/components/allConversations/allConversations.tsx	231	const	addAllFiles
src/interface/web/app/components/allConversations/allConversations.tsx	264	const	FilesMenuCommandBox
src/interface/web/app/components/allConversations/allConversations.tsx	428	interface	SessionsAndFilesProps
src/interface/web/app/components/allConversations/allConversations.tsx	439	function	SessionsAndFiles
src/interface/web/app/components/allConversations/allConversations.tsx	487	interface	ChatSessionActionMenuProps
src/interface/web/app/components/allConversations/allConversations.tsx	493	function	ChatSessionActionMenu
src/interface/web/app/components/allConversations/allConversations.tsx	626	function	sizeClass
src/interface/web/app/components/allConversations/allConversations.tsx	639	const	size
src/interface/web/app/components/allConversations/allConversations.tsx	691	function	ChatSession
src/interface/web/app/components/allConversations/allConversations.tsx	724	interface	ChatSessionsModalProps
src/interface/web/app/components/allConversations/allConversations.tsx	729	interface	AgentStyle
src/interface/web/app/components/allConversations/allConversations.tsx	734	function	ChatSessionsModal
src/interface/web/app/components/allConversations/allConversations.tsx	743	const	agents
src/interface/web/app/components/allConversations/allConversations.tsx	752	const	agentName
src/interface/web/app/components/allConversations/allConversations.tsx	773	const	filteredData
src/interface/web/app/components/allConversations/allConversations.tsx	781	const	filtered
src/interface/web/app/components/allConversations/allConversations.tsx	782	const	agentSet
src/interface/web/app/components/allConversations/allConversations.tsx	783	const	searchLower
src/interface/web/app/components/allConversations/allConversations.tsx	786	const	matches
src/interface/web/app/components/allConversations/allConversations.tsx	902	const	fetchChatHistory
src/interface/web/app/components/allConversations/allConversations.tsx	903	const	response
src/interface/web/app/components/allConversations/allConversations.tsx	912	const	useChatSessionsFetchRequest
src/interface/web/app/components/allConversations/allConversations.tsx	918	interface	SidePanelProps
src/interface/web/app/components/allConversations/allConversations.tsx	925	function	AllConversations
src/interface/web/app/components/allConversations/allConversations.tsx	943	const	groupedData
src/interface/web/app/components/allConversations/allConversations.tsx	944	const	subsetOrganizedData
src/interface/web/app/components/allConversations/allConversations.tsx	947	const	currentDate
src/interface/web/app/components/allConversations/allConversations.tsx	950	const	chatDate
src/interface/web/app/components/allConversations/allConversations.tsx	951	const	diffTime
src/interface/web/app/components/allConversations/allConversations.tsx	952	const	diffDays
src/interface/web/app/components/allConversations/allConversations.tsx	954	const	timeGrouping
src/interface/web/app/components/appSidebar/appSidebar.tsx	32	function	openChat
src/interface/web/app/components/appSidebar/appSidebar.tsx	33	const	unauthenticatedRedirectUrl
src/interface/web/app/components/appSidebar/appSidebar.tsx	39	const	response
src/interface/web/app/components/appSidebar/appSidebar.tsx	43	const	data
src/interface/web/app/components/appSidebar/appSidebar.tsx	54	const	items
src/interface/web/app/components/appSidebar/appSidebar.tsx	82	const	SIDEBAR_KEYBOARD_SHORTCUT
src/interface/web/app/components/appSidebar/appSidebar.tsx	83	const	SIDEBAR_WIDTH
src/interface/web/app/components/appSidebar/appSidebar.tsx	84	const	SIDEBAR_WIDTH_MOBILE
src/interface/web/app/components/appSidebar/appSidebar.tsx	86	interface	AppSidebarProps
src/interface/web/app/components/appSidebar/appSidebar.tsx	90	function	AppSidebar
src/interface/web/app/components/appSidebar/appSidebar.tsx	91	const	isMobileWidth
src/interface/web/app/components/appSidebar/appSidebar.tsx	93	const	pathname
src/interface/web/app/components/appSidebar/appSidebar.tsx	101	const	isSharedChatPage
src/interface/web/app/components/chatHistory/chatHistory.tsx	29	interface	ChatResponse
src/interface/web/app/components/chatHistory/chatHistory.tsx	34	interface	ChatHistoryProps
src/interface/web/app/components/chatHistory/chatHistory.tsx	48	interface	TrainOfThoughtFrame
src/interface/web/app/components/chatHistory/chatHistory.tsx	54	interface	TrainOfThoughtGroup
src/interface/web/app/components/chatHistory/chatHistory.tsx	60	interface	TrainOfThoughtComponentProps
src/interface/web/app/components/chatHistory/chatHistory.tsx	68	function	extractTrainOfThoughtGroups
src/interface/web/app/components/chatHistory/chatHistory.tsx	73	const	groups
src/interface/web/app/components/chatHistory/chatHistory.tsx	83	const	jsonMatch
src/interface/web/app/components/chatHistory/chatHistory.tsx	87	const	jsonMessage
src/interface/web/app/components/chatHistory/chatHistory.tsx	149	function	TrainOfThoughtComponent
src/interface/web/app/components/chatHistory/chatHistory.tsx	153	const	variants
src/interface/web/app/components/chatHistory/chatHistory.tsx	191	const	groups
src/interface/web/app/components/chatHistory/chatHistory.tsx	238	const	lastIndex
src/interface/web/app/components/chatHistory/chatHistory.tsx	239	const	isLastGroup
src/interface/web/app/components/chatHistory/chatHistory.tsx	240	const	isLastEntry
src/interface/web/app/components/chatHistory/chatHistory.tsx	242	const	isPrimaryEntry
src/interface/web/app/components/chatHistory/chatHistory.tsx	266	function	ChatHistory
src/interface/web/app/components/chatHistory/chatHistory.tsx	271	const	sentinelRef
src/interface/web/app/components/chatHistory/chatHistory.tsx	272	const	scrollAreaRef
src/interface/web/app/components/chatHistory/chatHistory.tsx	273	const	scrollableContentWrapperRef
src/interface/web/app/components/chatHistory/chatHistory.tsx	274	const	latestUserMessageRef
src/interface/web/app/components/chatHistory/chatHistory.tsx	275	const	latestFetchedMessageRef
src/interface/web/app/components/chatHistory/chatHistory.tsx	282	const	isMobileWidth
src/interface/web/app/components/chatHistory/chatHistory.tsx	283	const	scrollAreaSelector
src/interface/web/app/components/chatHistory/chatHistory.tsx	284	const	fetchMessageCount
src/interface/web/app/components/chatHistory/chatHistory.tsx	285	const	hasStartingMessage
src/interface/web/app/components/chatHistory/chatHistory.tsx	288	const	scrollAreaEl
src/interface/web/app/components/chatHistory/chatHistory.tsx	291	const	detectIsNearBottom
src/interface/web/app/components/chatHistory/chatHistory.tsx	293	const	bottomThreshold
src/interface/web/app/components/chatHistory/chatHistory.tsx	294	const	distanceFromBottom
src/interface/web/app/components/chatHistory/chatHistory.tsx	295	const	isNearBottom
src/interface/web/app/components/chatHistory/chatHistory.tsx	313	const	contentWrapper
src/interface/web/app/components/chatHistory/chatHistory.tsx	314	const	scrollViewport
src/interface/web/app/components/chatHistory/chatHistory.tsx	319	const	observer
src/interface/web/app/components/chatHistory/chatHistory.tsx	322	const	bottomThreshold
src/interface/web/app/components/chatHistory/chatHistory.tsx	323	const	currentlyNearBottom
src/interface/web/app/components/chatHistory/chatHistory.tsx	329	const	lastMessage
src/interface/web/app/components/chatHistory/chatHistory.tsx	358	const	observer
src/interface/web/app/components/chatHistory/chatHistory.tsx	384	const	lastMessage
src/interface/web/app/components/chatHistory/chatHistory.tsx	396	const	adjustScrollPosition
src/interface/web/app/components/chatHistory/chatHistory.tsx	397	const	scrollAreaEl
src/interface/web/app/components/chatHistory/chatHistory.tsx	406	function	fetchMoreMessages
src/interface/web/app/components/chatHistory/chatHistory.tsx	408	const	nextPage
src/interface/web/app/components/chatHistory/chatHistory.tsx	409	const	maxMessagesToFetch
src/interface/web/app/components/chatHistory/chatHistory.tsx	447	const	chatMetadata
src/interface/web/app/components/chatHistory/chatHistory.tsx	473	const	scrollToBottom
src/interface/web/app/components/chatHistory/chatHistory.tsx	474	const	scrollAreaEl
src/interface/web/app/components/chatHistory/chatHistory.tsx	492	function	constructAgentLink
src/interface/web/app/components/chatHistory/chatHistory.tsx	497	function	constructAgentName
src/interface/web/app/components/chatHistory/chatHistory.tsx	503	function	constructAgentPersona
src/interface/web/app/components/chatHistory/chatHistory.tsx	515	const	handleDeleteMessage
src/interface/web/app/components/chatHistory/chatHistory.tsx	534	const	handleRetryMessage
src/interface/web/app/components/chatHistory/chatHistory.tsx	624	const	messageTurnId
src/interface/web/app/components/chatInputArea/chatInputArea.tsx	57	interface	ChatOptions
src/interface/web/app/components/chatInputArea/chatInputArea.tsx	61	interface	AttachedFileText
src/interface/web/app/components/chatInputArea/chatInputArea.tsx	68	enum	ChatInputFocus
src/interface/web/app/components/chatInputArea/chatInputArea.tsx	74	interface	ChatInputProps
src/interface/web/app/components/chatInputArea/chatInputArea.tsx	90	const	ChatInputArea
src/interface/web/app/components/chatInputArea/chatInputArea.tsx	92	const	fileInputRef
src/interface/web/app/components/chatInputArea/chatInputArea.tsx	93	const	fileInputButtonRef
src/interface/web/app/components/chatInputArea/chatInputArea.tsx	94	const	researchModeRef
src/interface/web/app/components/chatInputArea/chatInputArea.tsx	120	const	chatInputRef
src/interface/web/app/components/chatInputArea/chatInputArea.tsx	127	const	interval
src/interface/web/app/components/chatInputArea/chatInputArea.tsx	129	const	increment
src/interface/web/app/components/chatInputArea/chatInputArea.tsx	130	const	nextValue
src/interface/web/app/components/chatInputArea/chatInputArea.tsx	155	function	fetchImageData
src/interface/web/app/components/chatInputArea/chatInputArea.tsx	157	const	newImageData
src/interface/web/app/components/chatInputArea/chatInputArea.tsx	159	const	response
src/interface/web/app/components/chatInputArea/chatInputArea.tsx	160	const	blob
src/interface/web/app/components/chatInputArea/chatInputArea.tsx	162	const	reader
src/interface/web/app/components/chatInputArea/chatInputArea.tsx	182	function	onSendMessage
src/interface/web/app/components/chatInputArea/chatInputArea.tsx	207	const	startsWithSlashCommand
src/interface/web/app/components/chatInputArea/chatInputArea.tsx	221	function	handleSlashCommandClick
src/interface/web/app/components/chatInputArea/chatInputArea.tsx	225	function	handleFileButtonClick
src/interface/web/app/components/chatInputArea/chatInputArea.tsx	230	function	handleFileChange
src/interface/web/app/components/chatInputArea/chatInputArea.tsx	236	function	handleDragAndDropFiles
src/interface/web/app/components/chatInputArea/chatInputArea.tsx	245	function	uploadFiles
src/interface/web/app/components/chatInputArea/chatInputArea.tsx	252	const	image_endings
src/interface/web/app/components/chatInputArea/chatInputArea.tsx	253	const	newImagePaths
src/interface/web/app/components/chatInputArea/chatInputArea.tsx	255	const	file
src/interface/web/app/components/chatInputArea/chatInputArea.tsx	256	const	file_extension
src/interface/web/app/components/chatInputArea/chatInputArea.tsx	270	const	nonImageFiles
src/interface/web/app/components/chatInputArea/chatInputArea.tsx	275	const	newFiles
src/interface/web/app/components/chatInputArea/chatInputArea.tsx	290	const	dataTransfer
src/interface/web/app/components/chatInputArea/chatInputArea.tsx	305	function	extractTextFromFiles
src/interface/web/app/components/chatInputArea/chatInputArea.tsx	306	const	formData
src/interface/web/app/components/chatInputArea/chatInputArea.tsx	310	const	response
src/interface/web/app/components/chatInputArea/chatInputArea.tsx	333	function	startRecordingAndTranscribe
src/interface/web/app/components/chatInputArea/chatInputArea.tsx	335	const	microphone
src/interface/web/app/components/chatInputArea/chatInputArea.tsx	336	const	mediaRecorder
src/interface/web/app/components/chatInputArea/chatInputArea.tsx	338	const	audioChunks
src/interface/web/app/components/chatInputArea/chatInputArea.tsx	342	const	audioBlob
src/interface/web/app/components/chatInputArea/chatInputArea.tsx	343	const	formData
src/interface/web/app/components/chatInputArea/chatInputArea.tsx	348	const	response
src/interface/web/app/components/chatInputArea/chatInputArea.tsx	357	const	transcription
src/interface/web/app/components/chatInputArea/chatInputArea.tsx	368	const	audioBlob
src/interface/web/app/components/chatInputArea/chatInputArea.tsx	369	const	formData
src/interface/web/app/components/chatInputArea/chatInputArea.tsx	374	const	response
src/interface/web/app/components/chatInputArea/chatInputArea.tsx	383	const	transcription
src/interface/web/app/components/chatInputArea/chatInputArea.tsx	421	function	handleDragOver
src/interface/web/app/components/chatInputArea/chatInputArea.tsx	426	function	handleDragLeave
src/interface/web/app/components/chatInputArea/chatInputArea.tsx	431	function	removeImageUpload
src/interface/web/app/components/chatInputArea/chatInputArea.tsx	603	const	removeFile
src/interface/web/app/components/chatInputArea/chatInputArea.tsx	605	const	updatedFiles
src/interface/web/app/components/chatInputArea/chatInputArea.tsx	608	const	dataTransfer
src/interface/web/app/components/chatInputArea/chatInputArea.tsx	613	const	filteredConvertedAttachedFiles
src/interface/web/app/components/chatMessage/FileContentSnippet.tsx	5	interface	FileContentSnippetProps
src/interface/web/app/components/chatMessage/FileContentSnippet.tsx	11	function	FileContentSnippet
src/interface/web/app/components/chatMessage/FileContentSnippet.tsx	16	const	lines
src/interface/web/app/components/chatMessage/FileContentSnippet.tsx	19	const	startLine
src/interface/web/app/components/chatMessage/FileContentSnippet.tsx	20	const	endLine
src/interface/web/app/components/chatMessage/FileContentSnippet.tsx	21	const	contextLines
src/interface/web/app/components/chatMessage/FileContentSnippet.tsx	25	const	lineNum
src/interface/web/app/components/chatMessage/FileContentSnippet.tsx	26	const	isTarget
src/interface/web/app/components/chatMessage/FileContentSnippet.tsx	43	const	previewLines
src/interface/web/app/components/chatMessage/chatMessage.tsx	67	const	md
src/interface/web/app/components/chatMessage/chatMessage.tsx	81	interface	Context
src/interface/web/app/components/chatMessage/chatMessage.tsx	86	interface	OnlineContext
src/interface/web/app/components/chatMessage/chatMessage.tsx	90	interface	WebPage
src/interface/web/app/components/chatMessage/chatMessage.tsx	96	interface	OrganicContext
src/interface/web/app/components/chatMessage/chatMessage.tsx	102	interface	PeopleAlsoAsk
src/interface/web/app/components/chatMessage/chatMessage.tsx	109	interface	OnlineContextData
src/interface/web/app/components/chatMessage/chatMessage.tsx	131	interface	CodeContext
src/interface/web/app/components/chatMessage/chatMessage.tsx	135	interface	CodeContextData
src/interface/web/app/components/chatMessage/chatMessage.tsx	146	interface	CodeContextFile
src/interface/web/app/components/chatMessage/chatMessage.tsx	151	interface	Intent
src/interface/web/app/components/chatMessage/chatMessage.tsx	158	interface	TrainOfThoughtObject
src/interface/web/app/components/chatMessage/chatMessage.tsx	163	interface	SingleChatMessage
src/interface/web/app/components/chatMessage/chatMessage.tsx	183	interface	StreamMessage
src/interface/web/app/components/chatMessage/chatMessage.tsx	206	interface	ChatHistoryData
src/interface/web/app/components/chatMessage/chatMessage.tsx	214	function	sendFeedback
src/interface/web/app/components/chatMessage/chatMessage.tsx	224	function	FeedbackButtons
src/interface/web/app/components/chatMessage/chatMessage.tsx	279	interface	ChatMessageProps
src/interface/web/app/components/chatMessage/chatMessage.tsx	296	interface	TrainOfThoughtProps
src/interface/web/app/components/chatMessage/chatMessage.tsx	302	function	chooseIconFromHeader
src/interface/web/app/components/chatMessage/chatMessage.tsx	303	const	compareHeader
src/interface/web/app/components/chatMessage/chatMessage.tsx	304	const	classNames
src/interface/web/app/components/chatMessage/chatMessage.tsx	360	function	TrainOfThought
src/interface/web/app/components/chatMessage/chatMessage.tsx	364	const	iconColor
src/interface/web/app/components/chatMessage/chatMessage.tsx	365	const	icon
src/interface/web/app/components/chatMessage/chatMessage.tsx	371	const	jsonMatch
src/interface/web/app/components/chatMessage/chatMessage.tsx	376	const	screenshotHtmlString
src/interface/web/app/components/chatMessage/chatMessage.tsx	403	function	cleanMermaidChart
src/interface/web/app/components/chatMessage/chatMessage.tsx	417	function	extractMermaidBlocks
src/interface/web/app/components/chatMessage/chatMessage.tsx	418	const	mermaidBlocks
src/interface/web/app/components/chatMessage/chatMessage.tsx	421	const	mermaidRegex
src/interface/web/app/components/chatMessage/chatMessage.tsx	423	const	cleanedContent
src/interface/web/app/components/chatMessage/chatMessage.tsx	424	const	trimmedCode
src/interface/web/app/components/chatMessage/chatMessage.tsx	427	const	cleanedChart
src/interface/web/app/components/chatMessage/chatMessage.tsx	439	const	ChatMessage
src/interface/web/app/components/chatMessage/chatMessage.tsx	465	const	hoverCloseTimeoutRef
src/interface/web/app/components/chatMessage/chatMessage.tsx	467	const	interruptedRef
src/interface/web/app/components/chatMessage/chatMessage.tsx	468	const	messageRef
src/interface/web/app/components/chatMessage/chatMessage.tsx	475	const	observer
src/interface/web/app/components/chatMessage/chatMessage.tsx	539	const	sanitizedImages
src/interface/web/app/components/chatMessage/chatMessage.tsx	540	const	decodedImage
src/interface/web/app/components/chatMessage/chatMessage.tsx	545	const	imagesInMd
src/interface/web/app/components/chatMessage/chatMessage.tsx	550	const	imagesInHtml
src/interface/web/app/components/chatMessage/chatMessage.tsx	555	const	userImagesInHtml
src/interface/web/app/components/chatMessage/chatMessage.tsx	592	const	cleanMarkdown
src/interface/web/app/components/chatMessage/chatMessage.tsx	609	const	preElements
src/interface/web/app/components/chatMessage/chatMessage.tsx	612	const	copyButton
src/interface/web/app/components/chatMessage/chatMessage.tsx	613	const	copyIcon
src/interface/web/app/components/chatMessage/chatMessage.tsx	627	const	copiedIcon
src/interface/web/app/components/chatMessage/chatMessage.tsx	635	const	container
src/interface/web/app/components/chatMessage/chatMessage.tsx	637	const	delegatedPointerDown
src/interface/web/app/components/chatMessage/chatMessage.tsx	638	const	e
src/interface/web/app/components/chatMessage/chatMessage.tsx	639	const	target
src/interface/web/app/components/chatMessage/chatMessage.tsx	640	const	anchor
src/interface/web/app/components/chatMessage/chatMessage.tsx	644	const	path
src/interface/web/app/components/chatMessage/chatMessage.tsx	645	const	line
src/interface/web/app/components/chatMessage/chatMessage.tsx	655	const	delegatedMouseOver
src/interface/web/app/components/chatMessage/chatMessage.tsx	656	const	e
src/interface/web/app/components/chatMessage/chatMessage.tsx	657	const	target
src/interface/web/app/components/chatMessage/chatMessage.tsx	658	const	anchor
src/interface/web/app/components/chatMessage/chatMessage.tsx	662	const	rect
src/interface/web/app/components/chatMessage/chatMessage.tsx	663	const	path
src/interface/web/app/components/chatMessage/chatMessage.tsx	664	const	line
src/interface/web/app/components/chatMessage/chatMessage.tsx	677	const	delegatedMouseOut
src/interface/web/app/components/chatMessage/chatMessage.tsx	678	const	e
src/interface/web/app/components/chatMessage/chatMessage.tsx	679	const	target
src/interface/web/app/components/chatMessage/chatMessage.tsx	680	const	related
src/interface/web/app/components/chatMessage/chatMessage.tsx	681	const	anchor
src/interface/web/app/components/chatMessage/chatMessage.tsx	682	const	stillInsideAnchor
src/interface/web/app/components/chatMessage/chatMessage.tsx	696	const	delegatedKeyDown
src/interface/web/app/components/chatMessage/chatMessage.tsx	697	const	e
src/interface/web/app/components/chatMessage/chatMessage.tsx	698	const	target
src/interface/web/app/components/chatMessage/chatMessage.tsx	699	const	anchor
src/interface/web/app/components/chatMessage/chatMessage.tsx	704	const	path
src/interface/web/app/components/chatMessage/chatMessage.tsx	705	const	line
src/interface/web/app/components/chatMessage/chatMessage.tsx	771	function	formatDate
src/interface/web/app/components/chatMessage/chatMessage.tsx	798	function	renderTimeStamp
src/interface/web/app/components/chatMessage/chatMessage.tsx	802	const	messageDateTime
src/interface/web/app/components/chatMessage/chatMessage.tsx	803	const	currentDateTime
src/interface/web/app/components/chatMessage/chatMessage.tsx	804	const	timeDiff
src/interface/web/app/components/chatMessage/chatMessage.tsx	822	function	constructClasses
src/interface/web/app/components/chatMessage/chatMessage.tsx	839	function	chatMessageWrapperClasses
src/interface/web/app/components/chatMessage/chatMessage.tsx	850	function	playTextToSpeech
src/interface/web/app/components/chatMessage/chatMessage.tsx	857	const	sentenceRegex
src/interface/web/app/components/chatMessage/chatMessage.tsx	858	const	chunks
src/interface/web/app/components/chatMessage/chatMessage.tsx	871	const	currentBlobPromise
src/interface/web/app/components/chatMessage/chatMessage.tsx	877	const	blob
src/interface/web/app/components/chatMessage/chatMessage.tsx	878	const	url
src/interface/web/app/components/chatMessage/chatMessage.tsx	890	function	fetchBlob
src/interface/web/app/components/chatMessage/chatMessage.tsx	891	const	response
src/interface/web/app/components/chatMessage/chatMessage.tsx	905	function	playAudio
src/interface/web/app/components/chatMessage/chatMessage.tsx	907	const	audio
src/interface/web/app/components/chatMessage/chatMessage.tsx	914	const	deleteMessage
src/interface/web/app/components/chatMessage/chatMessage.tsx	915	const	turnId
src/interface/web/app/components/chatMessage/chatMessage.tsx	916	const	response
src/interface/web/app/components/chatMessage/chatMessage.tsx	935	const	allReferences
src/interface/web/app/components/chatMessage/chatMessage.tsx	1175	const	turnId
src/interface/web/app/components/chatMessage/chatMessage.tsx	1176	const	query
src/interface/web/app/components/chatMessage/chatMessage.tsx	1191	const	fallbackQuery
src/interface/web/app/components/chatMessage/fileLinksPlugin.ts	5	function	fileLinksPlugin
src/interface/web/app/components/chatMessage/fileLinksPlugin.ts	7	const	defaultLinkOpenRenderer
src/interface/web/app/components/chatMessage/fileLinksPlugin.ts	15	const	token
src/interface/web/app/components/chatMessage/fileLinksPlugin.ts	16	const	hrefIndex
src/interface/web/app/components/chatMessage/fileLinksPlugin.ts	19	const	href
src/interface/web/app/components/chatMessage/fileLinksPlugin.ts	24	const	filePath
src/interface/web/app/components/chatMessage/fileLinksPlugin.ts	25	const	fileMatch
src/interface/web/app/components/chatMessage/fileLinksPlugin.ts	28	const	actualFilePath
src/interface/web/app/components/chatMessage/fileLinksPlugin.ts	29	const	lineNumber
src/interface/web/app/components/chatMessage/fileLinksPlugin.ts	37	const	classIdx
src/interface/web/app/components/chatMessage/imageValidationPlugin.ts	10	function	isValidImageUrl
src/interface/web/app/components/chatMessage/imageValidationPlugin.ts	15	const	trimmedUrl
src/interface/web/app/components/chatMessage/imageValidationPlugin.ts	41	function	imageValidationPlugin
src/interface/web/app/components/chatMessage/imageValidationPlugin.ts	43	const	defaultImageRenderer
src/interface/web/app/components/chatMessage/imageValidationPlugin.ts	51	const	token
src/interface/web/app/components/chatMessage/imageValidationPlugin.ts	52	const	srcIndex
src/interface/web/app/components/chatMessage/imageValidationPlugin.ts	55	const	src
src/interface/web/app/components/chatMessage/imageValidationPlugin.ts	60	const	altText
src/interface/web/app/components/chatMessage/useFileContent.ts	3	interface	UseFileContentResult
src/interface/web/app/components/chatMessage/useFileContent.ts	10	function	useFileContent
src/interface/web/app/components/chatMessage/useFileContent.ts	17	function	run
src/interface/web/app/components/chatMessage/useFileContent.ts	23	const	resp
src/interface/web/app/components/chatMessage/useFileContent.ts	27	const	data
src/interface/web/app/components/chatSidebar/chatSidebar.tsx	69	interface	ChatSideBarProps
src/interface/web/app/components/chatSidebar/chatSidebar.tsx	77	const	fetcher
src/interface/web/app/components/chatSidebar/chatSidebar.tsx	79	function	ChatSidebar
src/interface/web/app/components/chatSidebar/chatSidebar.tsx	97	interface	IAgentCreationProps
src/interface/web/app/components/chatSidebar/chatSidebar.tsx	104	interface	AgentError
src/interface/web/app/components/chatSidebar/chatSidebar.tsx	108	function	AgentCreationForm
src/interface/web/app/components/chatSidebar/chatSidebar.tsx	109	const	iconOptions
src/interface/web/app/components/chatSidebar/chatSidebar.tsx	110	const	colorOptions
src/interface/web/app/components/chatSidebar/chatSidebar.tsx	122	function	createAgent
src/interface/web/app/components/chatSidebar/chatSidebar.tsx	129	const	data
src/interface/web/app/components/chatSidebar/chatSidebar.tsx	140	const	createAgentUrl
src/interface/web/app/components/chatSidebar/chatSidebar.tsx	324	function	ChatSidebarInternal
src/interface/web/app/components/chatSidebar/chatSidebar.tsx	356	const	isSubscribed
src/interface/web/app/components/chatSidebar/chatSidebar.tsx	358	function	setupAgentData
src/interface/web/app/components/chatSidebar/chatSidebar.tsx	404	const	modelChanged
src/interface/web/app/components/chatSidebar/chatSidebar.tsx	405	const	promptChanged
src/interface/web/app/components/chatSidebar/chatSidebar.tsx	408	const	toolsChanged
src/interface/web/app/components/chatSidebar/chatSidebar.tsx	411	const	modesChanged
src/interface/web/app/components/chatSidebar/chatSidebar.tsx	420	function	isValueChecked
src/interface/web/app/components/chatSidebar/chatSidebar.tsx	424	function	handleCheckToggle
src/interface/web/app/components/chatSidebar/chatSidebar.tsx	432	function	handleCustomPromptChange
src/interface/web/app/components/chatSidebar/chatSidebar.tsx	436	function	handleSave
src/interface/web/app/components/chatSidebar/chatSidebar.tsx	451	const	data
src/interface/web/app/components/chatSidebar/chatSidebar.tsx	461	const	url
src/interface/web/app/components/chatSidebar/chatSidebar.tsx	492	function	handleReset
src/interface/web/app/components/chatSidebar/chatSidebar.tsx	497	function	handleModelSelect
src/interface/web/app/components/chatWoot/ChatwootWidget.tsx	5	function	ChatwootWidget
src/interface/web/app/components/deprecationBanner.tsx	8	const	DISMISS_KEY
src/interface/web/app/components/deprecationBanner.tsx	10	function	DeprecationBanner
src/interface/web/app/components/deprecationBanner.tsx	18	function	dismiss
src/interface/web/app/components/excalidraw/excalidraw.tsx	10	const	ExcalidrawWrapper
src/interface/web/app/components/excalidraw/excalidraw.tsx	14	interface	ExcalidrawComponentProps
src/interface/web/app/components/excalidraw/excalidraw.tsx	18	function	ExcalidrawComponent
src/interface/web/app/components/excalidraw/excalidrawWrapper.tsx	11	const	Excalidraw
src/interface/web/app/components/excalidraw/excalidrawWrapper.tsx	24	interface	ExcalidrawWrapperProps
src/interface/web/app/components/excalidraw/excalidrawWrapper.tsx	28	function	ExcalidrawWrapper
src/interface/web/app/components/excalidraw/excalidrawWrapper.tsx	32	const	isValidExcalidrawElement
src/interface/web/app/components/excalidraw/excalidrawWrapper.tsx	57	const	basicValidSkeletons
src/interface/web/app/components/excalidraw/excalidrawWrapper.tsx	65	const	validSkeletons
src/interface/web/app/components/excalidraw/excalidrawWrapper.tsx	72	const	start
src/interface/web/app/components/excalidraw/excalidrawWrapper.tsx	80	const	end
src/interface/web/app/components/excalidraw/excalidrawWrapper.tsx	94	const	children
src/interface/web/app/components/excalidraw/excalidrawWrapper.tsx	98	const	validChildrenIds
src/interface/web/app/components/excalidraw/excalidrawWrapper.tsx	113	const	elements
src/interface/web/app/components/loading/loading.tsx	9	interface	LoadingProps
src/interface/web/app/components/loading/loading.tsx	15	function	Loading
src/interface/web/app/components/loading/loading.tsx	16	const	isMobileWidth
src/interface/web/app/components/loading/loading.tsx	52	function	InlineLoading
src/interface/web/app/components/loginPrompt/GoogleSignIn.tsx	6	interface	GoogleSignInProps
src/interface/web/app/components/loginPrompt/GoogleSignIn.tsx	10	function	GoogleSignIn
src/interface/web/app/components/loginPrompt/loginPopup.tsx	8	interface	LoginPopupProps
src/interface/web/app/components/loginPrompt/loginPopup.tsx	13	function	LoginPopup
src/interface/web/app/components/loginPrompt/loginPopup.tsx	31	function	PopUpContent
src/interface/web/app/components/loginPrompt/loginPrompt.tsx	32	interface	LoginPromptProps
src/interface/web/app/components/loginPrompt/loginPrompt.tsx	37	const	fetcher
src/interface/web/app/components/loginPrompt/loginPrompt.tsx	39	const	ALLOWED_OTP_ATTEMPTS
src/interface/web/app/components/loginPrompt/loginPrompt.tsx	41	interface	Provider
src/interface/web/app/components/loginPrompt/loginPrompt.tsx	46	interface	CredentialsData
src/interface/web/app/components/loginPrompt/loginPrompt.tsx	50	function	LoginPrompt
src/interface/web/app/components/loginPrompt/loginPrompt.tsx	56	const	google
src/interface/web/app/components/loginPrompt/loginPrompt.tsx	76	const	handleGoogleSignIn
src/interface/web/app/components/loginPrompt/loginPrompt.tsx	80	const	fullRedirectUri
src/interface/web/app/components/loginPrompt/loginPrompt.tsx	82	const	params
src/interface/web/app/components/loginPrompt/loginPrompt.tsx	96	const	handleGoogleScriptLoad
src/interface/web/app/components/loginPrompt/loginPrompt.tsx	97	const	google
src/interface/web/app/components/loginPrompt/loginPrompt.tsx	167	function	EmailSignInContext
src/interface/web/app/components/loginPrompt/loginPrompt.tsx	180	function	checkOTPAndRedirect
src/interface/web/app/components/loginPrompt/loginPrompt.tsx	181	const	verifyUrl
src/interface/web/app/components/loginPrompt/loginPrompt.tsx	220	function	handleMagicLinkSignIn
src/interface/web/app/components/loginPrompt/loginPrompt.tsx	362	function	MainSignInContext
src/interface/web/app/components/loginPrompt/loginPrompt.tsx	377	const	plugin
src/interface/web/app/components/loginPrompt/loginPrompt.tsx	380	const	tips
src/interface/web/app/components/logo/fileLogo.tsx	1	function	OrgMode
src/interface/web/app/components/logo/fileLogo.tsx	2	const	classes
src/interface/web/app/components/logo/khojLogo.tsx	1	function	KhojLogoType
src/interface/web/app/components/logo/khojLogo.tsx	2	const	fillClasses
src/interface/web/app/components/logo/khojLogo.tsx	88	function	KhojLogo
src/interface/web/app/components/logo/khojLogo.tsx	89	const	classes
src/interface/web/app/components/logo/khojLogo.tsx	132	function	KhojSearchLogo
src/interface/web/app/components/logo/khojLogo.tsx	133	const	classes
src/interface/web/app/components/logo/khojLogo.tsx	167	function	KhojAutomationLogo
src/interface/web/app/components/logo/khojLogo.tsx	168	const	classes
src/interface/web/app/components/logo/khojLogo.tsx	214	function	KhojAgentLogo
src/interface/web/app/components/logo/khojLogo.tsx	215	const	classes
src/interface/web/app/components/mermaid/mermaid.tsx	6	interface	MermaidProps
src/interface/web/app/components/mermaid/mermaid.tsx	10	const	Mermaid
src/interface/web/app/components/mermaid/mermaid.tsx	13	const	elementRef
src/interface/web/app/components/mermaid/mermaid.tsx	45	const	handleExport
src/interface/web/app/components/mermaid/mermaid.tsx	50	const	svgElement
src/interface/web/app/components/mermaid/mermaid.tsx	54	const	viewBox
src/interface/web/app/components/mermaid/mermaid.tsx	60	const	canvas
src/interface/web/app/components/mermaid/mermaid.tsx	61	const	scale
src/interface/web/app/components/mermaid/mermaid.tsx	64	const	ctx
src/interface/web/app/components/mermaid/mermaid.tsx	68	const	svgData
src/interface/web/app/components/mermaid/mermaid.tsx	69	const	svgBlob
src/interface/web/app/components/mermaid/mermaid.tsx	70	const	svgUrl
src/interface/web/app/components/mermaid/mermaid.tsx	73	const	img
src/interface/web/app/components/mermaid/mermaid.tsx	88	const	url
src/interface/web/app/components/mermaid/mermaid.tsx	89	const	a
src/interface/web/app/components/navMenu/navMenu.tsx	30	function	SubscriptionBadge
src/interface/web/app/components/navMenu/navMenu.tsx	41	function	VersionBadge
src/interface/web/app/components/navMenu/navMenu.tsx	50	interface	NavMenuProps
src/interface/web/app/components/navMenu/navMenu.tsx	54	function	FooterMenu
src/interface/web/app/components/navMenu/navMenu.tsx	62	const	isMobileWidth
src/interface/web/app/components/navMenu/navMenu.tsx	64	const	menuItems
src/interface/web/app/components/profileCard/profileCard.tsx	7	interface	ProfileCardProps
src/interface/web/app/components/profileCard/profileCard.tsx	14	const	AgentProfileCard
src/interface/web/app/components/providers/themeProvider.tsx	5	function	ThemeProvider
src/interface/web/app/components/referencePanel/referencePanel.tsx	8	const	md
src/interface/web/app/components/referencePanel/referencePanel.tsx	37	interface	NotesContextReferenceData
src/interface/web/app/components/referencePanel/referencePanel.tsx	42	interface	NotesContextReferenceCardProps
src/interface/web/app/components/referencePanel/referencePanel.tsx	46	function	extractSnippet
src/interface/web/app/components/referencePanel/referencePanel.tsx	47	const	hierarchicalFileExtensions
src/interface/web/app/components/referencePanel/referencePanel.tsx	48	const	extension
src/interface/web/app/components/referencePanel/referencePanel.tsx	49	const	cleanContent
src/interface/web/app/components/referencePanel/referencePanel.tsx	57	function	NotesContextReferenceCard
src/interface/web/app/components/referencePanel/referencePanel.tsx	58	const	fileIcon
src/interface/web/app/components/referencePanel/referencePanel.tsx	62	const	fileName
src/interface/web/app/components/referencePanel/referencePanel.tsx	63	const	snippet
src/interface/web/app/components/referencePanel/referencePanel.tsx	112	interface	CodeContextReferenceCardProps
src/interface/web/app/components/referencePanel/referencePanel.tsx	120	function	CodeContextReferenceCard
src/interface/web/app/components/referencePanel/referencePanel.tsx	121	const	fileIcon
src/interface/web/app/components/referencePanel/referencePanel.tsx	122	const	sanitizedCodeSnippet
src/interface/web/app/components/referencePanel/referencePanel.tsx	126	const	handleDownload
src/interface/web/app/components/referencePanel/referencePanel.tsx	139	const	arrayBuffer
src/interface/web/app/components/referencePanel/referencePanel.tsx	140	const	bytes
src/interface/web/app/components/referencePanel/referencePanel.tsx	146	const	blob
src/interface/web/app/components/referencePanel/referencePanel.tsx	147	const	url
src/interface/web/app/components/referencePanel/referencePanel.tsx	148	const	a
src/interface/web/app/components/referencePanel/referencePanel.tsx	157	const	renderOutputFiles
src/interface/web/app/components/referencePanel/referencePanel.tsx	265	interface	CodeReferenceData
src/interface/web/app/components/referencePanel/referencePanel.tsx	272	interface	OnlineReferenceData
src/interface/web/app/components/referencePanel/referencePanel.tsx	278	interface	OnlineReferenceCardProps
src/interface/web/app/components/referencePanel/referencePanel.tsx	282	function	GenericOnlineReferenceCard
src/interface/web/app/components/referencePanel/referencePanel.tsx	299	const	handleMouseEnter
src/interface/web/app/components/referencePanel/referencePanel.tsx	303	const	handleMouseLeave
src/interface/web/app/components/referencePanel/referencePanel.tsx	388	function	constructAllReferences
src/interface/web/app/components/referencePanel/referencePanel.tsx	393	const	onlineReferences
src/interface/web/app/components/referencePanel/referencePanel.tsx	394	const	contextReferences
src/interface/web/app/components/referencePanel/referencePanel.tsx	395	const	codeReferences
src/interface/web/app/components/referencePanel/referencePanel.tsx	471	const	raw
src/interface/web/app/components/referencePanel/referencePanel.tsx	472	const	fileContent
src/interface/web/app/components/referencePanel/referencePanel.tsx	474	const	lines
src/interface/web/app/components/referencePanel/referencePanel.tsx	475	const	title
src/interface/web/app/components/referencePanel/referencePanel.tsx	476	const	content
src/interface/web/app/components/referencePanel/referencePanel.tsx	498	function	formatReferencesAsMarkdown
src/interface/web/app/components/referencePanel/referencePanel.tsx	510	interface	SimpleIconProps
src/interface/web/app/components/referencePanel/referencePanel.tsx	515	function	SimpleIcon
src/interface/web/app/components/referencePanel/referencePanel.tsx	531	const	itemClasses
src/interface/web/app/components/referencePanel/referencePanel.tsx	554	interface	TeaserReferenceSectionProps
src/interface/web/app/components/referencePanel/referencePanel.tsx	561	function	TeaserReferencesSection
src/interface/web/app/components/referencePanel/referencePanel.tsx	562	const	shouldShowShowMoreButton
src/interface/web/app/components/referencePanel/referencePanel.tsx	567	const	numReferences
src/interface/web/app/components/referencePanel/referencePanel.tsx	595	interface	ReferencePanelDataProps
src/interface/web/app/components/referencePanel/referencePanel.tsx	602	function	ReferencePanel
src/interface/web/app/components/referencePanel/referencePanel.tsx	623	const	codeDataToShow
src/interface/web/app/components/referencePanel/referencePanel.tsx	624	const	notesDataToShow
src/interface/web/app/components/referencePanel/referencePanel.tsx	628	const	onlineDataToShow
src/interface/web/app/components/referencePanel/referencePanel.tsx	635	const	copyReferencesToClipboard
src/interface/web/app/components/shareLink/shareLink.tsx	15	interface	ShareLinkProps
src/interface/web/app/components/shareLink/shareLink.tsx	34	function	copyToClipboard
src/interface/web/app/components/shareLink/shareLink.tsx	35	const	clipboard
src/interface/web/app/components/shareLink/shareLink.tsx	42	function	ShareLink
src/interface/web/app/components/suggestions/suggestionCard.tsx	8	interface	StepOneSuggestionCardProps
src/interface/web/app/components/suggestions/suggestionCard.tsx	14	interface	StepOneSuggestionRevertCardProps
src/interface/web/app/components/suggestions/suggestionCard.tsx	18	interface	StepTwoSuggestionCardProps
src/interface/web/app/components/suggestions/suggestionCard.tsx	22	function	StepOneSuggestionCard
src/interface/web/app/components/suggestions/suggestionCard.tsx	23	const	cardClassName
src/interface/web/app/components/suggestions/suggestionCard.tsx	24	const	descriptionClassName
src/interface/web/app/components/suggestions/suggestionCard.tsx	26	const	cardContent
src/interface/web/app/components/suggestions/suggestionCard.tsx	44	function	StepTwoSuggestionCard
src/interface/web/app/components/suggestions/suggestionCard.tsx	45	const	cardClassName
src/interface/web/app/components/suggestions/suggestionCard.tsx	66	function	StepOneSuggestionRevertCard
src/interface/web/app/components/suggestions/suggestionCard.tsx	67	const	cardClassName
src/interface/web/app/components/suggestions/suggestionCard.tsx	68	const	descriptionClassName
src/interface/web/app/components/suggestions/suggestionsData.ts	4	enum	SuggestionType
src/interface/web/app/components/suggestions/suggestionsData.ts	22	interface	StepOneSuggestion
src/interface/web/app/components/suggestions/suggestionsData.ts	30	interface	StepTwoSuggestion
src/interface/web/app/components/suggestions/suggestionsData.ts	34	const	suggestionToColorMap
src/interface/web/app/components/suggestions/suggestionsData.ts	36	function	addSuggestionColorMap
src/interface/web/app/components/suggestions/suggestionsData.ts	56	const	DEFAULT_COLOR
src/interface/web/app/components/suggestions/suggestionsData.ts	58	function	convertSuggestionTitleToIconClass
src/interface/web/app/components/suggestions/suggestionsData.ts	82	const	stepOneSuggestions
src/interface/web/app/components/suggestions/suggestionsData.ts	190	const	stepTwoSuggestion
src/interface/web/app/components/suggestions/suggestionsData.ts	448	function	getStepTwoSuggestions
src/interface/web/app/components/userMemory/userMemory.tsx	7	interface	UserMemorySchema
src/interface/web/app/components/userMemory/userMemory.tsx	13	interface	UserMemoryProps
src/interface/web/app/components/userMemory/userMemory.tsx	19	function	UserMemory
src/interface/web/app/components/userMemory/userMemory.tsx	24	const	handleUpdate
src/interface/web/app/components/userMemory/userMemory.tsx	33	const	handleDelete
src/interface/web/app/fonts.ts	3	const	noto_sans
src/interface/web/app/fonts.ts	9	const	noto_sans_arabic
src/interface/web/app/layout.tsx	8	const	metadata
src/interface/web/app/layout.tsx	46	function	RootLayout
src/interface/web/app/page.tsx	61	const	fetcher
src/interface/web/app/page.tsx	66	interface	ChatBodyDataProps
src/interface/web/app/page.tsx	76	function	AgentCards
src/interface/web/app/page.tsx	174	function	ChatBodyData
src/interface/web/app/page.tsx	190	const	debouncedHoveredAgent
src/interface/web/app/page.tsx	195	const	chatInputRef
src/interface/web/app/page.tsx	197	const	router
src/interface/web/app/page.tsx	198	const	searchParams
src/interface/web/app/page.tsx	199	const	queryParam
src/interface/web/app/page.tsx	213	const	onConversationIdChange
src/interface/web/app/page.tsx	219	const	openAgentEditCard
src/interface/web/app/page.tsx	227	const	today
src/interface/web/app/page.tsx	228	const	day
src/interface/web/app/page.tsx	229	const	timeOfDay
src/interface/web/app/page.tsx	235	const	nameSuffix
src/interface/web/app/page.tsx	236	const	greetings
src/interface/web/app/page.tsx	243	const	greeting
src/interface/web/app/page.tsx	248	const	agents
src/interface/web/app/page.tsx	254	const	agentIcons
src/interface/web/app/page.tsx	258	function	showAllSuggestionsCards
src/interface/web/app/page.tsx	263	const	processMessage
src/interface/web/app/page.tsx	267	const	newConversationId
src/interface/web/app/page.tsx	291	const	scrollAreaSelector
src/interface/web/app/page.tsx	292	const	scrollAreaEl
src/interface/web/app/page.tsx	293	const	handleScroll
src/interface/web/app/page.tsx	303	function	clickStepOneSuggestion
src/interface/web/app/page.tsx	305	const	stepTwoSuggestions
src/interface/web/app/page.tsx	518	function	Home
src/interface/web/app/page.tsx	523	const	isMobileWidth
src/interface/web/app/page.tsx	534	const	handleConversationIdChange
src/interface/web/app/search/layout.tsx	5	const	metadata
src/interface/web/app/search/layout.tsx	29	function	ChildLayout
src/interface/web/app/search/page.tsx	82	interface	AdditionalData
src/interface/web/app/search/page.tsx	89	interface	SearchResult
src/interface/web/app/search/page.tsx	97	interface	FileObject
src/interface/web/app/search/page.tsx	103	function	getNoteTypeIcon
src/interface/web/app/search/page.tsx	113	interface	FileCardProps
src/interface/web/app/search/page.tsx	124	function	FileCard
src/interface/web/app/search/page.tsx	224	interface	NoteResultProps
src/interface/web/app/search/page.tsx	229	function	Note
src/interface/web/app/search/page.tsx	230	const	note
src/interface/web/app/search/page.tsx	231	const	isFileNameURL
src/interface/web/app/search/page.tsx	232	const	fileName
src/interface/web/app/search/page.tsx	271	function	focusNote
src/interface/web/app/search/page.tsx	272	const	isFileNameURL
src/interface/web/app/search/page.tsx	273	const	fileName
src/interface/web/app/search/page.tsx	301	const	UploadFiles
src/interface/web/app/search/page.tsx	310	const	fileInputRef
src/interface/web/app/search/page.tsx	317	const	event
src/interface/web/app/search/page.tsx	323	const	interval
src/interface/web/app/search/page.tsx	325	const	increment
src/interface/web/app/search/page.tsx	326	const	nextValue
src/interface/web/app/search/page.tsx	334	function	handleDragOver
src/interface/web/app/search/page.tsx	339	function	handleDragLeave
src/interface/web/app/search/page.tsx	344	function	handleDragAndDropFiles
src/interface/web/app/search/page.tsx	353	function	openFileInput
src/interface/web/app/search/page.tsx	359	function	handleFileChange
src/interface/web/app/search/page.tsx	365	function	uploadFiles
src/interface/web/app/search/page.tsx	461	interface	FileFilterComboBoxProps
src/interface/web/app/search/page.tsx	469	function	FileFilterComboBox
src/interface/web/app/search/page.tsx	566	function	Search
src/interface/web/app/search/page.tsx	570	const	searchInputRef
src/interface/web/app/search/page.tsx	576	const	searchTimeoutRef
src/interface/web/app/search/page.tsx	587	const	isMobileWidth
src/interface/web/app/search/page.tsx	608	const	fileFilterMatch
src/interface/web/app/search/page.tsx	611	const	extractedFileFilter
src/interface/web/app/search/page.tsx	613	const	extractedFileFilterValue
src/interface/web/app/search/page.tsx	623	function	handleSearchInputChange
src/interface/web/app/search/page.tsx	644	function	applySuggestion
src/interface/web/app/search/page.tsx	646	const	fileFilterRegex
src/interface/web/app/search/page.tsx	647	const	searchQueryWithoutFileFilter
src/interface/web/app/search/page.tsx	650	const	newQuery
src/interface/web/app/search/page.tsx	656	function	search
src/interface/web/app/search/page.tsx	661	const	apiUrl
src/interface/web/app/search/page.tsx	678	const	fetchFiles
src/interface/web/app/search/page.tsx	680	const	url
src/interface/web/app/search/page.tsx	681	const	response
src/interface/web/app/search/page.tsx	684	const	filesData
src/interface/web/app/search/page.tsx	685	const	filesList
src/interface/web/app/search/page.tsx	686	const	totalPages
src/interface/web/app/search/page.tsx	705	const	fetchSpecificFile
src/interface/web/app/search/page.tsx	707	const	response
src/interface/web/app/search/page.tsx	710	const	file
src/interface/web/app/search/page.tsx	718	const	handleDownload
src/interface/web/app/search/page.tsx	719	const	blob
src/interface/web/app/search/page.tsx	720	const	url
src/interface/web/app/search/page.tsx	721	const	a
src/interface/web/app/search/page.tsx	747	const	handleDelete
src/interface/web/app/search/page.tsx	750	const	response
src/interface/web/app/settings/layout.tsx	6	const	metadata
src/interface/web/app/settings/layout.tsx	34	function	ChildLayout
src/interface/web/app/settings/page.tsx	98	interface	DropdownComponentProps
src/interface/web/app/settings/page.tsx	105	const	DropdownComponent
src/interface/web/app/settings/page.tsx	157	interface	TokenObject
src/interface/web/app/settings/page.tsx	162	const	useApiKeys
src/interface/web/app/settings/page.tsx	166	const	generateAPIKey
src/interface/web/app/settings/page.tsx	168	const	response
src/interface/web/app/settings/page.tsx	174	const	tokenObj
src/interface/web/app/settings/page.tsx	181	const	copyAPIKey
src/interface/web/app/settings/page.tsx	193	const	deleteAPIKey
src/interface/web/app/settings/page.tsx	195	const	response
src/interface/web/app/settings/page.tsx	204	const	listApiKeys
src/interface/web/app/settings/page.tsx	206	const	response
src/interface/web/app/settings/page.tsx	207	const	tokens
src/interface/web/app/settings/page.tsx	228	function	ApiKeyCard
src/interface/web/app/settings/page.tsx	272	const	next
src/interface/web/app/settings/page.tsx	323	enum	PhoneNumberValidationState
src/interface/web/app/settings/page.tsx	330	function	SettingsView
src/interface/web/app/settings/page.tsx	348	const	isMobileWidth
src/interface/web/app/settings/page.tsx	350	const	title
src/interface/web/app/settings/page.tsx	352	const	cardClassName
src/interface/web/app/settings/page.tsx	371	const	sendOTP
src/interface/web/app/settings/page.tsx	373	const	response
src/interface/web/app/settings/page.tsx	391	const	verifyOTP
src/interface/web/app/settings/page.tsx	393	const	response
src/interface/web/app/settings/page.tsx	415	const	disconnectNumber
src/interface/web/app/settings/page.tsx	417	const	response
src/interface/web/app/settings/page.tsx	441	const	setSubscription
src/interface/web/app/settings/page.tsx	443	const	url
src/interface/web/app/settings/page.tsx	444	const	response
src/interface/web/app/settings/page.tsx	482	const	saveName
src/interface/web/app/settings/page.tsx	485	const	response
src/interface/web/app/settings/page.tsx	514	const	updateModel
src/interface/web/app/settings/page.tsx	516	const	modelOptions
src/interface/web/app/settings/page.tsx	523	const	selectedModel
src/interface/web/app/settings/page.tsx	524	const	modelName
src/interface/web/app/settings/page.tsx	537	const	response
src/interface/web/app/settings/page.tsx	559	const	exportChats
src/interface/web/app/settings/page.tsx	564	const	statsResponse
src/interface/web/app/settings/page.tsx	565	const	stats
src/interface/web/app/settings/page.tsx	566	const	total
src/interface/web/app/settings/page.tsx	570	const	zip
src/interface/web/app/settings/page.tsx	571	const	conversations
src/interface/web/app/settings/page.tsx	575	const	response
src/interface/web/app/settings/page.tsx	576	const	data
src/interface/web/app/settings/page.tsx	587	const	content
src/interface/web/app/settings/page.tsx	609	const	saveNotionToken
src/interface/web/app/settings/page.tsx	613	const	response
src/interface/web/app/settings/page.tsx	643	const	fetchMemories
src/interface/web/app/settings/page.tsx	646	const	response
src/interface/web/app/settings/page.tsx	648	const	data
src/interface/web/app/settings/page.tsx	660	const	handleDeleteMemory
src/interface/web/app/settings/page.tsx	662	const	response
src/interface/web/app/settings/page.tsx	677	const	handleUpdateMemory
src/interface/web/app/settings/page.tsx	679	const	response
src/interface/web/app/settings/page.tsx	687	const	updatedMemory
src/interface/web/app/settings/page.tsx	701	const	handleToggleMemory
src/interface/web/app/settings/page.tsx	703	const	response
src/interface/web/app/settings/page.tsx	725	const	syncContent
src/interface/web/app/settings/page.tsx	727	const	response
src/interface/web/app/settings/page.tsx	748	const	disconnectContent
src/interface/web/app/settings/page.tsx	750	const	response
src/interface/web/app/settings/page.tsx	1394	const	response
src/interface/web/app/share/chat/layout.tsx	4	const	metadata
src/interface/web/app/share/chat/layout.tsx	34	function	ChildLayout
src/interface/web/app/share/chat/page.tsx	30	interface	ChatBodyDataProps
src/interface/web/app/share/chat/page.tsx	44	function	UnshareButton
src/interface/web/app/share/chat/page.tsx	45	const	handleUnshare
src/interface/web/app/share/chat/page.tsx	47	const	response
src/interface/web/app/share/chat/page.tsx	75	function	ChatBodyData
src/interface/web/app/share/chat/page.tsx	80	const	chatInputRef
src/interface/web/app/share/chat/page.tsx	82	const	setQueryToProcess
src/interface/web/app/share/chat/page.tsx	83	const	streamedMessages
src/interface/web/app/share/chat/page.tsx	85	const	chatHistoryCustomClassName
src/interface/web/app/share/chat/page.tsx	89	const	encodedImages
src/interface/web/app/share/chat/page.tsx	154	function	SharedChat
src/interface/web/app/share/chat/page.tsx	171	const	isMobileWidth
src/interface/web/components/trainOfThoughtVideoPlayer/trainOfThoughtVideoPlayer.tsx	7	interface	TrainOfThoughtFrame
src/interface/web/components/trainOfThoughtVideoPlayer/trainOfThoughtVideoPlayer.tsx	13	interface	TrainOfThoughtVideoPlayerProps
src/interface/web/components/trainOfThoughtVideoPlayer/trainOfThoughtVideoPlayer.tsx	19	function	TrainOfThoughtVideoPlayer
src/interface/web/components/trainOfThoughtVideoPlayer/trainOfThoughtVideoPlayer.tsx	27	const	intervalRef
src/interface/web/components/trainOfThoughtVideoPlayer/trainOfThoughtVideoPlayer.tsx	41	const	next
src/interface/web/components/trainOfThoughtVideoPlayer/trainOfThoughtVideoPlayer.tsx	63	const	currentFrame
src/interface/web/components/trainOfThoughtVideoPlayer/trainOfThoughtVideoPlayer.tsx	65	const	handleSeek
src/interface/web/components/trainOfThoughtVideoPlayer/trainOfThoughtVideoPlayer.tsx	71	const	handlePlay
src/interface/web/components/trainOfThoughtVideoPlayer/trainOfThoughtVideoPlayer.tsx	76	const	handlePrevious
src/interface/web/components/trainOfThoughtVideoPlayer/trainOfThoughtVideoPlayer.tsx	84	const	handleNext
src/interface/web/components/trainOfThoughtVideoPlayer/trainOfThoughtVideoPlayer.tsx	92	const	handleAutoTrack
src/interface/web/components/ui/alert-dialog.tsx	9	const	AlertDialog
src/interface/web/components/ui/alert-dialog.tsx	11	const	AlertDialogTrigger
src/interface/web/components/ui/alert-dialog.tsx	13	const	AlertDialogPortal
src/interface/web/components/ui/alert-dialog.tsx	15	const	AlertDialogOverlay
src/interface/web/components/ui/alert-dialog.tsx	30	const	AlertDialogContent
src/interface/web/components/ui/alert-dialog.tsx	48	const	AlertDialogHeader
src/interface/web/components/ui/alert-dialog.tsx	53	const	AlertDialogFooter
src/interface/web/components/ui/alert-dialog.tsx	61	const	AlertDialogTitle
src/interface/web/components/ui/alert-dialog.tsx	73	const	AlertDialogDescription
src/interface/web/components/ui/alert-dialog.tsx	85	const	AlertDialogAction
src/interface/web/components/ui/alert-dialog.tsx	93	const	AlertDialogCancel
src/interface/web/components/ui/alert.tsx	6	const	alertVariants
src/interface/web/components/ui/alert.tsx	22	const	Alert
src/interface/web/components/ui/alert.tsx	30	const	AlertTitle
src/interface/web/components/ui/alert.tsx	41	const	AlertDescription
src/interface/web/components/ui/avatar.tsx	8	const	Avatar
src/interface/web/components/ui/avatar.tsx	20	const	AvatarImage
src/interface/web/components/ui/avatar.tsx	32	const	AvatarFallback
src/interface/web/components/ui/button.tsx	7	const	buttonVariants
src/interface/web/components/ui/button.tsx	34	interface	ButtonProps
src/interface/web/components/ui/button.tsx	40	const	Button
src/interface/web/components/ui/button.tsx	42	const	Comp
src/interface/web/components/ui/card.tsx	5	const	Card
src/interface/web/components/ui/card.tsx	16	const	CardHeader
src/interface/web/components/ui/card.tsx	23	const	CardTitle
src/interface/web/components/ui/card.tsx	34	const	CardDescription
src/interface/web/components/ui/card.tsx	42	const	CardContent
src/interface/web/components/ui/card.tsx	49	const	CardFooter
src/interface/web/components/ui/carousel.tsx	10	type	CarouselApi
src/interface/web/components/ui/carousel.tsx	11	type	UseCarouselParameters
src/interface/web/components/ui/carousel.tsx	12	type	CarouselOptions
src/interface/web/components/ui/carousel.tsx	13	type	CarouselPlugin
src/interface/web/components/ui/carousel.tsx	15	type	CarouselProps
src/interface/web/components/ui/carousel.tsx	22	type	CarouselContextProps
src/interface/web/components/ui/carousel.tsx	31	const	CarouselContext
src/interface/web/components/ui/carousel.tsx	33	function	useCarousel
src/interface/web/components/ui/carousel.tsx	34	const	context
src/interface/web/components/ui/carousel.tsx	43	const	Carousel
src/interface/web/components/ui/carousel.tsx	57	const	onSelect
src/interface/web/components/ui/carousel.tsx	66	const	scrollPrev
src/interface/web/components/ui/carousel.tsx	70	const	scrollNext
src/interface/web/components/ui/carousel.tsx	74	const	handleKeyDown
src/interface/web/components/ui/carousel.tsx	137	const	CarouselContent
src/interface/web/components/ui/carousel.tsx	158	const	CarouselItem
src/interface/web/components/ui/carousel.tsx	179	const	CarouselPrevious
src/interface/web/components/ui/carousel.tsx	207	const	CarouselNext
src/interface/web/components/ui/carousel.tsx	236	type	CarouselApi
src/interface/web/components/ui/checkbox.tsx	9	const	Checkbox
src/interface/web/components/ui/collapsible.tsx	5	const	Collapsible
src/interface/web/components/ui/collapsible.tsx	7	const	CollapsibleTrigger
src/interface/web/components/ui/collapsible.tsx	9	const	CollapsibleContent
src/interface/web/components/ui/command.tsx	11	const	Command
src/interface/web/components/ui/command.tsx	26	interface	CommandDialogProps
src/interface/web/components/ui/command.tsx	28	const	CommandDialog
src/interface/web/components/ui/command.tsx	40	const	CommandInput
src/interface/web/components/ui/command.tsx	59	const	CommandList
src/interface/web/components/ui/command.tsx	72	const	CommandEmpty
src/interface/web/components/ui/command.tsx	81	const	CommandGroup
src/interface/web/components/ui/command.tsx	97	const	CommandSeparator
src/interface/web/components/ui/command.tsx	109	const	CommandItem
src/interface/web/components/ui/command.tsx	125	const	CommandShortcut
src/interface/web/components/ui/dialog.tsx	9	const	Dialog
src/interface/web/components/ui/dialog.tsx	11	const	DialogTrigger
src/interface/web/components/ui/dialog.tsx	13	const	DialogPortal
src/interface/web/components/ui/dialog.tsx	15	const	DialogClose
src/interface/web/components/ui/dialog.tsx	17	const	DialogOverlay
src/interface/web/components/ui/dialog.tsx	32	const	DialogContent
src/interface/web/components/ui/dialog.tsx	56	const	DialogHeader
src/interface/web/components/ui/dialog.tsx	64	const	DialogFooter
src/interface/web/components/ui/dialog.tsx	72	const	DialogTitle
src/interface/web/components/ui/dialog.tsx	84	const	DialogDescription
src/interface/web/components/ui/drawer.tsx	8	const	Drawer
src/interface/web/components/ui/drawer.tsx	16	const	DrawerTrigger
src/interface/web/components/ui/drawer.tsx	18	const	DrawerPortal
src/interface/web/components/ui/drawer.tsx	20	const	DrawerClose
src/interface/web/components/ui/drawer.tsx	22	const	DrawerOverlay
src/interface/web/components/ui/drawer.tsx	34	const	DrawerContent
src/interface/web/components/ui/drawer.tsx	55	const	DrawerHeader
src/interface/web/components/ui/drawer.tsx	60	const	DrawerFooter
src/interface/web/components/ui/drawer.tsx	65	const	DrawerTitle
src/interface/web/components/ui/drawer.tsx	77	const	DrawerDescription
src/interface/web/components/ui/dropdown-menu.tsx	9	const	DropdownMenu
src/interface/web/components/ui/dropdown-menu.tsx	11	const	DropdownMenuTrigger
src/interface/web/components/ui/dropdown-menu.tsx	13	const	DropdownMenuGroup
src/interface/web/components/ui/dropdown-menu.tsx	15	const	DropdownMenuPortal
src/interface/web/components/ui/dropdown-menu.tsx	17	const	DropdownMenuSub
src/interface/web/components/ui/dropdown-menu.tsx	19	const	DropdownMenuRadioGroup
src/interface/web/components/ui/dropdown-menu.tsx	21	const	DropdownMenuSubTrigger
src/interface/web/components/ui/dropdown-menu.tsx	42	const	DropdownMenuSubContent
src/interface/web/components/ui/dropdown-menu.tsx	57	const	DropdownMenuContent
src/interface/web/components/ui/dropdown-menu.tsx	75	const	DropdownMenuItem
src/interface/web/components/ui/dropdown-menu.tsx	93	const	DropdownMenuCheckboxItem
src/interface/web/components/ui/dropdown-menu.tsx	116	const	DropdownMenuRadioItem
src/interface/web/components/ui/dropdown-menu.tsx	138	const	DropdownMenuLabel
src/interface/web/components/ui/dropdown-menu.tsx	152	const	DropdownMenuSeparator
src/interface/web/components/ui/dropdown-menu.tsx	164	const	DropdownMenuShortcut
src/interface/web/components/ui/form.tsx	18	const	Form
src/interface/web/components/ui/form.tsx	20	type	FormFieldContextValue
src/interface/web/components/ui/form.tsx	27	const	FormFieldContext
src/interface/web/components/ui/form.tsx	29	const	FormField
src/interface/web/components/ui/form.tsx	42	const	useFormField
src/interface/web/components/ui/form.tsx	43	const	fieldContext
src/interface/web/components/ui/form.tsx	44	const	itemContext
src/interface/web/components/ui/form.tsx	47	const	fieldState
src/interface/web/components/ui/form.tsx	65	type	FormItemContextValue
src/interface/web/components/ui/form.tsx	69	const	FormItemContext
src/interface/web/components/ui/form.tsx	71	const	FormItem
src/interface/web/components/ui/form.tsx	73	const	id
src/interface/web/components/ui/form.tsx	84	const	FormLabel
src/interface/web/components/ui/form.tsx	101	const	FormControl
src/interface/web/components/ui/form.tsx	121	const	FormDescription
src/interface/web/components/ui/form.tsx	138	const	FormMessage
src/interface/web/components/ui/form.tsx	143	const	body
src/interface/web/components/ui/hover-card.tsx	8	const	HoverCard
src/interface/web/components/ui/hover-card.tsx	10	const	HoverCardTrigger
src/interface/web/components/ui/hover-card.tsx	12	const	HoverCardContent
src/interface/web/components/ui/input-otp.tsx	9	const	InputOTP
src/interface/web/components/ui/input-otp.tsx	25	const	InputOTPGroup
src/interface/web/components/ui/input-otp.tsx	33	const	InputOTPSlot
src/interface/web/components/ui/input-otp.tsx	37	const	inputOTPContext
src/interface/web/components/ui/input-otp.tsx	61	const	InputOTPSeparator
src/interface/web/components/ui/input.tsx	5	const	Input
src/interface/web/components/ui/label.tsx	9	const	labelVariants
src/interface/web/components/ui/label.tsx	13	const	Label
src/interface/web/components/ui/menubar.tsx	9	const	MenubarMenu
src/interface/web/components/ui/menubar.tsx	11	const	MenubarGroup
src/interface/web/components/ui/menubar.tsx	13	const	MenubarPortal
src/interface/web/components/ui/menubar.tsx	15	const	MenubarSub
src/interface/web/components/ui/menubar.tsx	17	const	MenubarRadioGroup
src/interface/web/components/ui/menubar.tsx	19	const	Menubar
src/interface/web/components/ui/menubar.tsx	34	const	MenubarTrigger
src/interface/web/components/ui/menubar.tsx	49	const	MenubarSubTrigger
src/interface/web/components/ui/menubar.tsx	70	const	MenubarSubContent
src/interface/web/components/ui/menubar.tsx	85	const	MenubarContent
src/interface/web/components/ui/menubar.tsx	105	const	MenubarItem
src/interface/web/components/ui/menubar.tsx	123	const	MenubarCheckboxItem
src/interface/web/components/ui/menubar.tsx	146	const	MenubarRadioItem
src/interface/web/components/ui/menubar.tsx	168	const	MenubarLabel
src/interface/web/components/ui/menubar.tsx	182	const	MenubarSeparator
src/interface/web/components/ui/menubar.tsx	194	const	MenubarShortcut
src/interface/web/components/ui/navigation-menu.tsx	8	const	NavigationMenu
src/interface/web/components/ui/navigation-menu.tsx	23	const	NavigationMenuList
src/interface/web/components/ui/navigation-menu.tsx	38	const	NavigationMenuItem
src/interface/web/components/ui/navigation-menu.tsx	40	const	navigationMenuTriggerStyle
src/interface/web/components/ui/navigation-menu.tsx	44	const	NavigationMenuTrigger
src/interface/web/components/ui/navigation-menu.tsx	62	const	NavigationMenuContent
src/interface/web/components/ui/navigation-menu.tsx	77	const	NavigationMenuLink
src/interface/web/components/ui/navigation-menu.tsx	79	const	NavigationMenuViewport
src/interface/web/components/ui/navigation-menu.tsx	96	const	NavigationMenuIndicator
src/interface/web/components/ui/pagination.tsx	7	const	Pagination
src/interface/web/components/ui/pagination.tsx	17	const	PaginationContent
src/interface/web/components/ui/pagination.tsx	24	const	PaginationItem
src/interface/web/components/ui/pagination.tsx	29	type	PaginationLinkProps
src/interface/web/components/ui/pagination.tsx	34	const	PaginationLink
src/interface/web/components/ui/pagination.tsx	50	const	PaginationPrevious
src/interface/web/components/ui/pagination.tsx	66	const	PaginationNext
src/interface/web/components/ui/pagination.tsx	79	const	PaginationEllipsis
src/interface/web/components/ui/popover.tsx	8	const	Popover
src/interface/web/components/ui/popover.tsx	10	const	PopoverTrigger
src/interface/web/components/ui/popover.tsx	12	const	PopoverContent
src/interface/web/components/ui/progress.tsx	8	interface	ProgressProps
src/interface/web/components/ui/progress.tsx	12	const	Progress
src/interface/web/components/ui/scroll-area.tsx	8	const	ScrollArea
src/interface/web/components/ui/scroll-area.tsx	26	const	ScrollBar
src/interface/web/components/ui/select.tsx	9	const	Select
src/interface/web/components/ui/select.tsx	11	const	SelectGroup
src/interface/web/components/ui/select.tsx	13	const	SelectValue
src/interface/web/components/ui/select.tsx	15	const	SelectTrigger
src/interface/web/components/ui/select.tsx	35	const	SelectScrollUpButton
src/interface/web/components/ui/select.tsx	49	const	SelectScrollDownButton
src/interface/web/components/ui/select.tsx	63	const	SelectContent
src/interface/web/components/ui/select.tsx	95	const	SelectLabel
src/interface/web/components/ui/select.tsx	107	const	SelectItem
src/interface/web/components/ui/select.tsx	130	const	SelectSeparator
src/interface/web/components/ui/separator.tsx	8	const	Separator
src/interface/web/components/ui/sheet.tsx	10	const	Sheet
src/interface/web/components/ui/sheet.tsx	12	const	SheetTrigger
src/interface/web/components/ui/sheet.tsx	14	const	SheetClose
src/interface/web/components/ui/sheet.tsx	16	const	SheetPortal
src/interface/web/components/ui/sheet.tsx	18	const	SheetOverlay
src/interface/web/components/ui/sheet.tsx	33	const	sheetVariants
src/interface/web/components/ui/sheet.tsx	50	interface	SheetContentProps
src/interface/web/components/ui/sheet.tsx	54	const	SheetContent
src/interface/web/components/ui/sheet.tsx	75	const	SheetHeader
src/interface/web/components/ui/sheet.tsx	80	const	SheetFooter
src/interface/web/components/ui/sheet.tsx	88	const	SheetTitle
src/interface/web/components/ui/sheet.tsx	100	const	SheetDescription
src/interface/web/components/ui/sidebar.tsx	17	const	SIDEBAR_COOKIE_NAME
src/interface/web/components/ui/sidebar.tsx	18	const	SIDEBAR_COOKIE_MAX_AGE
src/interface/web/components/ui/sidebar.tsx	19	const	SIDEBAR_WIDTH
src/interface/web/components/ui/sidebar.tsx	20	const	SIDEBAR_WIDTH_MOBILE
src/interface/web/components/ui/sidebar.tsx	21	const	SIDEBAR_WIDTH_ICON
src/interface/web/components/ui/sidebar.tsx	22	const	SIDEBAR_KEYBOARD_SHORTCUT
src/interface/web/components/ui/sidebar.tsx	24	type	SidebarContext
src/interface/web/components/ui/sidebar.tsx	34	const	SidebarContext
src/interface/web/components/ui/sidebar.tsx	36	function	useSidebar
src/interface/web/components/ui/sidebar.tsx	37	const	context
src/interface/web/components/ui/sidebar.tsx	45	const	SidebarProvider
src/interface/web/components/ui/sidebar.tsx	65	const	isMobile
src/interface/web/components/ui/sidebar.tsx	71	const	open
src/interface/web/components/ui/sidebar.tsx	72	const	setOpen
src/interface/web/components/ui/sidebar.tsx	74	const	openState
src/interface/web/components/ui/sidebar.tsx	88	const	toggleSidebar
src/interface/web/components/ui/sidebar.tsx	94	const	handleKeyDown
src/interface/web/components/ui/sidebar.tsx	107	const	state
src/interface/web/components/ui/sidebar.tsx	109	const	contextValue
src/interface/web/components/ui/sidebar.tsx	149	const	Sidebar
src/interface/web/components/ui/sidebar.tsx	252	const	SidebarTrigger
src/interface/web/components/ui/sidebar.tsx	278	const	SidebarRail
src/interface/web/components/ui/sidebar.tsx	306	const	SidebarInset
src/interface/web/components/ui/sidebar.tsx	323	const	SidebarInput
src/interface/web/components/ui/sidebar.tsx	341	const	SidebarHeader
src/interface/web/components/ui/sidebar.tsx	355	const	SidebarFooter
src/interface/web/components/ui/sidebar.tsx	369	const	SidebarSeparator
src/interface/web/components/ui/sidebar.tsx	384	const	SidebarContent
src/interface/web/components/ui/sidebar.tsx	401	const	SidebarGroup
src/interface/web/components/ui/sidebar.tsx	415	const	SidebarGroupLabel
src/interface/web/components/ui/sidebar.tsx	419	const	Comp
src/interface/web/components/ui/sidebar.tsx	436	const	SidebarGroupAction
src/interface/web/components/ui/sidebar.tsx	440	const	Comp
src/interface/web/components/ui/sidebar.tsx	459	const	SidebarGroupContent
src/interface/web/components/ui/sidebar.tsx	471	const	SidebarMenu
src/interface/web/components/ui/sidebar.tsx	483	const	SidebarMenuItem
src/interface/web/components/ui/sidebar.tsx	495	const	sidebarMenuButtonVariants
src/interface/web/components/ui/sidebar.tsx	517	const	SidebarMenuButton
src/interface/web/components/ui/sidebar.tsx	537	const	Comp
src/interface/web/components/ui/sidebar.tsx	540	const	button
src/interface/web/components/ui/sidebar.tsx	576	const	SidebarMenuAction
src/interface/web/components/ui/sidebar.tsx	583	const	Comp
src/interface/web/components/ui/sidebar.tsx	607	const	SidebarMenuBadge
src/interface/web/components/ui/sidebar.tsx	627	const	SidebarMenuSkeleton
src/interface/web/components/ui/sidebar.tsx	634	const	width
src/interface/web/components/ui/sidebar.tsx	662	const	SidebarMenuSub
src/interface/web/components/ui/sidebar.tsx	678	const	SidebarMenuSubItem
src/interface/web/components/ui/sidebar.tsx	683	const	SidebarMenuSubButton
src/interface/web/components/ui/sidebar.tsx	691	const	Comp
src/interface/web/components/ui/skeleton.tsx	3	function	Skeleton
src/interface/web/components/ui/switch.tsx	8	const	Switch
src/interface/web/components/ui/table.tsx	5	const	Table
src/interface/web/components/ui/table.tsx	18	const	TableHeader
src/interface/web/components/ui/table.tsx	26	const	TableBody
src/interface/web/components/ui/table.tsx	34	const	TableFooter
src/interface/web/components/ui/table.tsx	46	const	TableRow
src/interface/web/components/ui/table.tsx	60	const	TableHead
src/interface/web/components/ui/table.tsx	75	const	TableCell
src/interface/web/components/ui/table.tsx	87	const	TableCaption
src/interface/web/components/ui/tabs.tsx	8	const	Tabs
src/interface/web/components/ui/tabs.tsx	10	const	TabsList
src/interface/web/components/ui/tabs.tsx	25	const	TabsTrigger
src/interface/web/components/ui/tabs.tsx	40	const	TabsContent
src/interface/web/components/ui/textarea.tsx	5	interface	TextareaProps
src/interface/web/components/ui/textarea.tsx	7	const	Textarea
src/interface/web/components/ui/toast.tsx	10	const	ToastProvider
src/interface/web/components/ui/toast.tsx	12	const	ToastViewport
src/interface/web/components/ui/toast.tsx	27	const	toastVariants
src/interface/web/components/ui/toast.tsx	43	const	Toast
src/interface/web/components/ui/toast.tsx	57	const	ToastAction
src/interface/web/components/ui/toast.tsx	72	const	ToastClose
src/interface/web/components/ui/toast.tsx	90	const	ToastTitle
src/interface/web/components/ui/toast.tsx	102	const	ToastDescription
src/interface/web/components/ui/toast.tsx	114	type	ToastProps
src/interface/web/components/ui/toast.tsx	116	type	ToastActionElement
src/interface/web/components/ui/toast.tsx	119	type	ToastProps
src/interface/web/components/ui/toast.tsx	120	type	ToastActionElement
src/interface/web/components/ui/toaster.tsx	13	function	Toaster
src/interface/web/components/ui/toggle.tsx	9	const	toggleVariants
src/interface/web/components/ui/toggle.tsx	31	const	Toggle
src/interface/web/components/ui/tooltip.tsx	8	const	TooltipProvider
src/interface/web/components/ui/tooltip.tsx	10	const	Tooltip
src/interface/web/components/ui/tooltip.tsx	12	const	TooltipTrigger
src/interface/web/components/ui/tooltip.tsx	14	const	TooltipContent
src/interface/web/components/ui/use-toast.ts	8	const	TOAST_LIMIT
src/interface/web/components/ui/use-toast.ts	9	const	TOAST_REMOVE_DELAY
src/interface/web/components/ui/use-toast.ts	11	type	ToasterToast
src/interface/web/components/ui/use-toast.ts	18	const	actionTypes
src/interface/web/components/ui/use-toast.ts	27	function	genId
src/interface/web/components/ui/use-toast.ts	32	type	ActionType
src/interface/web/components/ui/use-toast.ts	34	type	Action
src/interface/web/components/ui/use-toast.ts	52	interface	State
src/interface/web/components/ui/use-toast.ts	56	const	toastTimeouts
src/interface/web/components/ui/use-toast.ts	58	const	addToRemoveQueue
src/interface/web/components/ui/use-toast.ts	63	const	timeout
src/interface/web/components/ui/use-toast.ts	74	const	reducer
src/interface/web/components/ui/use-toast.ts	129	const	listeners
src/interface/web/components/ui/use-toast.ts	133	function	dispatch
src/interface/web/components/ui/use-toast.ts	140	type	Toast
src/interface/web/components/ui/use-toast.ts	142	function	toast
src/interface/web/components/ui/use-toast.ts	143	const	id
src/interface/web/components/ui/use-toast.ts	145	const	update
src/interface/web/components/ui/use-toast.ts	150	const	dismiss
src/interface/web/components/ui/use-toast.ts	171	function	useToast
src/interface/web/components/ui/use-toast.ts	177	const	index
src/interface/web/hooks/use-mobile.tsx	3	const	MOBILE_BREAKPOINT
src/interface/web/hooks/use-mobile.tsx	5	function	useIsMobile
src/interface/web/hooks/use-mobile.tsx	9	const	mql
src/interface/web/hooks/use-mobile.tsx	10	const	onChange
src/interface/web/image-loader.ts	1	function	khojLoader
src/interface/web/lib/utils.ts	4	function	cn
src/interface/web/next.config.mjs	3	const	isProd
src/interface/web/next.config.mjs	5	const	nextConfig
src/interface/web/tailwind.config.ts	3	const	config
src/khoj/app/settings.py	161	def	cleanup_pgserver
src/khoj/configure.py	62	class	AuthenticatedKhojUser
src/khoj/configure.py	63	def	__init__
src/khoj/configure.py	69	class	AsyncCloseConnectionsMiddleware
src/khoj/configure.py	85	def	dispatch
src/khoj/configure.py	98	class	UserAuthenticationBackend
src/khoj/configure.py	99	def	__init__
src/khoj/configure.py	109	def	_initialize_default_user
src/khoj/configure.py	119	def	authenticate
src/khoj/configure.py	233	def	clean_connections
src/khoj/configure.py	241	def	func_wrapper
src/khoj/configure.py	253	def	initialize_server
src/khoj/configure.py	299	def	setup_default_agent
src/khoj/configure.py	303	def	initialize_content
src/khoj/configure.py	319	def	configure_routes
src/khoj/configure.py	360	def	configure_middleware
src/khoj/configure.py	361	class	NextJsMiddleware
src/khoj/configure.py	362	def	__call__
src/khoj/configure.py	367	def	__init__
src/khoj/configure.py	371	class	SuppressClientDisconnectMiddleware
src/khoj/configure.py	372	def	dispatch
src/khoj/configure.py	381	class	ServerErrorMiddleware
src/khoj/configure.py	382	def	dispatch
src/khoj/configure.py	409	def	update_content_index
src/khoj/configure.py	419	def	update_content_index_regularly
src/khoj/configure.py	425	def	configure_search_types
src/khoj/configure.py	435	def	upload_telemetry
src/khoj/configure.py	461	def	delete_old_user_requests
src/khoj/configure.py	470	def	wakeup_scheduler
src/khoj/database/adapters/__init__.py	94	class	SubscriptionState
src/khoj/database/adapters/__init__.py	106	def	require_valid_user
src/khoj/database/adapters/__init__.py	108	def	sync_wrapper
src/khoj/database/adapters/__init__.py	123	def	arequire_valid_user
src/khoj/database/adapters/__init__.py	125	def	async_wrapper
src/khoj/database/adapters/__init__.py	141	def	set_notion_config
src/khoj/database/adapters/__init__.py	152	def	create_khoj_token
src/khoj/database/adapters/__init__.py	160	def	acreate_khoj_token
src/khoj/database/adapters/__init__.py	168	def	get_khoj_tokens
src/khoj/database/adapters/__init__.py	174	def	delete_khoj_token
src/khoj/database/adapters/__init__.py	179	def	get_or_create_user
src/khoj/database/adapters/__init__.py	186	def	aget_or_create_user_by_phone_number
src/khoj/database/adapters/__init__.py	198	def	aset_user_phone_number
src/khoj/database/adapters/__init__.py	222	def	aremove_phone_number
src/khoj/database/adapters/__init__.py	229	def	acreate_user_by_phone_number
src/khoj/database/adapters/__init__.py	244	def	aget_or_create_user_by_email
src/khoj/database/adapters/__init__.py	269	def	aget_user_validated_by_email_verification_code
src/khoj/database/adapters/__init__.py	289	def	create_user_by_google_token
src/khoj/database/adapters/__init__.py	316	def	set_user_name
src/khoj/database/adapters/__init__.py	324	def	get_user_name
src/khoj/database/adapters/__init__.py	336	def	get_user_photo
src/khoj/database/adapters/__init__.py	344	def	get_user_subscription
src/khoj/database/adapters/__init__.py	348	def	set_user_subscription
src/khoj/database/adapters/__init__.py	369	def	subscription_to_state
src/khoj/database/adapters/__init__.py	400	def	get_user_subscription_state
src/khoj/database/adapters/__init__.py	409	def	aget_user_subscription_state
src/khoj/database/adapters/__init__.py	418	def	ais_user_subscribed
src/khoj/database/adapters/__init__.py	435	def	is_user_subscribed
src/khoj/database/adapters/__init__.py	451	def	aget_user_by_email
src/khoj/database/adapters/__init__.py	455	def	get_user_by_email
src/khoj/database/adapters/__init__.py	459	def	aget_user_by_uuid
src/khoj/database/adapters/__init__.py	463	def	get_user_by_token
src/khoj/database/adapters/__init__.py	470	def	aget_user_by_phone_number
src/khoj/database/adapters/__init__.py	489	def	retrieve_user
src/khoj/database/adapters/__init__.py	500	def	get_all_users
src/khoj/database/adapters/__init__.py	505	def	get_user_github_config
src/khoj/database/adapters/__init__.py	511	def	get_user_notion_config
src/khoj/database/adapters/__init__.py	516	def	delete_user_requests
src/khoj/database/adapters/__init__.py	523	def	delete_ratelimit_records
src/khoj/database/adapters/__init__.py	531	def	aget_user_name
src/khoj/database/adapters/__init__.py	543	def	set_user_github_config
src/khoj/database/adapters/__init__.py	560	def	get_default_search_model
src/khoj/database/adapters/__init__.py	570	def	aget_default_search_model
src/khoj/database/adapters/__init__.py	580	def	get_or_create_search_models
src/khoj/database/adapters/__init__.py	589	class	ProcessLockAdapters
src/khoj/database/adapters/__init__.py	591	def	get_process_lock
src/khoj/database/adapters/__init__.py	595	def	set_process_lock
src/khoj/database/adapters/__init__.py	599	def	is_process_locked_by_name
src/khoj/database/adapters/__init__.py	606	def	is_process_locked
src/khoj/database/adapters/__init__.py	620	def	remove_process_lock
src/khoj/database/adapters/__init__.py	624	def	run_with_lock
src/khoj/database/adapters/__init__.py	659	def	run_with_process_lock
src/khoj/database/adapters/__init__.py	666	class	ClientApplicationAdapters
src/khoj/database/adapters/__init__.py	668	def	aget_client_application_by_id
src/khoj/database/adapters/__init__.py	672	class	AgentAdapters
src/khoj/database/adapters/__init__.py	677	def	aget_readonly_agent_by_slug
src/khoj/database/adapters/__init__.py	693	def	adelete_agent_by_slug
src/khoj/database/adapters/__init__.py	706	def	aget_agent_by_slug
src/khoj/database/adapters/__init__.py	716	def	aget_agent_by_name
src/khoj/database/adapters/__init__.py	726	def	get_agent_by_slug
src/khoj/database/adapters/__init__.py	734	def	get_all_accessible_agents
src/khoj/database/adapters/__init__.py	755	def	aget_all_accessible_agents
src/khoj/database/adapters/__init__.py	760	def	ais_agent_accessible
src/khoj/database/adapters/__init__.py	772	def	aget_conversation_agent_by_id
src/khoj/database/adapters/__init__.py	780	def	get_default_agent
src/khoj/database/adapters/__init__.py	784	def	create_default_agent
src/khoj/database/adapters/__init__.py	818	def	aget_default_agent
src/khoj/database/adapters/__init__.py	822	def	get_agent_chat_model
src/khoj/database/adapters/__init__.py	842	def	aget_agent_chat_model
src/khoj/database/adapters/__init__.py	848	def	atomic_update_agent
src/khoj/database/adapters/__init__.py	914	def	aupdate_agent
src/khoj/database/adapters/__init__.py	953	def	aupdate_hidden_agent
src/khoj/database/adapters/__init__.py	982	class	PublicConversationAdapters
src/khoj/database/adapters/__init__.py	984	def	get_public_conversation_by_slug
src/khoj/database/adapters/__init__.py	988	def	get_public_conversation_url
src/khoj/database/adapters/__init__.py	993	def	delete_public_conversation_by_slug
src/khoj/database/adapters/__init__.py	997	class	ConversationAdapters
src/khoj/database/adapters/__init__.py	999	def	make_public_conversation_copy
src/khoj/database/adapters/__init__.py	1010	def	get_conversation_by_user
src/khoj/database/adapters/__init__.py	1029	def	get_all_conversations_for_export
src/khoj/database/adapters/__init__.py	1046	def	get_num_conversations
src/khoj/database/adapters/__init__.py	1051	def	get_conversation_sessions
src/khoj/database/adapters/__init__.py	1060	def	aset_conversation_title
src/khoj/database/adapters/__init__.py	1073	def	get_conversation_by_id
src/khoj/database/adapters/__init__.py	1078	def	acreate_conversation_session
src/khoj/database/adapters/__init__.py	1095	def	create_conversation_session
src/khoj/database/adapters/__init__.py	1108	def	aget_conversation_by_user
src/khoj/database/adapters/__init__.py	1135	def	adelete_conversation_by_user
src/khoj/database/adapters/__init__.py	1144	def	has_any_chat_model
src/khoj/database/adapters/__init__.py	1148	def	get_all_chat_models
src/khoj/database/adapters/__init__.py	1152	def	aget_all_chat_models
src/khoj/database/adapters/__init__.py	1156	def	aget_vision_enabled_config
src/khoj/database/adapters/__init__.py	1164	def	get_ai_model_api
src/khoj/database/adapters/__init__.py	1168	def	has_valid_ai_model_api
src/khoj/database/adapters/__init__.py	1173	def	aset_user_conversation_processor
src/khoj/database/adapters/__init__.py	1182	def	aset_user_voice_model
src/khoj/database/adapters/__init__.py	1190	def	get_chat_model
src/khoj/database/adapters/__init__.py	1207	def	aget_chat_model
src/khoj/database/adapters/__init__.py	1228	def	get_chat_model_by_name
src/khoj/database/adapters/__init__.py	1234	def	aget_chat_model_by_name
src/khoj/database/adapters/__init__.py	1240	def	aget_chat_model_by_friendly_name
src/khoj/database/adapters/__init__.py	1248	def	aget_voice_model_config
src/khoj/database/adapters/__init__.py	1255	def	get_voice_model_options
src/khoj/database/adapters/__init__.py	1259	def	get_voice_model_config
src/khoj/database/adapters/__init__.py	1266	def	get_default_chat_model
src/khoj/database/adapters/__init__.py	1289	def	aget_default_chat_model
src/khoj/database/adapters/__init__.py	1367	def	get_advanced_chat_model
src/khoj/database/adapters/__init__.py	1374	def	aget_advanced_chat_model
src/khoj/database/adapters/__init__.py	1385	def	set_default_chat_model
src/khoj/database/adapters/__init__.py	1395	def	get_max_context_size
src/khoj/database/adapters/__init__.py	1405	def	aget_max_context_size
src/khoj/database/adapters/__init__.py	1415	def	aget_chat_models_with_fallbacks
src/khoj/database/adapters/__init__.py	1451	def	aget_chat_model_slot
src/khoj/database/adapters/__init__.py	1480	def	aget_server_webscraper
src/khoj/database/adapters/__init__.py	1487	def	aget_enabled_webscrapers
src/khoj/database/adapters/__init__.py	1544	def	create_conversation_from_public_conversation
src/khoj/database/adapters/__init__.py	1561	def	save_conversation
src/khoj/database/adapters/__init__.py	1598	def	get_conversation_processor_options
src/khoj/database/adapters/__init__.py	1602	def	set_user_chat_model
src/khoj/database/adapters/__init__.py	1608	def	aget_user_chat_model
src/khoj/database/adapters/__init__.py	1617	def	ais_memory_enabled
src/khoj/database/adapters/__init__.py	1656	def	is_memory_enabled
src/khoj/database/adapters/__init__.py	1696	def	get_speech_to_text_config
src/khoj/database/adapters/__init__.py	1701	def	aget_conversation_starters
src/khoj/database/adapters/__init__.py	1719	def	aget_valid_chat_model
src/khoj/database/adapters/__init__.py	1749	def	aget_text_to_image_model_config
src/khoj/database/adapters/__init__.py	1753	def	get_text_to_image_model_config
src/khoj/database/adapters/__init__.py	1757	def	get_text_to_image_model_options
src/khoj/database/adapters/__init__.py	1761	def	get_user_text_to_image_model_config
src/khoj/database/adapters/__init__.py	1771	def	aget_user_text_to_image_model
src/khoj/database/adapters/__init__.py	1786	def	aset_user_text_to_image_model
src/khoj/database/adapters/__init__.py	1796	def	add_files_to_filter
src/khoj/database/adapters/__init__.py	1812	def	remove_files_from_filter
src/khoj/database/adapters/__init__.py	1829	def	delete_message_by_turn_id
src/khoj/database/adapters/__init__.py	1841	class	FileObjectAdapters
src/khoj/database/adapters/__init__.py	1843	def	update_raw_text
src/khoj/database/adapters/__init__.py	1850	def	create_file_object
src/khoj/database/adapters/__init__.py	1856	def	get_file_object_by_name
src/khoj/database/adapters/__init__.py	1861	def	get_all_file_objects
src/khoj/database/adapters/__init__.py	1866	def	delete_file_object_by_name
src/khoj/database/adapters/__init__.py	1871	def	delete_all_file_objects
src/khoj/database/adapters/__init__.py	1875	def	aupdate_raw_text
src/khoj/database/adapters/__init__.py	1882	def	acreate_file_object
src/khoj/database/adapters/__init__.py	1888	def	aget_file_objects_by_name
src/khoj/database/adapters/__init__.py	1893	def	aget_file_objects_by_path_prefix
src/khoj/database/adapters/__init__.py	1901	def	aget_file_objects_by_names
src/khoj/database/adapters/__init__.py	1906	def	aget_all_file_objects
src/khoj/database/adapters/__init__.py	1912	def	aget_number_of_pages
src/khoj/database/adapters/__init__.py	1918	def	adelete_file_object_by_name
src/khoj/database/adapters/__init__.py	1923	def	adelete_file_objects_by_names
src/khoj/database/adapters/__init__.py	1928	def	adelete_all_file_objects
src/khoj/database/adapters/__init__.py	1933	def	aget_file_objects_by_regex
src/khoj/database/adapters/__init__.py	1944	class	EntryAdapters
src/khoj/database/adapters/__init__.py	1951	def	does_entry_exist
src/khoj/database/adapters/__init__.py	1956	def	delete_entry_by_file
src/khoj/database/adapters/__init__.py	1962	def	get_filtered_entries
src/khoj/database/adapters/__init__.py	1975	def	delete_all_entries
src/khoj/database/adapters/__init__.py	1987	def	adelete_all_entries
src/khoj/database/adapters/__init__.py	1999	def	get_existing_entry_hashes_by_file
src/khoj/database/adapters/__init__.py	2004	def	delete_entry_by_hash
src/khoj/database/adapters/__init__.py	2008	def	get_entries_by_date_filter
src/khoj/database/adapters/__init__.py	2016	def	user_has_entries
src/khoj/database/adapters/__init__.py	2020	def	agent_has_entries
src/khoj/database/adapters/__init__.py	2025	def	auser_has_entries
src/khoj/database/adapters/__init__.py	2029	def	aagent_has_entries
src/khoj/database/adapters/__init__.py	2036	def	adelete_entry_by_file
src/khoj/database/adapters/__init__.py	2041	def	adelete_entries_by_filenames
src/khoj/database/adapters/__init__.py	2051	def	aget_agent_entry_filepaths
src/khoj/database/adapters/__init__.py	2060	def	get_all_filenames_by_source
src/khoj/database/adapters/__init__.py	2069	def	get_all_filenames_by_type
src/khoj/database/adapters/__init__.py	2078	def	get_size_of_indexed_data_in_mb
src/khoj/database/adapters/__init__.py	2084	def	apply_filters
src/khoj/database/adapters/__init__.py	2144	def	search_with_embeddings
src/khoj/database/adapters/__init__.py	2176	def	get_unique_file_types
src/khoj/database/adapters/__init__.py	2181	def	get_unique_file_sources
src/khoj/database/adapters/__init__.py	2185	class	AutomationAdapters
src/khoj/database/adapters/__init__.py	2187	def	get_automations
src/khoj/database/adapters/__init__.py	2194	def	get_automation_metadata
src/khoj/database/adapters/__init__.py	2215	def	get_job_last_run
src/khoj/database/adapters/__init__.py	2232	def	get_automations_metadata
src/khoj/database/adapters/__init__.py	2237	def	get_automation
src/khoj/database/adapters/__init__.py	2250	def	aget_automation
src/khoj/database/adapters/__init__.py	2263	def	delete_automation
src/khoj/database/adapters/__init__.py	2274	class	McpServerAdapters
src/khoj/database/adapters/__init__.py	2276	def	aget_all_mcp_servers
src/khoj/database/adapters/__init__.py	2286	class	UserMemoryAdapters
src/khoj/database/adapters/__init__.py	2289	def	pull_memories
src/khoj/database/adapters/__init__.py	2305	def	save_memory
src/khoj/database/adapters/__init__.py	2326	def	search_memories
src/khoj/database/adapters/__init__.py	2351	def	delete_memory
src/khoj/database/adapters/__init__.py	2363	def	to_dict
src/khoj/database/admin.py	46	class	KhojDjangoJobAdmin
src/khoj/database/admin.py	56	def	job_info
src/khoj/database/admin.py	62	def	get_search_results
src/khoj/database/admin.py	70	class	KhojDjangoJobExecutionAdmin
src/khoj/database/admin.py	80	class	GroupAdmin
src/khoj/database/admin.py	84	class	UserAdmin
src/khoj/database/admin.py	88	class	KhojUserAdmin
src/khoj/database/admin.py	89	class	DateJoinedAfterFilter
src/khoj/database/admin.py	93	def	lookups
src/khoj/database/admin.py	101	def	queryset
src/khoj/database/admin.py	108	class	HasGoogleAuthFilter
src/khoj/database/admin.py	112	def	lookups
src/khoj/database/admin.py	115	def	queryset
src/khoj/database/admin.py	157	def	get_email_login_url
src/khoj/database/admin.py	190	class	McpServerAdmin
src/khoj/database/admin.py	200	class	AgentAdmin
src/khoj/database/admin.py	211	class	EntryAdmin
src/khoj/database/admin.py	233	class	KhojUserSubscription
src/khoj/database/admin.py	245	class	ChatModelAdmin
src/khoj/database/admin.py	257	class	TextToImageModelOptionsAdmin
src/khoj/database/admin.py	268	class	AiModelApiAdmin
src/khoj/database/admin.py	279	class	SearchModelConfigAdmin
src/khoj/database/admin.py	290	class	ServerChatSettingsAdmin
src/khoj/database/admin.py	306	class	WebScraperAdmin
src/khoj/database/admin.py	320	class	ConversationAdmin
src/khoj/database/admin.py	334	def	export_selected_objects
src/khoj/database/admin.py	365	def	export_selected_minimal_objects
src/khoj/database/admin.py	408	def	get_actions
src/khoj/database/admin.py	419	class	UserConversationConfigAdmin
src/khoj/database/admin.py	429	def	get_user_email
src/khoj/database/admin.py	435	def	get_chat_model
src/khoj/database/admin.py	441	def	get_subscription_type
src/khoj/database/apps.py	4	class	DatabaseConfig
src/khoj/database/management/commands/change_default_model.py	19	class	Command
src/khoj/database/management/commands/change_default_model.py	22	def	add_arguments
src/khoj/database/management/commands/change_default_model.py	38	def	handle
src/khoj/database/management/commands/change_default_model.py	40	def	regenerate_entries
src/khoj/database/management/commands/change_generated_images_url.py	8	class	Command
src/khoj/database/management/commands/change_generated_images_url.py	11	def	add_arguments
src/khoj/database/management/commands/change_generated_images_url.py	28	def	handle
src/khoj/database/management/commands/convert_images_png_to_webp.py	11	class	Command
src/khoj/database/management/commands/convert_images_png_to_webp.py	14	def	add_arguments
src/khoj/database/management/commands/convert_images_png_to_webp.py	22	def	handle
src/khoj/database/management/commands/delete_orphaned_fileobjects.py	7	class	Command
src/khoj/database/management/commands/delete_orphaned_fileobjects.py	10	def	add_arguments
src/khoj/database/management/commands/delete_orphaned_fileobjects.py	17	def	handle
src/khoj/database/management/commands/manage_memories.py	19	class	Command
src/khoj/database/management/commands/manage_memories.py	22	def	add_arguments
src/khoj/database/management/commands/manage_memories.py	61	def	handle
src/khoj/database/management/commands/manage_memories.py	66	def	async_handle
src/khoj/database/management/commands/manage_memories.py	160	def	get_users_to_process
src/khoj/database/management/commands/manage_memories.py	171	def	get_user_conversations
src/khoj/database/management/commands/manage_memories.py	187	def	process_conversation_batch
src/khoj/database/management/commands/manage_memories.py	200	def	get_messages
src/khoj/database/management/commands/manage_memories.py	209	def	get_agent
src/khoj/database/management/commands/manage_memories.py	255	def	load_agent_with_chat_model
src/khoj/database/management/commands/manage_memories.py	304	def	get_or_create_checkpoint
src/khoj/database/management/commands/manage_memories.py	318	def	update_checkpoint
src/khoj/database/management/commands/manage_memories.py	336	def	clear_checkpoint
src/khoj/database/management/commands/manage_memories.py	341	def	handle_delete_memories
src/khoj/database/migrations/0001_khojuser.py	9	class	Migration
src/khoj/database/migrations/0002_googleuser.py	8	class	Migration
src/khoj/database/migrations/0003_vector_extension.py	5	class	Migration
src/khoj/database/migrations/0004_content_types_and_more.py	11	class	Migration
src/khoj/database/migrations/0005_embeddings_corpus_id.py	8	class	Migration
src/khoj/database/migrations/0006_embeddingsdates.py	7	class	Migration
src/khoj/database/migrations/0007_add_conversation.py	8	class	Migration
src/khoj/database/migrations/0008_alter_conversation_conversation_log.py	6	class	Migration
src/khoj/database/migrations/0009_khojapiuser.py	8	class	Migration
src/khoj/database/migrations/0010_chatmodeloptions_and_more.py	8	class	Migration
src/khoj/database/migrations/0010_rename_embeddings_entry_and_more.py	6	class	Migration
src/khoj/database/migrations/0011_merge_20231102_0138.py	8	class	Migration
src/khoj/database/migrations/0012_entry_file_source.py	6	class	Migration
src/khoj/database/migrations/0013_subscription.py	8	class	Migration
src/khoj/database/migrations/0014_alter_googleuser_picture.py	6	class	Migration
src/khoj/database/migrations/0015_alter_subscription_user.py	8	class	Migration
src/khoj/database/migrations/0016_alter_subscription_renewal_date.py	6	class	Migration
src/khoj/database/migrations/0017_searchmodel.py	6	class	Migration
src/khoj/database/migrations/0018_searchmodelconfig_delete_searchmodel.py	6	class	Migration
src/khoj/database/migrations/0019_alter_googleuser_family_name_and_more.py	6	class	Migration
src/khoj/database/migrations/0020_reflectivequestion.py	8	class	Migration
src/khoj/database/migrations/0021_speechtotextmodeloptions_and_more.py	6	class	Migration
src/khoj/database/migrations/0022_texttoimagemodelconfig.py	6	class	Migration
src/khoj/database/migrations/0023_usersearchmodelconfig.py	8	class	Migration
src/khoj/database/migrations/0024_alter_entry_embeddings.py	7	class	Migration
src/khoj/database/migrations/0025_clientapplication_khojuser_phone_number_and_more.py	8	class	Migration
src/khoj/database/migrations/0025_searchmodelconfig_embeddings_inference_endpoint_and_more.py	6	class	Migration
src/khoj/database/migrations/0026_searchmodelconfig_cross_encoder_inference_endpoint_and_more.py	6	class	Migration
src/khoj/database/migrations/0027_merge_20240118_1324.py	7	class	Migration
src/khoj/database/migrations/0028_khojuser_verified_phone_number.py	6	class	Migration
src/khoj/database/migrations/0029_userrequests.py	8	class	Migration
src/khoj/database/migrations/0030_conversation_slug_and_title.py	6	def	set_default_slug
src/khoj/database/migrations/0030_conversation_slug_and_title.py	14	def	reverse_set_default_slug
src/khoj/database/migrations/0030_conversation_slug_and_title.py	21	class	Migration
src/khoj/database/migrations/0031_agent_conversation_agent.py	8	class	Migration
src/khoj/database/migrations/0031_alter_googleuser_locale.py	6	def	set_default_locale
src/khoj/database/migrations/0031_alter_googleuser_locale.py	10	def	reverse_set_default_locale
src/khoj/database/migrations/0031_alter_googleuser_locale.py	18	class	Migration
src/khoj/database/migrations/0032_merge_20240322_0427.py	8	class	Migration
src/khoj/database/migrations/0033_rename_tuning_agent_personality.py	6	class	Migration
src/khoj/database/migrations/0034_alter_chatmodeloptions_chat_model.py	6	def	update_chat_model
src/khoj/database/migrations/0034_alter_chatmodeloptions_chat_model.py	13	def	reverse_update_chat_model
src/khoj/database/migrations/0034_alter_chatmodeloptions_chat_model.py	20	class	Migration
src/khoj/database/migrations/0035_processlock.py	6	class	Migration
src/khoj/database/migrations/0036_alter_processlock_name.py	6	class	Migration
src/khoj/database/migrations/0036_delete_offlinechatprocessorconversationconfig.py	6	class	Migration
src/khoj/database/migrations/0036_publicconversation.py	8	class	Migration
src/khoj/database/migrations/0037_chatmodeloptions_openai_config_and_more.py	7	def	attach_openai_config
src/khoj/database/migrations/0037_chatmodeloptions_openai_config_and_more.py	18	def	separate_openai_config
src/khoj/database/migrations/0037_chatmodeloptions_openai_config_and_more.py	22	class	Migration
src/khoj/database/migrations/0037_searchmodelconfig_bi_encoder_docs_encode_config_and_more.py	6	class	Migration
src/khoj/database/migrations/0038_merge_20240425_0857.py	8	class	Migration
src/khoj/database/migrations/0038_merge_20240426_1640.py	6	class	Migration
src/khoj/database/migrations/0039_merge_20240501_0301.py	6	class	Migration
src/khoj/database/migrations/0040_alter_processlock_name.py	6	class	Migration
src/khoj/database/migrations/0040_alter_processlock_name.py	7	def	delete_all_existing_process_locks
src/khoj/database/migrations/0040_merge_20240504_1010.py	8	class	Migration
src/khoj/database/migrations/0041_merge_20240505_1234.py	8	class	Migration
src/khoj/database/migrations/0042_serverchatsettings.py	7	class	Migration
src/khoj/database/migrations/0043_alter_chatmodeloptions_model_type.py	6	class	Migration
src/khoj/database/migrations/0044_conversation_file_filters.py	6	class	Migration
src/khoj/database/migrations/0045_fileobject.py	8	class	Migration
src/khoj/database/migrations/0046_khojuser_email_verification_code_and_more.py	6	class	Migration
src/khoj/database/migrations/0047_alter_entry_file_type.py	6	class	Migration
src/khoj/database/migrations/0048_voicemodeloption_uservoicemodelconfig.py	8	class	Migration
src/khoj/database/migrations/0049_datastore.py	8	class	Migration
src/khoj/database/migrations/0049_texttoimagemodelconfig_api_key_and_more.py	8	class	Migration
src/khoj/database/migrations/0050_alter_processlock_name.py	6	class	Migration
src/khoj/database/migrations/0051_merge_20240702_1220.py	8	class	Migration
src/khoj/database/migrations/0052_alter_searchmodelconfig_bi_encoder_docs_encode_config_and_more.py	6	class	Migration
src/khoj/database/migrations/0053_agent_style_color_agent_style_icon.py	6	class	Migration
src/khoj/database/migrations/0054_alter_agent_style_color.py	6	class	Migration
src/khoj/database/migrations/0055_alter_agent_style_icon.py	6	class	Migration
src/khoj/database/migrations/0056_chatmodeloptions_vision_enabled.py	6	class	Migration
src/khoj/database/migrations/0056_searchmodelconfig_cross_encoder_model_config.py	6	class	Migration
src/khoj/database/migrations/0057_merge_20240816_1409.py	8	class	Migration
src/khoj/database/migrations/0057_remove_serverchatsettings_default_model_and_more.py	7	class	Migration
src/khoj/database/migrations/0058_alter_chatmodeloptions_chat_model.py	6	class	Migration
src/khoj/database/migrations/0059_searchmodelconfig_bi_encoder_confidence_threshold.py	6	class	Migration
src/khoj/database/migrations/0060_merge_20240905_1828.py	8	class	Migration
src/khoj/database/migrations/0061_alter_chatmodeloptions_model_type.py	6	class	Migration
src/khoj/database/migrations/0061_alter_texttoimagemodelconfig_model_type.py	6	class	Migration
src/khoj/database/migrations/0062_merge_20240913_0222.py	8	class	Migration
src/khoj/database/migrations/0063_conversation_temp_id.py	8	def	create_uuid
src/khoj/database/migrations/0063_conversation_temp_id.py	15	def	remove_uuid
src/khoj/database/migrations/0063_conversation_temp_id.py	19	class	Migration
src/khoj/database/migrations/0064_remove_conversation_temp_id_alter_conversation_id.py	10	def	reverse_remove_bigint_id
src/khoj/database/migrations/0064_remove_conversation_temp_id_alter_conversation_id.py	19	def	update_conversation_id_in_job_state
src/khoj/database/migrations/0064_remove_conversation_temp_id_alter_conversation_id.py	48	def	no_op
src/khoj/database/migrations/0064_remove_conversation_temp_id_alter_conversation_id.py	52	def	disable_triggers
src/khoj/database/migrations/0064_remove_conversation_temp_id_alter_conversation_id.py	56	def	enable_triggers
src/khoj/database/migrations/0064_remove_conversation_temp_id_alter_conversation_id.py	60	class	Migration
src/khoj/database/migrations/0065_remove_agent_avatar_remove_agent_public_and_more.py	7	class	Migration
src/khoj/database/migrations/0066_remove_agent_tools_agent_input_tools_and_more.py	7	class	Migration
src/khoj/database/migrations/0067_alter_agent_style_icon.py	6	class	Migration
src/khoj/database/migrations/0068_alter_agent_output_modes.py	7	class	Migration
src/khoj/database/migrations/0069_webscraper_serverchatsettings_web_scraper.py	7	class	Migration
src/khoj/database/migrations/0070_alter_agent_input_tools_alter_agent_output_modes.py	7	class	Migration
src/khoj/database/migrations/0071_subscription_enabled_trial_at_and_more.py	6	def	set_enabled_trial_at
src/khoj/database/migrations/0071_subscription_enabled_trial_at_and_more.py	13	class	Migration
src/khoj/database/migrations/0072_entry_search_model.py	7	class	Migration
src/khoj/database/migrations/0073_delete_usersearchmodelconfig.py	6	class	Migration
src/khoj/database/migrations/0074_alter_conversation_title.py	6	class	Migration
src/khoj/database/migrations/0075_migrate_generated_assets_and_validate.py	8	def	migrate_generated_assets
src/khoj/database/migrations/0075_migrate_generated_assets_and_validate.py	43	def	reverse_migration
src/khoj/database/migrations/0075_migrate_generated_assets_and_validate.py	78	class	Migration
src/khoj/database/migrations/0076_rename_openaiprocessorconversationconfig_aimodelapi_and_more.py	6	class	Migration
src/khoj/database/migrations/0077_chatmodel_alter_agent_chat_model_and_more.py	7	class	Migration
src/khoj/database/migrations/0078_khojuser_email_verification_code_expiry.py	6	class	Migration
src/khoj/database/migrations/0079_entry_file_object.py	7	def	migrate_entry_objects
src/khoj/database/migrations/0079_entry_file_object.py	48	def	reverse_migration
src/khoj/database/migrations/0079_entry_file_object.py	52	class	Migration
src/khoj/database/migrations/0079_searchmodelconfig_embeddings_inference_endpoint_type.py	6	def	set_endpoint_type
src/khoj/database/migrations/0079_searchmodelconfig_embeddings_inference_endpoint_type.py	13	class	Migration
src/khoj/database/migrations/0080_speechtotextmodeloptions_ai_model_api.py	7	class	Migration
src/khoj/database/migrations/0081_agent_is_hidden_chatmodel_description_and_more.py	6	class	Migration
src/khoj/database/migrations/0081_merge_20250120_1633.py	8	class	Migration
src/khoj/database/migrations/0082_merge_20250121_1842.py	7	class	Migration
src/khoj/database/migrations/0083_alter_agent_output_modes_alter_agent_personality_and_more.py	7	class	Migration
src/khoj/database/migrations/0084_alter_agent_input_tools.py	7	class	Migration
src/khoj/database/migrations/0085_alter_agent_output_modes.py	7	class	Migration
src/khoj/database/migrations/0086_alter_texttoimagemodelconfig_model_type.py	6	class	Migration
src/khoj/database/migrations/0087_alter_aimodelapi_api_key.py	6	class	Migration
src/khoj/database/migrations/0088_ratelimitrecord.py	6	class	Migration
src/khoj/database/migrations/0089_chatmodel_price_tier_and_more.py	6	class	Migration
src/khoj/database/migrations/0090_alter_khojuser_uuid.py	8	def	fix_malformed_uuids
src/khoj/database/migrations/0090_alter_khojuser_uuid.py	42	def	cleanup_orphaned_automations
src/khoj/database/migrations/0090_alter_khojuser_uuid.py	85	def	is_valid_uuid
src/khoj/database/migrations/0090_alter_khojuser_uuid.py	94	class	Migration
src/khoj/database/migrations/0091_chatmodel_friendly_name_and_more.py	6	def	initialize_friendly_names
src/khoj/database/migrations/0091_chatmodel_friendly_name_and_more.py	22	class	Migration
src/khoj/database/migrations/0092_alter_chatmodel_model_type_alter_chatmodel_name_and_more.py	6	class	Migration
src/khoj/database/migrations/0093_remove_localorgconfig_user_and_more.py	6	class	Migration
src/khoj/database/migrations/0094_serverchatsettings_think_free_deep_and_more.py	7	class	Migration
src/khoj/database/migrations/0095_alter_webscraper_type.py	6	class	Migration
src/khoj/database/migrations/0096_mcpserver.py	6	class	Migration
src/khoj/database/migrations/0097_serverchatsettings_priority.py	6	class	Migration
src/khoj/database/migrations/0098_alter_texttoimagemodelconfig_model_type.py	6	def	delete_stability_configs
src/khoj/database/migrations/0098_alter_texttoimagemodelconfig_model_type.py	11	class	Migration
src/khoj/database/migrations/0099_usermemory.py	9	class	Migration
src/khoj/database/models/__init__.py	23	class	Context
src/khoj/database/models/__init__.py	30	def	set_uri_fallback
src/khoj/database/models/__init__.py	43	class	CodeContextFile
src/khoj/database/models/__init__.py	48	class	CodeContextResult
src/khoj/database/models/__init__.py	56	class	CodeContextData
src/khoj/database/models/__init__.py	61	class	WebPage
src/khoj/database/models/__init__.py	67	class	AnswerBox
src/khoj/database/models/__init__.py	74	class	PeopleAlsoAsk
src/khoj/database/models/__init__.py	81	class	KnowledgeGraph
src/khoj/database/models/__init__.py	91	class	OrganicContext
src/khoj/database/models/__init__.py	97	class	OnlineContext
src/khoj/database/models/__init__.py	105	class	Intent
src/khoj/database/models/__init__.py	112	class	TrainOfThought
src/khoj/database/models/__init__.py	117	class	ChatMessageModel
src/khoj/database/models/__init__.py	136	class	DbBaseModel
src/khoj/database/models/__init__.py	140	class	Meta
src/khoj/database/models/__init__.py	144	class	ClientApplication
src/khoj/database/models/__init__.py	149	def	__str__
src/khoj/database/models/__init__.py	153	class	KhojUser
src/khoj/database/models/__init__.py	161	def	save
src/khoj/database/models/__init__.py	166	def	__str__
src/khoj/database/models/__init__.py	170	class	GoogleUser
src/khoj/database/models/__init__.py	181	def	__str__
src/khoj/database/models/__init__.py	185	class	KhojApiUser
src/khoj/database/models/__init__.py	194	class	Subscription
src/khoj/database/models/__init__.py	195	class	Type
src/khoj/database/models/__init__.py	206	class	AiModelApi
src/khoj/database/models/__init__.py	211	def	__str__
src/khoj/database/models/__init__.py	215	class	PriceTier
src/khoj/database/models/__init__.py	220	class	ChatModel
src/khoj/database/models/__init__.py	221	class	ModelType
src/khoj/database/models/__init__.py	238	def	__str__
src/khoj/database/models/__init__.py	242	class	VoiceModelOption
src/khoj/database/models/__init__.py	248	class	Agent
src/khoj/database/models/__init__.py	249	class	StyleColorTypes
src/khoj/database/models/__init__.py	267	class	StyleIconTypes
src/khoj/database/models/__init__.py	297	class	PrivacyLevel
src/khoj/database/models/__init__.py	302	class	InputToolOptions
src/khoj/database/models/__init__.py	310	class	OutputModeOptions
src/khoj/database/models/__init__.py	334	def	save
src/khoj/database/models/__init__.py	347	def	__str__
src/khoj/database/models/__init__.py	351	class	ProcessLock
src/khoj/database/models/__init__.py	352	class	Operation
src/khoj/database/models/__init__.py	366	def	verify_agent
src/khoj/database/models/__init__.py	375	class	NotionConfig
src/khoj/database/models/__init__.py	380	class	GithubConfig
src/khoj/database/models/__init__.py	385	class	GithubRepoConfig
src/khoj/database/models/__init__.py	392	class	WebScraper
src/khoj/database/models/__init__.py	393	class	WebScraperType
src/khoj/database/models/__init__.py	430	def	clean
src/khoj/database/models/__init__.py	457	def	save
src/khoj/database/models/__init__.py	466	def	__str__
src/khoj/database/models/__init__.py	470	class	ServerChatSettings
src/khoj/database/models/__init__.py	471	class	ChatModelSlot
src/khoj/database/models/__init__.py	481	class	MemoryMode
src/khoj/database/models/__init__.py	523	def	clean
src/khoj/database/models/__init__.py	534	def	save
src/khoj/database/models/__init__.py	544	class	SearchModelConfig
src/khoj/database/models/__init__.py	545	class	ModelType
src/khoj/database/models/__init__.py	548	class	ApiType
src/khoj/database/models/__init__.py	584	def	__str__
src/khoj/database/models/__init__.py	588	class	TextToImageModelConfig
src/khoj/database/models/__init__.py	589	class	ModelType
src/khoj/database/models/__init__.py	601	def	clean
src/khoj/database/models/__init__.py	620	def	save
src/khoj/database/models/__init__.py	624	def	__str__
src/khoj/database/models/__init__.py	628	class	SpeechToTextModelOptions
src/khoj/database/models/__init__.py	629	class	ModelType
src/khoj/database/models/__init__.py	638	def	__str__
src/khoj/database/models/__init__.py	642	class	UserConversationConfig
src/khoj/database/models/__init__.py	648	class	UserVoiceModelConfig
src/khoj/database/models/__init__.py	653	class	UserTextToImageModelConfig
src/khoj/database/models/__init__.py	658	class	Conversation
src/khoj/database/models/__init__.py	672	def	clean
src/khoj/database/models/__init__.py	681	def	save
src/khoj/database/models/__init__.py	686	def	messages
src/khoj/database/models/__init__.py	703	def	pop_message
src/khoj/database/models/__init__.py	732	class	PublicConversation
src/khoj/database/models/__init__.py	741	def	verify_public_conversation
src/khoj/database/models/__init__.py	755	class	ReflectiveQuestion
src/khoj/database/models/__init__.py	760	class	FileObject
src/khoj/database/models/__init__.py	768	class	Entry
src/khoj/database/models/__init__.py	769	class	EntryType
src/khoj/database/models/__init__.py	780	class	EntrySource
src/khoj/database/models/__init__.py	801	def	save
src/khoj/database/models/__init__.py	806	class	EntryDates
src/khoj/database/models/__init__.py	810	class	Meta
src/khoj/database/models/__init__.py	816	class	UserRequests
src/khoj/database/models/__init__.py	823	class	RateLimitRecord
src/khoj/database/models/__init__.py	829	class	Meta
src/khoj/database/models/__init__.py	835	def	__str__
src/khoj/database/models/__init__.py	839	class	DataStore
src/khoj/database/models/__init__.py	846	class	McpServer
src/khoj/database/models/__init__.py	851	def	__str__
src/khoj/database/models/__init__.py	855	class	UserMemory
src/khoj/interface/web/assets/utils.js	2	function	toggleMenu
src/khoj/interface/web/home/script.js	10	function	initNavbar
src/khoj/interface/web/home/script.js	11	const	navbar
src/khoj/interface/web/home/script.js	20	function	initTabs
src/khoj/interface/web/home/script.js	21	const	tabBtns
src/khoj/interface/web/home/script.js	22	const	tabContents
src/khoj/interface/web/home/script.js	32	const	tabId
src/khoj/interface/web/home/script.js	44	const	target
src/khoj/main.py	106	def	shutdown_scheduler
src/khoj/main.py	119	def	run
src/khoj/main.py	206	def	set_state
src/khoj/main.py	218	def	start_server
src/khoj/main.py	246	def	poll_task_scheduler
src/khoj/manage.py	8	def	main
src/khoj/processor/content/docx/docx_to_entries.py	16	class	DocxToEntries
src/khoj/processor/content/docx/docx_to_entries.py	17	def	__init__
src/khoj/processor/content/docx/docx_to_entries.py	21	def	process
src/khoj/processor/content/docx/docx_to_entries.py	52	def	extract_docx_entries
src/khoj/processor/content/docx/docx_to_entries.py	70	def	convert_docx_entries_to_maps
src/khoj/processor/content/docx/docx_to_entries.py	92	def	extract_text
src/khoj/processor/content/github/github_to_entries.py	21	class	GithubToEntries
src/khoj/processor/content/github/github_to_entries.py	22	def	__init__
src/khoj/processor/content/github/github_to_entries.py	43	def	wait_for_rate_limit_reset
src/khoj/processor/content/github/github_to_entries.py	52	def	process
src/khoj/processor/content/github/github_to_entries.py	63	def	process_repo
src/khoj/processor/content/github/github_to_entries.py	102	def	update_entries_with_ids
src/khoj/processor/content/github/github_to_entries.py	116	def	get_files
src/khoj/processor/content/github/github_to_entries.py	176	def	get_file_contents
src/khoj/processor/content/github/github_to_entries.py	197	def	extract_markdown_entries
src/khoj/processor/content/github/github_to_entries.py	207	def	extract_org_entries
src/khoj/processor/content/github/github_to_entries.py	218	def	extract_plaintext_entries
src/khoj/processor/content/images/image_to_entries.py	15	class	ImageToEntries
src/khoj/processor/content/images/image_to_entries.py	16	def	__init__
src/khoj/processor/content/images/image_to_entries.py	20	def	process
src/khoj/processor/content/images/image_to_entries.py	51	def	extract_image_entries
src/khoj/processor/content/images/image_to_entries.py	100	def	convert_image_entries_to_maps
src/khoj/processor/content/markdown/markdown_to_entries.py	16	class	MarkdownToEntries
src/khoj/processor/content/markdown/markdown_to_entries.py	17	def	__init__
src/khoj/processor/content/markdown/markdown_to_entries.py	21	def	process
src/khoj/processor/content/markdown/markdown_to_entries.py	53	def	extract_markdown_entries
src/khoj/processor/content/markdown/markdown_to_entries.py	73	def	process_single_markdown_file
src/khoj/processor/content/markdown/markdown_to_entries.py	145	def	convert_markdown_entries_to_maps
src/khoj/processor/content/notion/notion_to_entries.py	16	class	NotionBlockType
src/khoj/processor/content/notion/notion_to_entries.py	48	class	NotionToEntries
src/khoj/processor/content/notion/notion_to_entries.py	49	def	__init__
src/khoj/processor/content/notion/notion_to_entries.py	82	def	process
src/khoj/processor/content/notion/notion_to_entries.py	118	def	process_page
src/khoj/processor/content/notion/notion_to_entries.py	176	def	process_heading
src/khoj/processor/content/notion/notion_to_entries.py	179	def	process_nested_children
src/khoj/processor/content/notion/notion_to_entries.py	194	def	process_text
src/khoj/processor/content/notion/notion_to_entries.py	205	def	get_block_children
src/khoj/processor/content/notion/notion_to_entries.py	212	def	get_page
src/khoj/processor/content/notion/notion_to_entries.py	215	def	get_page_children
src/khoj/processor/content/notion/notion_to_entries.py	218	def	get_page_content
src/khoj/processor/content/notion/notion_to_entries.py	247	def	update_entries_with_ids
src/khoj/processor/content/org_mode/org_to_entries.py	17	class	OrgToEntries
src/khoj/processor/content/org_mode/org_to_entries.py	18	def	__init__
src/khoj/processor/content/org_mode/org_to_entries.py	22	def	process
src/khoj/processor/content/org_mode/org_to_entries.py	52	def	extract_org_entries
src/khoj/processor/content/org_mode/org_to_entries.py	62	def	extract_org_nodes
src/khoj/processor/content/org_mode/org_to_entries.py	82	def	process_single_org_file
src/khoj/processor/content/org_mode/org_to_entries.py	172	def	convert_org_nodes_to_entries
src/khoj/processor/content/org_mode/orgnode.py	45	def	normalize_filename
src/khoj/processor/content/org_mode/orgnode.py	56	def	makelist_with_filepath
src/khoj/processor/content/org_mode/orgnode.py	61	def	makelist
src/khoj/processor/content/org_mode/orgnode.py	276	class	Orgnode
src/khoj/processor/content/org_mode/orgnode.py	282	def	__init__
src/khoj/processor/content/org_mode/orgnode.py	303	def	ancestors
src/khoj/processor/content/org_mode/orgnode.py	310	def	ancestors
src/khoj/processor/content/org_mode/orgnode.py	317	def	heading
src/khoj/processor/content/org_mode/orgnode.py	324	def	heading
src/khoj/processor/content/org_mode/orgnode.py	331	def	body
src/khoj/processor/content/org_mode/orgnode.py	339	def	hasBody
src/khoj/processor/content/org_mode/orgnode.py	346	def	level
src/khoj/processor/content/org_mode/orgnode.py	354	def	priority
src/khoj/processor/content/org_mode/orgnode.py	362	def	priority
src/khoj/processor/content/org_mode/orgnode.py	370	def	tags
src/khoj/processor/content/org_mode/orgnode.py	378	def	tags
src/khoj/processor/content/org_mode/orgnode.py	384	def	hasTag
src/khoj/processor/content/org_mode/orgnode.py	393	def	todo
src/khoj/processor/content/org_mode/orgnode.py	400	def	todo
src/khoj/processor/content/org_mode/orgnode.py	407	def	properties
src/khoj/processor/content/org_mode/orgnode.py	414	def	properties
src/khoj/processor/content/org_mode/orgnode.py	421	def	Property
src/khoj/processor/content/org_mode/orgnode.py	429	def	scheduled
src/khoj/processor/content/org_mode/orgnode.py	436	def	scheduled
src/khoj/processor/content/org_mode/orgnode.py	443	def	deadline
src/khoj/processor/content/org_mode/orgnode.py	450	def	deadline
src/khoj/processor/content/org_mode/orgnode.py	457	def	closed
src/khoj/processor/content/org_mode/orgnode.py	464	def	closed
src/khoj/processor/content/org_mode/orgnode.py	471	def	logbook
src/khoj/processor/content/org_mode/orgnode.py	478	def	logbook
src/khoj/processor/content/org_mode/orgnode.py	484	def	__repr__
src/khoj/processor/content/pdf/pdf_to_entries.py	16	class	PdfToEntries
src/khoj/processor/content/pdf/pdf_to_entries.py	20	def	__init__
src/khoj/processor/content/pdf/pdf_to_entries.py	24	def	process
src/khoj/processor/content/pdf/pdf_to_entries.py	55	def	extract_pdf_entries
src/khoj/processor/content/pdf/pdf_to_entries.py	73	def	convert_pdf_entries_to_maps
src/khoj/processor/content/pdf/pdf_to_entries.py	95	def	extract_text
src/khoj/processor/content/pdf/pdf_to_entries.py	117	def	clean_text
src/khoj/processor/content/plaintext/plaintext_to_entries.py	17	class	PlaintextToEntries
src/khoj/processor/content/plaintext/plaintext_to_entries.py	18	def	__init__
src/khoj/processor/content/plaintext/plaintext_to_entries.py	22	def	process
src/khoj/processor/content/plaintext/plaintext_to_entries.py	52	def	extract_html_content
src/khoj/processor/content/plaintext/plaintext_to_entries.py	61	def	extract_plaintext_entries
src/khoj/processor/content/plaintext/plaintext_to_entries.py	80	def	process_single_plaintext_file
src/khoj/processor/content/plaintext/plaintext_to_entries.py	93	def	convert_text_files_to_entries
src/khoj/processor/content/text_to_entries.py	27	class	TextToEntries
src/khoj/processor/content/text_to_entries.py	28	def	__init__
src/khoj/processor/content/text_to_entries.py	33	def	process
src/khoj/processor/content/text_to_entries.py	36	def	hash_func
src/khoj/processor/content/text_to_entries.py	40	def	remove_long_words
src/khoj/processor/content/text_to_entries.py	56	def	tokenizer
src/khoj/processor/content/text_to_entries.py	61	def	split_entries_by_max_tokens
src/khoj/processor/content/text_to_entries.py	142	def	update_embeddings
src/khoj/processor/content/text_to_entries.py	266	def	mark_entries_for_update
src/khoj/processor/content/text_to_entries.py	326	def	clean_field
src/khoj/processor/conversation/anthropic/anthropic_chat.py	18	def	anthropic_send_message_to_model
src/khoj/processor/conversation/anthropic/anthropic_chat.py	47	def	converse_anthropic
src/khoj/processor/conversation/anthropic/utils.py	51	def	anthropic_completion_with_backoff
src/khoj/processor/conversation/anthropic/utils.py	184	def	anthropic_chat_completion_with_backoff
src/khoj/processor/conversation/anthropic/utils.py	280	def	format_messages_for_anthropic
src/khoj/processor/conversation/anthropic/utils.py	391	def	is_reasoning_model
src/khoj/processor/conversation/google/gemini_chat.py	18	def	gemini_send_message_to_model
src/khoj/processor/conversation/google/gemini_chat.py	56	def	converse_gemini
src/khoj/processor/conversation/google/utils.py	75	class	GeminiRetryableClientError
src/khoj/processor/conversation/google/utils.py	81	def	__init__
src/khoj/processor/conversation/google/utils.py	89	def	_gemini_retry_error_callback
src/khoj/processor/conversation/google/utils.py	117	def	_is_retryable_error
src/khoj/processor/conversation/google/utils.py	131	def	_extract_retry_delay
src/khoj/processor/conversation/google/utils.py	147	def	_wait_with_gemini_delay
src/khoj/processor/conversation/google/utils.py	150	def	wait_func
src/khoj/processor/conversation/google/utils.py	178	def	gemini_completion_with_backoff
src/khoj/processor/conversation/google/utils.py	308	def	gemini_chat_completion_with_backoff
src/khoj/processor/conversation/google/utils.py	406	def	handle_gemini_response
src/khoj/processor/conversation/google/utils.py	444	def	generate_safety_response
src/khoj/processor/conversation/google/utils.py	472	def	format_messages_for_gemini
src/khoj/processor/conversation/google/utils.py	553	def	clean_response_schema
src/khoj/processor/conversation/google/utils.py	568	def	is_reasoning_model
src/khoj/processor/conversation/google/utils.py	575	def	to_gemini_tools
src/khoj/processor/conversation/google/utils.py	578	def	clean_schema
src/khoj/processor/conversation/openai/gpt.py	27	def	openai_send_message_to_model
src/khoj/processor/conversation/openai/gpt.py	94	def	converse_openai
src/khoj/processor/conversation/openai/utils.py	63	def	_extract_text_for_instructions
src/khoj/processor/conversation/openai/utils.py	95	def	completion_with_backoff
src/khoj/processor/conversation/openai/utils.py	287	def	chat_completion_with_backoff
src/khoj/processor/conversation/openai/utils.py	451	def	responses_completion_with_backoff
src/khoj/processor/conversation/openai/utils.py	570	def	responses_chat_completion_with_backoff
src/khoj/processor/conversation/openai/utils.py	726	def	get_structured_output_support
src/khoj/processor/conversation/openai/utils.py	738	def	format_message_for_api
src/khoj/processor/conversation/openai/utils.py	859	def	is_openai_api
src/khoj/processor/conversation/openai/utils.py	866	def	supports_responses_api
src/khoj/processor/conversation/openai/utils.py	873	def	is_openai_reasoning_model
src/khoj/processor/conversation/openai/utils.py	884	def	is_non_streaming_model
src/khoj/processor/conversation/openai/utils.py	892	def	is_twitter_reasoning_model
src/khoj/processor/conversation/openai/utils.py	904	def	is_cerebras_api
src/khoj/processor/conversation/openai/utils.py	911	def	is_groq_api
src/khoj/processor/conversation/openai/utils.py	918	def	is_instream_thinking_model
src/khoj/processor/conversation/openai/utils.py	926	def	is_qwen_style_reasoning_model
src/khoj/processor/conversation/openai/utils.py	934	def	is_local_api
src/khoj/processor/conversation/openai/utils.py	945	class	ThoughtDeltaEvent
src/khoj/processor/conversation/openai/utils.py	957	class	ChoiceDeltaWithThoughts
src/khoj/processor/conversation/openai/utils.py	966	class	ChoiceWithThoughts
src/khoj/processor/conversation/openai/utils.py	970	class	ChatCompletionWithThoughtsChunk
src/khoj/processor/conversation/openai/utils.py	974	def	default_stream_processor
src/khoj/processor/conversation/openai/utils.py	984	def	astream_thought_processor
src/khoj/processor/conversation/openai/utils.py	1033	def	in_stream_thought_processor
src/khoj/processor/conversation/openai/utils.py	1131	def	ain_stream_thought_processor
src/khoj/processor/conversation/openai/utils.py	1235	def	add_qwen_no_think_tag
src/khoj/processor/conversation/openai/utils.py	1257	def	to_openai_tools
src/khoj/processor/conversation/openai/utils.py	1290	def	clean_response_schema
src/khoj/processor/conversation/openai/whisper.py	7	def	transcribe_audio
src/khoj/processor/conversation/utils.py	101	class	RetryableModelError
src/khoj/processor/conversation/utils.py	112	def	__init__
src/khoj/processor/conversation/utils.py	117	def	__str__
src/khoj/processor/conversation/utils.py	122	def	is_retryable_exception
src/khoj/processor/conversation/utils.py	161	class	AgentMessage
src/khoj/processor/conversation/utils.py	166	class	OperatorRun
src/khoj/processor/conversation/utils.py	167	def	__init__
src/khoj/processor/conversation/utils.py	187	def	to_dict
src/khoj/processor/conversation/utils.py	203	class	ToolCall
src/khoj/processor/conversation/utils.py	204	def	__init__
src/khoj/processor/conversation/utils.py	210	class	ResearchIteration
src/khoj/processor/conversation/utils.py	211	def	__init__
src/khoj/processor/conversation/utils.py	231	def	to_dict
src/khoj/processor/conversation/utils.py	238	def	construct_iteration_history
src/khoj/processor/conversation/utils.py	255	def	flush_group
src/khoj/processor/conversation/utils.py	323	def	construct_chat_history
src/khoj/processor/conversation/utils.py	350	def	construct_question_history
src/khoj/processor/conversation/utils.py	395	def	construct_chat_history_for_operator
src/khoj/processor/conversation/utils.py	416	def	construct_tool_chat_history
src/khoj/processor/conversation/utils.py	427	def	base_extractor
src/khoj/processor/conversation/utils.py	482	class	ChatEvent
src/khoj/processor/conversation/utils.py	497	def	message_to_log
src/khoj/processor/conversation/utils.py	523	class	StrictChatMessageModel
src/khoj/processor/conversation/utils.py	541	def	save_to_conversation_log
src/khoj/processor/conversation/utils.py	635	def	construct_structured_message
src/khoj/processor/conversation/utils.py	661	def	gather_raw_query_files
src/khoj/processor/conversation/utils.py	677	def	generate_chatml_messages_with_context
src/khoj/processor/conversation/utils.py	854	def	count_total_tokens
src/khoj/processor/conversation/utils.py	867	def	truncate_messages
src/khoj/processor/conversation/utils.py	949	def	reciprocal_conversation_to_chatml
src/khoj/processor/conversation/utils.py	954	def	clean_json
src/khoj/processor/conversation/utils.py	959	def	clean_mermaidjs
src/khoj/processor/conversation/utils.py	964	def	clean_code_python
src/khoj/processor/conversation/utils.py	969	def	load_complex_json
src/khoj/processor/conversation/utils.py	976	def	replace_unescaped_quotes
src/khoj/processor/conversation/utils.py	1022	def	defilter_query
src/khoj/processor/conversation/utils.py	1032	class	ImageWithType
src/khoj/processor/conversation/utils.py	1037	def	get_image_from_base64
src/khoj/processor/conversation/utils.py	1054	def	get_image_from_url
src/khoj/processor/conversation/utils.py	1079	def	commit_conversation_trace
src/khoj/processor/conversation/utils.py	1191	def	merge_message_into_conversation_trace
src/khoj/processor/conversation/utils.py	1249	def	messages_to_print
src/khoj/processor/conversation/utils.py	1254	def	safe_serialize
src/khoj/processor/conversation/utils.py	1270	class	StructuredOutputSupport
src/khoj/processor/conversation/utils.py	1277	class	ResponseWithThought
src/khoj/processor/conversation/utils.py	1278	def	__init__
src/khoj/processor/embeddings.py	29	class	EmbeddingsModel
src/khoj/processor/embeddings.py	30	def	__init__
src/khoj/processor/embeddings.py	53	def	embed_query
src/khoj/processor/embeddings.py	66	def	embed_with_hf
src/khoj/processor/embeddings.py	89	def	embed_with_openai
src/khoj/processor/embeddings.py	94	def	embed_documents
src/khoj/processor/embeddings.py	117	class	CrossEncoderModel
src/khoj/processor/embeddings.py	118	def	__init__
src/khoj/processor/embeddings.py	132	def	inference_server_enabled
src/khoj/processor/embeddings.py	135	def	predict
src/khoj/processor/image/generate.py	41	def	text_to_image
src/khoj/processor/image/generate.py	180	def	generate_image_with_openai
src/khoj/processor/image/generate.py	231	def	generate_image_with_replicate
src/khoj/processor/image/generate.py	302	def	generate_image_with_google
src/khoj/processor/image/generate.py	374	def	format_messages_for_gemini
src/khoj/processor/image/generate.py	440	def	is_multimodal_model
src/khoj/processor/operator/__init__.py	34	def	operate_environment
src/khoj/processor/operator/__init__.py	232	def	is_operator_model
src/khoj/processor/operator/grounding_agent.py	31	class	GroundingAgent
src/khoj/processor/operator/grounding_agent.py	32	def	__init__
src/khoj/processor/operator/grounding_agent.py	47	def	act
src/khoj/processor/operator/grounding_agent.py	82	def	_format_message_for_api
src/khoj/processor/operator/grounding_agent.py	93	def	_parse_action
src/khoj/processor/operator/grounding_agent.py	171	def	get_instruction
src/khoj/processor/operator/grounding_agent.py	246	def	get_tools
src/khoj/processor/operator/grounding_agent.py	410	def	reset
src/khoj/processor/operator/grounding_agent_uitars.py	43	class	GroundingAgentUitars
src/khoj/processor/operator/grounding_agent_uitars.py	68	def	__init__
src/khoj/processor/operator/grounding_agent_uitars.py	125	def	act
src/khoj/processor/operator/grounding_agent_uitars.py	197	def	_parse_action
src/khoj/processor/operator/grounding_agent_uitars.py	240	def	get_instruction
src/khoj/processor/operator/grounding_agent_uitars.py	279	def	_format_messages_for_api
src/khoj/processor/operator/grounding_agent_uitars.py	381	def	reset
src/khoj/processor/operator/grounding_agent_uitars.py	389	def	parse_action_string
src/khoj/processor/operator/grounding_agent_uitars.py	432	def	escape_single_quotes
src/khoj/processor/operator/grounding_agent_uitars.py	437	def	round_by_factor
src/khoj/processor/operator/grounding_agent_uitars.py	441	def	ceil_by_factor
src/khoj/processor/operator/grounding_agent_uitars.py	445	def	floor_by_factor
src/khoj/processor/operator/grounding_agent_uitars.py	449	def	smart_resize
src/khoj/processor/operator/grounding_agent_uitars.py	482	def	parse_action_to_structure_output
src/khoj/processor/operator/grounding_agent_uitars.py	524	def	escape_quotes
src/khoj/processor/operator/grounding_agent_uitars.py	583	def	parsing_response_to_action
src/khoj/processor/operator/grounding_agent_uitars.py	753	def	parsing_response_to_pyautogui_code
src/khoj/processor/operator/grounding_agent_uitars.py	944	def	parse_instruction_to_action
src/khoj/processor/operator/grounding_agent_uitars.py	967	def	add_box_token
src/khoj/processor/operator/grounding_agent_uitars.py	992	def	pil_to_base64
src/khoj/processor/operator/operator_actions.py	7	class	Point
src/khoj/processor/operator/operator_actions.py	12	class	BaseAction
src/khoj/processor/operator/operator_actions.py	16	class	ClickAction
src/khoj/processor/operator/operator_actions.py	24	class	DoubleClickAction
src/khoj/processor/operator/operator_actions.py	30	class	TripleClickAction
src/khoj/processor/operator/operator_actions.py	36	class	ScrollAction
src/khoj/processor/operator/operator_actions.py	46	class	KeypressAction
src/khoj/processor/operator/operator_actions.py	51	class	TypeAction
src/khoj/processor/operator/operator_actions.py	56	class	WaitAction
src/khoj/processor/operator/operator_actions.py	61	class	ScreenshotAction
src/khoj/processor/operator/operator_actions.py	65	class	MoveAction
src/khoj/processor/operator/operator_actions.py	71	class	DragAction
src/khoj/processor/operator/operator_actions.py	76	class	MouseDownAction
src/khoj/processor/operator/operator_actions.py	81	class	MouseUpAction
src/khoj/processor/operator/operator_actions.py	86	class	HoldKeyAction
src/khoj/processor/operator/operator_actions.py	92	class	KeyUpAction
src/khoj/processor/operator/operator_actions.py	97	class	KeyDownAction
src/khoj/processor/operator/operator_actions.py	102	class	CursorPositionAction
src/khoj/processor/operator/operator_actions.py	106	class	GotoAction
src/khoj/processor/operator/operator_actions.py	111	class	BackAction
src/khoj/processor/operator/operator_actions.py	115	class	RequestUserAction
src/khoj/processor/operator/operator_actions.py	122	class	NoopAction
src/khoj/processor/operator/operator_actions.py	129	class	TextEditorViewAction
src/khoj/processor/operator/operator_actions.py	137	class	TextEditorCreateAction
src/khoj/processor/operator/operator_actions.py	145	class	TextEditorStrReplaceAction
src/khoj/processor/operator/operator_actions.py	154	class	TextEditorInsertAction
src/khoj/processor/operator/operator_actions.py	163	class	TerminalAction
src/khoj/processor/operator/operator_agent_anthropic.py	52	class	AnthropicOperatorAgent
src/khoj/processor/operator/operator_agent_anthropic.py	53	def	act
src/khoj/processor/operator/operator_agent_anthropic.py	224	def	add_action_results
src/khoj/processor/operator/operator_agent_anthropic.py	263	def	_format_message_for_api
src/khoj/processor/operator/operator_agent_anthropic.py	281	def	_compile_response
src/khoj/processor/operator/operator_agent_anthropic.py	322	def	_render_response
src/khoj/processor/operator/operator_agent_anthropic.py	407	def	_call_model
src/khoj/processor/operator/operator_agent_anthropic.py	459	def	_compress
src/khoj/processor/operator/operator_agent_anthropic.py	508	def	get_coordinates
src/khoj/processor/operator/operator_agent_anthropic.py	525	def	model_default_tool
src/khoj/processor/operator/operator_agent_anthropic.py	543	def	model_default_headers
src/khoj/processor/operator/operator_agent_anthropic.py	552	def	get_instructions
src/khoj/processor/operator/operator_agent_anthropic.py	598	def	get_tools
src/khoj/processor/operator/operator_agent_base.py	24	class	AgentActResult
src/khoj/processor/operator/operator_agent_base.py	30	class	OperatorAgent
src/khoj/processor/operator/operator_agent_base.py	31	def	__init__
src/khoj/processor/operator/operator_agent_base.py	67	def	act
src/khoj/processor/operator/operator_agent_base.py	71	def	add_action_results
src/khoj/processor/operator/operator_agent_base.py	75	def	summarize
src/khoj/processor/operator/operator_agent_base.py	85	def	_compile_response
src/khoj/processor/operator/operator_agent_base.py	89	def	_render_response
src/khoj/processor/operator/operator_agent_base.py	93	def	_format_message_for_api
src/khoj/processor/operator/operator_agent_base.py	96	def	_update_usage
src/khoj/processor/operator/operator_agent_base.py	101	def	_commit_trace
src/khoj/processor/operator/operator_agent_base.py	109	def	reset
src/khoj/processor/operator/operator_agent_binary.py	29	class	BinaryOperatorAgent
src/khoj/processor/operator/operator_agent_binary.py	36	def	__init__
src/khoj/processor/operator/operator_agent_binary.py	75	def	act
src/khoj/processor/operator/operator_agent_binary.py	101	def	act_reason
src/khoj/processor/operator/operator_agent_binary.py	151	def	act_ground
src/khoj/processor/operator/operator_agent_binary.py	202	def	add_action_results
src/khoj/processor/operator/operator_agent_binary.py	240	def	summarize
src/khoj/processor/operator/operator_agent_binary.py	264	def	_compile_response
src/khoj/processor/operator/operator_agent_binary.py	281	def	_render_response
src/khoj/processor/operator/operator_agent_binary.py	289	def	_get_message_text
src/khoj/processor/operator/operator_agent_binary.py	294	def	_get_message_images
src/khoj/processor/operator/operator_agent_binary.py	300	def	_format_message_for_api
src/khoj/processor/operator/operator_agent_binary.py	312	def	get_instruction
src/khoj/processor/operator/operator_agent_binary.py	402	def	reset
src/khoj/processor/operator/operator_agent_openai.py	41	class	OpenAIOperatorAgent
src/khoj/processor/operator/operator_agent_openai.py	42	def	act
src/khoj/processor/operator/operator_agent_openai.py	157	def	add_action_results
src/khoj/processor/operator/operator_agent_openai.py	196	def	summarize
src/khoj/processor/operator/operator_agent_openai.py	205	def	_call_model
src/khoj/processor/operator/operator_agent_openai.py	230	def	_format_message_for_api
src/khoj/processor/operator/operator_agent_openai.py	268	def	_compile_response
src/khoj/processor/operator/operator_agent_openai.py	319	def	_render_response
src/khoj/processor/operator/operator_agent_openai.py	354	def	get_instructions
src/khoj/processor/operator/operator_agent_openai.py	399	def	get_tools
src/khoj/processor/operator/operator_agent_openai.py	444	def	_format_messages_for_summary
src/khoj/processor/operator/operator_environment_base.py	10	class	EnvironmentType
src/khoj/processor/operator/operator_environment_base.py	17	class	EnvState
src/khoj/processor/operator/operator_environment_base.py	24	class	EnvStepResult
src/khoj/processor/operator/operator_environment_base.py	32	class	Environment
src/khoj/processor/operator/operator_environment_base.py	34	def	start
src/khoj/processor/operator/operator_environment_base.py	38	def	step
src/khoj/processor/operator/operator_environment_base.py	42	def	close
src/khoj/processor/operator/operator_environment_base.py	46	def	get_state
src/khoj/processor/operator/operator_environment_browser.py	27	class	BrowserEnvironment
src/khoj/processor/operator/operator_environment_browser.py	28	def	__init__
src/khoj/processor/operator/operator_environment_browser.py	39	def	start
src/khoj/processor/operator/operator_environment_browser.py	57	def	handle_load
src/khoj/processor/operator/operator_environment_browser.py	73	def	handle_new_page
src/khoj/processor/operator/operator_environment_browser.py	93	def	_get_screenshot
src/khoj/processor/operator/operator_environment_browser.py	107	def	_draw_mouse_position
src/khoj/processor/operator/operator_environment_browser.py	125	def	get_state
src/khoj/processor/operator/operator_environment_browser.py	132	def	step
src/khoj/processor/operator/operator_environment_browser.py	341	def	reset
src/khoj/processor/operator/operator_environment_browser.py	344	def	close
src/khoj/processor/operator/operator_environment_browser.py	386	def	parse_key_combination
src/khoj/processor/operator/operator_environment_computer.py	24	class	ComputerEnvironment
src/khoj/processor/operator/operator_environment_computer.py	25	def	__init__
src/khoj/processor/operator/operator_environment_computer.py	39	def	_execute
src/khoj/processor/operator/operator_environment_computer.py	83	def	start
src/khoj/processor/operator/operator_environment_computer.py	105	def	_get_screenshot
src/khoj/processor/operator/operator_environment_computer.py	125	def	_draw_mouse_position
src/khoj/processor/operator/operator_environment_computer.py	146	def	get_state
src/khoj/processor/operator/operator_environment_computer.py	150	def	step
src/khoj/processor/operator/operator_environment_computer.py	496	def	_execute_shell_command
src/khoj/processor/operator/operator_environment_computer.py	539	def	close
src/khoj/processor/operator/operator_environment_computer.py	567	def	parse_key_combination
src/khoj/processor/operator/operator_environment_computer.py	578	def	generate_pyautogui_command
src/khoj/processor/operator/operator_environment_computer.py	622	def	docker_execute
src/khoj/processor/speech/text_to_speech.py	16	def	is_eleven_labs_enabled
src/khoj/processor/speech/text_to_speech.py	20	class	TextToSpeechError
src/khoj/processor/speech/text_to_speech.py	24	def	generate_text_to_speech
src/khoj/processor/tools/mcp.py	13	class	MCPClient
src/khoj/processor/tools/mcp.py	20	def	__init__
src/khoj/processor/tools/mcp.py	27	def	connect
src/khoj/processor/tools/mcp.py	39	def	get_tools
src/khoj/processor/tools/mcp.py	50	def	run_tool
src/khoj/processor/tools/mcp.py	69	def	_connect_to_sse_server
src/khoj/processor/tools/mcp.py	82	def	_connect_to_stdio_server
src/khoj/processor/tools/mcp.py	116	def	close
src/khoj/processor/tools/online_search.py	56	def	search_online
src/khoj/processor/tools/online_search.py	187	def	search_with_exa
src/khoj/processor/tools/online_search.py	254	def	search_with_firecrawl
src/khoj/processor/tools/online_search.py	320	def	search_with_searxng
src/khoj/processor/tools/online_search.py	360	def	search_with_google
src/khoj/processor/tools/online_search.py	410	def	search_with_serper
src/khoj/processor/tools/online_search.py	440	def	read_webpages
src/khoj/processor/tools/online_search.py	480	def	read_webpages_content
src/khoj/processor/tools/online_search.py	507	def	scrape_webpage
src/khoj/processor/tools/online_search.py	518	def	scrape_webpage_with_fallback
src/khoj/processor/tools/online_search.py	548	def	extract_from_webpage
src/khoj/processor/tools/online_search.py	572	def	read_webpage_at_url
src/khoj/processor/tools/online_search.py	586	def	read_webpage_with_olostep
src/khoj/processor/tools/online_search.py	613	def	read_webpage_with_exa
src/khoj/processor/tools/online_search.py	629	def	read_webpage_with_firecrawl
src/khoj/processor/tools/online_search.py	649	def	deduplicate_organic_results
src/khoj/processor/tools/run_code.py	48	class	GeneratedCode
src/khoj/processor/tools/run_code.py	53	def	run_code
src/khoj/processor/tools/run_code.py	121	def	generate_python_code
src/khoj/processor/tools/run_code.py	215	def	execute_sandboxed_python
src/khoj/processor/tools/run_code.py	232	def	execute_e2b
src/khoj/processor/tools/run_code.py	265	def	read_format
src/khoj/processor/tools/run_code.py	320	def	execute_terrarium
src/khoj/routers/api.py	40	def	delete_self
src/khoj/routers/api.py	48	def	search
src/khoj/routers/api.py	82	def	update
src/khoj/routers/api.py	110	def	transcribe
src/khoj/routers/api.py	177	def	get_settings
src/khoj/routers/api.py	188	def	set_user_name
src/khoj/routers/api.py	220	def	set_user_memory_enabled
src/khoj/routers/api.py	243	def	health_check
src/khoj/routers/api.py	250	def	user_info
src/khoj/routers/api_agents.py	30	class	ModifyAgentBody
src/khoj/routers/api_agents.py	44	class	ModifyHiddenAgentBody
src/khoj/routers/api_agents.py	53	def	all_agents
src/khoj/routers/api_agents.py	108	def	get_agent_by_conversation
src/khoj/routers/api_agents.py	164	def	get_agent_configuration_options
src/khoj/routers/api_agents.py	194	def	get_agent
src/khoj/routers/api_agents.py	233	def	delete_agent
src/khoj/routers/api_agents.py	256	def	update_hidden_agent
src/khoj/routers/api_agents.py	305	def	create_hidden_agent
src/khoj/routers/api_agents.py	368	def	create_agent
src/khoj/routers/api_agents.py	437	def	update_agent
src/khoj/routers/api_automation.py	27	def	get_automations
src/khoj/routers/api_automation.py	39	def	delete_automation
src/khoj/routers/api_automation.py	53	def	post_automation
src/khoj/routers/api_automation.py	126	def	trigger_manual_job
src/khoj/routers/api_automation.py	151	def	edit_job
src/khoj/routers/api_chat.py	110	def	chat_stats
src/khoj/routers/api_chat.py	119	def	export_conversation
src/khoj/routers/api_chat.py	126	def	get_file_filter
src/khoj/routers/api_chat.py	142	def	remove_files_filter
src/khoj/routers/api_chat.py	151	def	add_files_filter
src/khoj/routers/api_chat.py	164	def	add_file_filter
src/khoj/routers/api_chat.py	177	def	remove_file_filter
src/khoj/routers/api_chat.py	186	def	sendfeedback
src/khoj/routers/api_chat.py	193	def	text_to_speech
src/khoj/routers/api_chat.py	220	def	chat_starters
src/khoj/routers/api_chat.py	231	def	chat_history
src/khoj/routers/api_chat.py	295	def	get_shared_chat
src/khoj/routers/api_chat.py	374	def	clear_chat_history
src/khoj/routers/api_chat.py	396	def	fork_public_conversation
src/khoj/routers/api_chat.py	437	def	duplicate_chat_history_public_conversation
src/khoj/routers/api_chat.py	473	def	delete_public_conversation
src/khoj/routers/api_chat.py	500	def	chat_sessions
src/khoj/routers/api_chat.py	551	def	create_chat_session
src/khoj/routers/api_chat.py	580	def	chat_options
src/khoj/routers/api_chat.py	602	def	set_conversation_title
src/khoj/routers/api_chat.py	632	def	generate_chat_title
src/khoj/routers/api_chat.py	657	def	delete_message
src/khoj/routers/api_chat.py	668	def	event_generator
src/khoj/routers/api_chat.py	745	def	monitor_disconnection
src/khoj/routers/api_chat.py	826	def	cancel_disconnect_monitor
src/khoj/routers/api_chat.py	835	def	send_event
src/khoj/routers/api_chat.py	875	def	send_llm_response
src/khoj/routers/api_chat.py	893	def	collect_telemetry
src/khoj/routers/api_chat.py	1483	def	chat_ws
src/khoj/routers/api_chat.py	1584	def	process_chat_request
src/khoj/routers/api_chat.py	1594	class	MessageBuffer
src/khoj/routers/api_chat.py	1601	def	__post_init__
src/khoj/routers/api_chat.py	1611	def	flush_message_buffer
src/khoj/routers/api_chat.py	1623	def	flush_thought_buffer
src/khoj/routers/api_chat.py	1673	def	delayed_thought_flush
src/khoj/routers/api_chat.py	1706	def	delayed_flush
src/khoj/routers/api_chat.py	1727	def	chat
src/khoj/routers/api_content.py	52	class	File
src/khoj/routers/api_content.py	57	class	IndexBatchRequest
src/khoj/routers/api_content.py	61	class	IndexerInput
src/khoj/routers/api_content.py	70	def	run_in_executor
src/khoj/routers/api_content.py	77	def	put_content
src/khoj/routers/api_content.py	99	def	patch_content
src/khoj/routers/api_content.py	121	def	get_content_github
src/khoj/routers/api_content.py	155	def	get_content_notion
src/khoj/routers/api_content.py	173	def	set_content_github
src/khoj/routers/api_content.py	203	def	set_content_notion
src/khoj/routers/api_content.py	237	def	delete_content_files
src/khoj/routers/api_content.py	258	class	DeleteFilesRequest
src/khoj/routers/api_content.py	264	def	delete_content_file
src/khoj/routers/api_content.py	287	def	get_content_size
src/khoj/routers/api_content.py	299	def	get_content_types
src/khoj/routers/api_content.py	310	def	get_all_files
src/khoj/routers/api_content.py	348	def	get_file_object
src/khoj/routers/api_content.py	381	def	delete_content_type
src/khoj/routers/api_content.py	411	def	get_content_source
src/khoj/routers/api_content.py	430	def	delete_content_source
src/khoj/routers/api_content.py	467	def	convert_documents
src/khoj/routers/api_content.py	544	def	indexer
src/khoj/routers/api_content.py	630	def	map_config_to_object
src/khoj/routers/api_memories.py	20	def	get_memories
src/khoj/routers/api_memories.py	45	def	delete_memory
src/khoj/routers/api_memories.py	65	class	UpdateMemoryBody
src/khoj/routers/api_memories.py	73	def	update_memory
src/khoj/routers/api_model.py	23	def	get_chat_model_options
src/khoj/routers/api_model.py	45	def	get_user_chat_model
src/khoj/routers/api_model.py	61	def	update_chat_model
src/khoj/routers/api_model.py	97	def	update_voice_model
src/khoj/routers/api_model.py	132	def	update_paint_model
src/khoj/routers/api_phone.py	18	def	update_phone_number
src/khoj/routers/api_phone.py	44	def	delete_phone_number
src/khoj/routers/api_phone.py	64	def	verify_mobile_otp
src/khoj/routers/api_subscription.py	26	def	subscribe
src/khoj/routers/api_subscription.py	125	def	update_subscription
src/khoj/routers/auth.py	41	def	get_configured_base_url
src/khoj/routers/auth.py	77	def	login_get
src/khoj/routers/auth.py	83	def	login
src/khoj/routers/auth.py	89	def	login_magic_link
src/khoj/routers/auth.py	124	def	sign_in_with_magic_link
src/khoj/routers/auth.py	150	def	generate_token
src/khoj/routers/auth.py	164	def	get_tokens
src/khoj/routers/auth.py	172	def	delete_token
src/khoj/routers/auth.py	178	def	auth_post
src/khoj/routers/auth.py	223	def	auth
src/khoj/routers/auth.py	310	def	logout
src/khoj/routers/auth.py	316	def	oauth_metadata
src/khoj/routers/email.py	28	def	is_resend_enabled
src/khoj/routers/email.py	32	def	send_magic_link_email
src/khoj/routers/email.py	53	def	send_welcome_email
src/khoj/routers/email.py	85	def	send_query_feedback
src/khoj/routers/email.py	112	def	send_task_email
src/khoj/routers/helpers.py	155	def	is_query_empty
src/khoj/routers/helpers.py	159	def	validate_chat_model
src/khoj/routers/helpers.py	169	def	is_ready_to_chat
src/khoj/routers/helpers.py	191	def	get_file_content
src/khoj/routers/helpers.py	197	def	update_telemetry_state
src/khoj/routers/helpers.py	235	def	get_next_url
src/khoj/routers/helpers.py	256	def	get_conversation_command
src/khoj/routers/helpers.py	281	def	gather_raw_query_files
src/khoj/routers/helpers.py	297	def	acreate_title_from_history
src/khoj/routers/helpers.py	314	def	acreate_title_from_query
src/khoj/routers/helpers.py	326	def	acheck_if_safe_prompt
src/khoj/routers/helpers.py	338	class	SafetyCheck
src/khoj/routers/helpers.py	363	def	aget_data_sources_and_output_format
src/khoj/routers/helpers.py	423	class	PickTools
src/khoj/routers/helpers.py	480	def	infer_webpage_urls
src/khoj/routers/helpers.py	517	class	WebpageUrls
src/khoj/routers/helpers.py	549	def	generate_online_subqueries
src/khoj/routers/helpers.py	586	class	OnlineQueries
src/khoj/routers/helpers.py	619	def	schedule_query
src/khoj/routers/helpers.py	647	def	aschedule_query
src/khoj/routers/helpers.py	680	def	extract_relevant_info
src/khoj/routers/helpers.py	719	def	extract_relevant_summary
src/khoj/routers/helpers.py	763	def	generate_summary_from_files
src/khoj/routers/helpers.py	822	def	generate_excalidraw_diagram
src/khoj/routers/helpers.py	876	def	generate_better_diagram_description
src/khoj/routers/helpers.py	943	def	generate_excalidraw_diagram_from_description
src/khoj/routers/helpers.py	988	class	MemoryUpdates
src/khoj/routers/helpers.py	995	def	extract_facts_from_query
src/khoj/routers/helpers.py	1039	def	ai_update_memories
src/khoj/routers/helpers.py	1070	def	generate_mermaidjs_diagram
src/khoj/routers/helpers.py	1118	def	generate_better_mermaidjs_diagram_description
src/khoj/routers/helpers.py	1185	def	generate_mermaidjs_diagram_from_description
src/khoj/routers/helpers.py	1213	def	generate_better_image_prompt
src/khoj/routers/helpers.py	1254	class	ImagePromptResponse
src/khoj/routers/helpers.py	1288	def	search_documents
src/khoj/routers/helpers.py	1399	def	extract_questions
src/khoj/routers/helpers.py	1445	class	DocumentQueries
src/khoj/routers/helpers.py	1485	def	execute_search
src/khoj/routers/helpers.py	1578	def	send_message_to_model
src/khoj/routers/helpers.py	1636	def	send_message_to_model_wrapper
src/khoj/routers/helpers.py	1732	def	send_message_to_model_wrapper_sync
src/khoj/routers/helpers.py	1802	def	build_conversation_context
src/khoj/routers/helpers.py	1903	def	agenerate_chat_response
src/khoj/routers/helpers.py	2026	class	DeleteMessageRequestBody
src/khoj/routers/helpers.py	2031	class	FeedbackData
src/khoj/routers/helpers.py	2037	class	MagicLinkForm
src/khoj/routers/helpers.py	2041	class	EmailAttemptRateLimiter
src/khoj/routers/helpers.py	2044	def	__init__
src/khoj/routers/helpers.py	2049	def	__call__
src/khoj/routers/helpers.py	2072	class	EmailVerificationApiRateLimiter
src/khoj/routers/helpers.py	2075	def	__init__
src/khoj/routers/helpers.py	2080	def	__call__
src/khoj/routers/helpers.py	2104	class	ApiUserRateLimiter
src/khoj/routers/helpers.py	2105	def	__init__
src/khoj/routers/helpers.py	2111	def	__call__
src/khoj/routers/helpers.py	2158	def	check_websocket
src/khoj/routers/helpers.py	2209	class	ApiImageRateLimiter
src/khoj/routers/helpers.py	2210	def	__init__
src/khoj/routers/helpers.py	2214	def	__call__
src/khoj/routers/helpers.py	2255	def	check_websocket
src/khoj/routers/helpers.py	2297	class	WebSocketConnectionManager
src/khoj/routers/helpers.py	2300	def	__init__
src/khoj/routers/helpers.py	2307	def	can_connect
src/khoj/routers/helpers.py	2324	def	register_connection
src/khoj/routers/helpers.py	2328	def	unregister_connection
src/khoj/routers/helpers.py	2332	def	_cleanup_stale_connections
src/khoj/routers/helpers.py	2340	class	ConversationCommandRateLimiter
src/khoj/routers/helpers.py	2341	def	__init__
src/khoj/routers/helpers.py	2347	def	update_and_check_if_valid
src/khoj/routers/helpers.py	2387	class	ApiIndexedDataLimiter
src/khoj/routers/helpers.py	2388	def	__init__
src/khoj/routers/helpers.py	2400	def	__call__
src/khoj/routers/helpers.py	2454	class	CommonQueryParamsClass
src/khoj/routers/helpers.py	2455	def	__init__
src/khoj/routers/helpers.py	2471	def	format_automation_response
src/khoj/routers/helpers.py	2490	def	should_notify
src/khoj/routers/helpers.py	2525	def	scheduled_chat
src/khoj/routers/helpers.py	2625	def	create_automation
src/khoj/routers/helpers.py	2639	def	schedule_automation
src/khoj/routers/helpers.py	2699	def	aschedule_automation
src/khoj/routers/helpers.py	2753	def	construct_automation_created_message
src/khoj/routers/helpers.py	2772	class	MessageProcessor
src/khoj/routers/helpers.py	2773	def	__init__
src/khoj/routers/helpers.py	2781	def	convert_message_chunk_to_json
src/khoj/routers/helpers.py	2794	def	process_message_chunk
src/khoj/routers/helpers.py	2829	def	handle_json_response
src/khoj/routers/helpers.py	2837	def	read_chat_stream
src/khoj/routers/helpers.py	2867	def	get_message_from_queue
src/khoj/routers/helpers.py	2878	def	get_user_config
src/khoj/routers/helpers.py	3010	def	configure_content
src/khoj/routers/helpers.py	3185	def	get_notion_auth_url
src/khoj/routers/helpers.py	3191	def	view_file_content
src/khoj/routers/helpers.py	3268	def	grep_files
src/khoj/routers/helpers.py	3280	def	_generate_query
src/khoj/routers/helpers.py	3402	def	list_files
src/khoj/routers/helpers.py	3412	def	_generate_query
src/khoj/routers/notion.py	28	def	run_in_executor
src/khoj/routers/notion.py	35	def	notion_auth_callback
src/khoj/routers/research.py	51	class	ToolExecutionResult
src/khoj/routers/research.py	54	def	__init__
src/khoj/routers/research.py	64	def	execute_tool
src/khoj/routers/research.py	94	def	status_collector
src/khoj/routers/research.py	277	def	apick_next_tool
src/khoj/routers/research.py	476	def	research
src/khoj/routers/storage.py	23	def	upload_image_to_bucket
src/khoj/routers/storage.py	47	def	upload_generated_image_to_bucket
src/khoj/routers/storage.py	56	def	upload_user_image_to_bucket
src/khoj/routers/twilio.py	19	def	is_twilio_enabled
src/khoj/routers/twilio.py	23	def	create_otp
src/khoj/routers/twilio.py	31	def	verify_otp
src/khoj/routers/web_client.py	22	def	index
src/khoj/routers/web_client.py	33	def	index_post
src/khoj/routers/web_client.py	38	def	home_page
src/khoj/routers/web_client.py	47	def	home_static_files
src/khoj/routers/web_client.py	57	def	search_page
src/khoj/routers/web_client.py	63	def	chat_page
src/khoj/routers/web_client.py	68	def	login_page
src/khoj/routers/web_client.py	79	def	agents_page
src/khoj/routers/web_client.py	85	def	config_page
src/khoj/routers/web_client.py	91	def	github_config_page
src/khoj/routers/web_client.py	120	def	view_public_conversation
src/khoj/routers/web_client.py	125	def	automations_config_page
src/khoj/routers/web_client.py	132	def	assetlinks
src/khoj/routers/web_client.py	137	def	server_error_page
src/khoj/search_filter/base_filter.py	5	class	BaseFilter
src/khoj/search_filter/base_filter.py	7	def	get_filter_terms
src/khoj/search_filter/base_filter.py	9	def	can_filter
src/khoj/search_filter/base_filter.py	13	def	defilter
src/khoj/search_filter/date_filter.py	18	class	DateFilter
src/khoj/search_filter/date_filter.py	26	def	__init__
src/khoj/search_filter/date_filter.py	37	def	compile_date_regexes
src/khoj/search_filter/date_filter.py	87	def	extract_dates
src/khoj/search_filter/date_filter.py	102	def	get_filter_terms
src/khoj/search_filter/date_filter.py	106	def	get_query_date_range
src/khoj/search_filter/date_filter.py	112	def	defilter
src/khoj/search_filter/date_filter.py	118	def	extract_date_range
src/khoj/search_filter/date_filter.py	176	def	parse
src/khoj/search_filter/date_filter.py	197	def	date_to_daterange
src/khoj/search_filter/file_filter.py	12	class	FileFilter
src/khoj/search_filter/file_filter.py	16	def	__init__
src/khoj/search_filter/file_filter.py	21	def	get_filter_terms
src/khoj/search_filter/file_filter.py	27	def	convert_to_regex
src/khoj/search_filter/file_filter.py	31	def	defilter
src/khoj/search_filter/word_filter.py	12	class	WordFilter
src/khoj/search_filter/word_filter.py	17	def	__init__
src/khoj/search_filter/word_filter.py	22	def	get_filter_terms
src/khoj/search_filter/word_filter.py	28	def	defilter
src/khoj/search_type/text_search.py	35	def	extract_entries
src/khoj/search_type/text_search.py	40	def	compute_embeddings
src/khoj/search_type/text_search.py	87	def	load_embeddings
src/khoj/search_type/text_search.py	99	def	query
src/khoj/search_type/text_search.py	141	def	collate_results
src/khoj/search_type/text_search.py	167	def	deduplicated_search_responses
src/khoj/search_type/text_search.py	192	def	rerank_and_sort_results
src/khoj/search_type/text_search.py	209	def	setup
src/khoj/search_type/text_search.py	235	def	cross_encoder_score
src/khoj/search_type/text_search.py	251	def	sort_results
src/khoj/utils/cli.py	9	def	cli
src/khoj/utils/config.py	7	class	SearchType
src/khoj/utils/helpers.py	61	class	AsyncIteratorWrapper
src/khoj/utils/helpers.py	62	def	__init__
src/khoj/utils/helpers.py	65	def	__aiter__
src/khoj/utils/helpers.py	68	def	__anext__
src/khoj/utils/helpers.py	76	def	next_async
src/khoj/utils/helpers.py	83	def	is_none_or_empty
src/khoj/utils/helpers.py	87	def	to_snake_case_from_dash
src/khoj/utils/helpers.py	91	def	get_absolute_path
src/khoj/utils/helpers.py	95	def	resolve_absolute_path
src/khoj/utils/helpers.py	99	def	get_from_dict
src/khoj/utils/helpers.py	110	def	merge_dicts
src/khoj/utils/helpers.py	120	def	fix_json_dict
src/khoj/utils/helpers.py	129	def	get_file_type
src/khoj/utils/helpers.py	163	def	load_model
src/khoj/utils/helpers.py	187	def	get_class_by_name
src/khoj/utils/helpers.py	193	class	timer
src/khoj/utils/helpers.py	196	def	__init__
src/khoj/utils/helpers.py	201	def	__enter__
src/khoj/utils/helpers.py	205	def	__exit__
src/khoj/utils/helpers.py	213	class	LRU
src/khoj/utils/helpers.py	214	def	__init__
src/khoj/utils/helpers.py	218	def	__getitem__
src/khoj/utils/helpers.py	223	def	__setitem__
src/khoj/utils/helpers.py	230	def	get_server_id
src/khoj/utils/helpers.py	273	def	log_telemetry
src/khoj/utils/helpers.py	307	def	get_device_memory
src/khoj/utils/helpers.py	318	def	get_device
src/khoj/utils/helpers.py	330	def	is_e2b_code_sandbox_enabled
src/khoj/utils/helpers.py	336	class	ToolDefinition
src/khoj/utils/helpers.py	337	def	__init__
src/khoj/utils/helpers.py	343	def	create_tool_definition
src/khoj/utils/helpers.py	415	class	ConversationCommand
src/khoj/utils/helpers.py	699	class	ImageIntentType
src/khoj/utils/helpers.py	713	def	generate_random_name
src/khoj/utils/helpers.py	739	def	generate_random_internal_agent_name
src/khoj/utils/helpers.py	751	def	batcher
src/khoj/utils/helpers.py	761	def	is_env_var_true
src/khoj/utils/helpers.py	766	def	in_debug_mode
src/khoj/utils/helpers.py	772	def	is_promptrace_enabled
src/khoj/utils/helpers.py	778	def	is_operator_enabled
src/khoj/utils/helpers.py	784	def	is_code_sandbox_enabled
src/khoj/utils/helpers.py	790	def	is_valid_url
src/khoj/utils/helpers.py	799	def	is_internet_connected
src/khoj/utils/helpers.py	807	def	is_web_search_enabled
src/khoj/utils/helpers.py	824	def	is_internal_url
src/khoj/utils/helpers.py	864	def	convert_image_to_webp
src/khoj/utils/helpers.py	877	def	convert_image_data_uri
src/khoj/utils/helpers.py	903	class	ImageShape
src/khoj/utils/helpers.py	909	def	truncate_code_context
src/khoj/utils/helpers.py	940	def	tz_to_cc_map
src/khoj/utils/helpers.py	950	def	get_country_code_from_timezone
src/khoj/utils/helpers.py	955	def	get_country_name_from_timezone
src/khoj/utils/helpers.py	960	def	get_cost_of_chat_message
src/khoj/utils/helpers.py	983	def	get_encoder
src/khoj/utils/helpers.py	1000	def	count_tokens
src/khoj/utils/helpers.py	1047	def	get_chat_usage_metrics
src/khoj/utils/helpers.py	1089	class	AiApiInfo
src/khoj/utils/helpers.py	1096	def	get_gcp_credentials
src/khoj/utils/helpers.py	1106	def	get_gcp_project_info
src/khoj/utils/helpers.py	1126	def	get_ai_api_info
src/khoj/utils/helpers.py	1141	def	get_openai_client
src/khoj/utils/helpers.py	1158	def	get_openai_async_client
src/khoj/utils/helpers.py	1175	def	get_anthropic_client
src/khoj/utils/helpers.py	1188	def	get_anthropic_async_client
src/khoj/utils/helpers.py	1201	def	get_gemini_client
src/khoj/utils/helpers.py	1212	def	normalize_email
src/khoj/utils/helpers.py	1222	def	clean_text_for_db
src/khoj/utils/helpers.py	1233	def	clean_object_for_db
src/khoj/utils/helpers.py	1245	def	dict_to_tuple
src/khoj/utils/initialization.py	25	def	initialization
src/khoj/utils/initialization.py	26	def	_create_admin_user
src/khoj/utils/initialization.py	40	def	_create_chat_configuration
src/khoj/utils/initialization.py	148	def	_setup_chat_model_provider
src/khoj/utils/initialization.py	210	def	_update_chat_model_options
src/khoj/utils/jsonl.py	11	def	load_jsonl
src/khoj/utils/jsonl.py	36	def	compress_jsonl_data
src/khoj/utils/models.py	9	class	BaseEncoder
src/khoj/utils/models.py	11	def	__init__
src/khoj/utils/models.py	14	def	encode
src/khoj/utils/models.py	17	class	OpenAI
src/khoj/utils/models.py	18	def	__init__
src/khoj/utils/models.py	23	def	encode
src/khoj/utils/rawconfig.py	11	class	ConfigBase
src/khoj/utils/rawconfig.py	12	class	Config
src/khoj/utils/rawconfig.py	16	def	__getitem__
src/khoj/utils/rawconfig.py	19	def	__setitem__
src/khoj/utils/rawconfig.py	23	class	LocationData
src/khoj/utils/rawconfig.py	29	def	__str__
src/khoj/utils/rawconfig.py	40	class	FileFilterRequest
src/khoj/utils/rawconfig.py	45	class	FilesFilterRequest
src/khoj/utils/rawconfig.py	50	class	GithubRepoConfig
src/khoj/utils/rawconfig.py	56	class	GithubContentConfig
src/khoj/utils/rawconfig.py	61	class	NotionContentConfig
src/khoj/utils/rawconfig.py	65	class	SearchResponse
src/khoj/utils/rawconfig.py	73	class	FileData
src/khoj/utils/rawconfig.py	80	class	FileAttachment
src/khoj/utils/rawconfig.py	87	class	ChatRequestBody
src/khoj/utils/rawconfig.py	105	class	Entry
src/khoj/utils/rawconfig.py	113	def	__init__
src/khoj/utils/rawconfig.py	136	def	to_json
src/khoj/utils/rawconfig.py	139	def	__repr__
src/khoj/utils/rawconfig.py	143	def	from_dict
src/khoj/utils/yaml.py	7	def	yaml_dump
src/telemetry/telemetry.py	22	def	v1_telemetry
tests/conftest.py	43	def	enable_db_access_for_all_tests
tests/conftest.py	48	def	django_db_setup
tests/conftest.py	55	def	search_config
tests/conftest.py	68	def	default_user
tests/conftest.py	75	def	default_user2
tests/conftest.py	89	def	default_user3
tests/conftest.py	106	def	default_user4
tests/conftest.py	123	def	api_user
tests/conftest.py	135	def	api_user2
tests/conftest.py	147	def	api_user3
tests/conftest.py	159	def	api_user4
tests/conftest.py	171	def	default_openai_chat_model_option
tests/conftest.py	177	def	openai_agent
tests/conftest.py	187	def	default_process_lock
tests/conftest.py	192	def	anyio_backend
tests/conftest.py	197	def	chat_client
tests/conftest.py	202	def	chat_client_with_auth
tests/conftest.py	207	def	chat_client_no_background
tests/conftest.py	212	def	chat_client_with_large_kb
tests/conftest.py	221	def	chat_client_builder
tests/conftest.py	256	def	large_kb_chat_client_builder
tests/conftest.py	295	def	example_function_
tests/conftest.py	299	class	TestClass
tests/conftest.py	300	def	__init__
tests/conftest.py	304	def	process
tests/conftest.py	370	def	fastapi_app
tests/conftest.py	379	def	client
tests/conftest.py	412	def	pdf_configured_user1
tests/conftest.py	424	def	sample_org_data
tests/evals/eval.py	53	class	Counter
tests/evals/eval.py	56	def	__init__
tests/evals/eval.py	60	def	add
tests/evals/eval.py	64	def	get
tests/evals/eval.py	75	def	get_article_filename
tests/evals/eval.py	82	def	extract_prompt_ids_from_filename
tests/evals/eval.py	87	def	extract_article_url_from_filename
tests/evals/eval.py	93	def	get_articles_by_prompt_id
tests/evals/eval.py	100	def	has_prompt_id
tests/evals/eval.py	112	def	load_frames_kb
tests/evals/eval.py	134	def	index_frames_kb
tests/evals/eval.py	185	def	load_frames_dataset
tests/evals/eval.py	208	def	load_simpleqa_dataset
tests/evals/eval.py	251	def	load_gpqa_dataset
tests/evals/eval.py	265	def	format_multiple_choice_question
tests/evals/eval.py	323	def	load_math500_dataset
tests/evals/eval.py	347	def	get_agent_response
tests/evals/eval.py	378	def	calculate_precision_recall
tests/evals/eval.py	388	def	calculate_fi
tests/evals/eval.py	393	def	evaluate_response_for_ir
tests/evals/eval.py	434	def	evaluate_response_with_mcq_match
tests/evals/eval.py	466	def	evaluate_response_with_gemini
tests/evals/eval.py	519	def	process_batch
tests/evals/eval.py	590	def	color_text
tests/evals/eval.py	600	def	clean_json
tests/evals/eval.py	605	def	parse_args
tests/evals/eval.py	623	def	main
tests/helpers.py	32	def	get_chat_provider
tests/helpers.py	46	def	get_chat_api_key
tests/helpers.py	58	def	generate_chat_history
tests/helpers.py	74	def	get_sample_data
tests/helpers.py	174	def	get_index_files
tests/helpers.py	208	class	UserFactory
tests/helpers.py	209	class	Meta
tests/helpers.py	218	class	ApiUserFactory
tests/helpers.py	219	class	Meta
tests/helpers.py	227	class	AiModelApiFactory
tests/helpers.py	228	class	Meta
tests/helpers.py	234	class	ChatModelFactory
tests/helpers.py	235	class	Meta
tests/helpers.py	245	class	UserConversationProcessorConfigFactory
tests/helpers.py	246	class	Meta
tests/helpers.py	253	class	ConversationFactory
tests/helpers.py	254	class	Meta
tests/helpers.py	260	class	SearchModelFactory
tests/helpers.py	261	class	Meta
tests/helpers.py	270	class	SubscriptionFactory
tests/helpers.py	271	class	Meta
tests/helpers.py	280	class	ProcessLockFactory
tests/helpers.py	281	class	Meta
tests/helpers.py	287	class	ServerChatSettingsFactory
tests/helpers.py	288	class	Meta
tests/helpers.py	295	def	acreate_user
tests/helpers.py	299	def	acreate_subscription
tests/helpers.py	303	def	acreate_chat_model
tests/helpers.py	307	def	acreate_default_agent
tests/helpers.py	311	def	acreate_agent
tests/helpers.py	319	def	acreate_test_memory
tests/test_agents.py	15	def	test_create_default_agent
tests/test_agents.py	28	def	test_create_or_update_agent
tests/test_agents.py	49	def	test_create_or_update_agent_with_knowledge_base
tests/test_agents.py	81	def	test_create_or_update_agent_with_knowledge_base_and_search
tests/test_agents.py	105	def	test_agent_with_knowledge_base_and_search_not_creator
tests/test_agents.py	129	def	test_agent_with_knowledge_base_and_search_not_creator_and_private
tests/test_agents.py	153	def	test_agent_with_knowledge_base_and_search_not_creator_and_private_accessible_to_none
tests/test_agents.py	177	def	test_multiple_agents_with_knowledge_base_and_users
tests/test_agents.py	217	def	test_large_knowledge_base_atomic_update
tests/test_agents.py	320	def	test_concurrent_agent_updates_atomicity
tests/test_agents.py	350	def	update_agent_with_files
tests/test_api_automation.py	11	def	setup_scheduler
tests/test_api_automation.py	19	def	create_test_automation
tests/test_api_automation.py	36	def	test_create_automation
tests/test_api_automation.py	60	def	test_get_automations
tests/test_api_automation.py	77	def	test_delete_automation
tests/test_api_automation.py	96	def	test_edit_automation
tests/test_api_automation.py	123	def	test_trigger_automation
tests/test_cli.py	9	def	test_cli_minimal_default
tests/test_client.py	20	def	test_search_with_no_auth_key
tests/test_client.py	32	def	test_search_with_invalid_auth_key
tests/test_client.py	46	def	test_search_with_invalid_content_type
tests/test_client.py	60	def	test_search_with_valid_content_type
tests/test_client.py	71	def	test_index_update_with_no_auth_key
tests/test_client.py	84	def	test_index_update_with_invalid_auth_key
tests/test_client.py	98	def	test_update_with_invalid_content_type
tests/test_client.py	111	def	test_regenerate_with_invalid_content_type
tests/test_client.py	124	def	test_index_update_big_files
tests/test_client.py	141	def	test_index_update_medium_file_unsubscribed
tests/test_client.py	157	def	test_index_update_normal_file_unsubscribed
tests/test_client.py	173	def	test_index_update_big_files_no_billing
tests/test_client.py	188	def	test_index_update
tests/test_client.py	202	def	test_index_update_fails_if_more_than_1000_files
tests/test_client.py	222	def	test_regenerate_with_valid_content_type
tests/test_client.py	237	def	test_regenerate_with_github_fails_without_pat
tests/test_client.py	254	def	test_get_configured_types_via_api
tests/test_client.py	266	def	test_get_api_config_types
tests/test_client.py	281	def	test_get_configured_types_with_no_content_config
tests/test_client.py	297	def	test_notes_search
tests/test_client.py	316	def	test_notes_search_no_results
tests/test_client.py	332	def	test_notes_search_with_only_filters
tests/test_client.py	355	def	test_notes_search_with_include_filter
tests/test_client.py	373	def	test_notes_search_with_exclude_filter
tests/test_client.py	396	def	test_notes_search_requires_parent_context
tests/test_client.py	415	def	test_different_user_data_not_accessed
tests/test_client.py	432	def	test_user_no_data_returns_empty
tests/test_client.py	450	def	test_chat_with_unauthenticated_user
tests/test_client.py	464	def	get_sample_files_data
tests/test_client.py	492	def	get_big_size_sample_files_data
tests/test_client.py	503	def	get_medium_size_sample_files_data
tests/test_conversation_utils.py	9	class	TestTruncateMessage
tests/test_conversation_utils.py	14	def	test_truncate_message_all_small
tests/test_conversation_utils.py	28	def	test_truncate_message_only_oldest_big
tests/test_conversation_utils.py	43	def	test_truncate_message_with_image
tests/test_conversation_utils.py	64	def	test_truncate_message_with_content_list
tests/test_conversation_utils.py	90	def	test_truncate_message_first_large
tests/test_conversation_utils.py	112	def	test_truncate_message_large_system_message_first
tests/test_conversation_utils.py	134	def	test_truncate_single_large_non_system_message
tests/test_conversation_utils.py	155	def	test_truncate_single_large_question
tests/test_conversation_utils.py	177	class	TestLoadComplexJson
tests/test_conversation_utils.py	178	def	test_load_complex_raw_json_string
tests/test_conversation_utils.py	189	def	test_load_complex_json_with_python_code
tests/test_conversation_utils.py	202	def	test_load_complex_json_inline
tests/test_conversation_utils.py	219	def	generate_content
tests/test_conversation_utils.py	223	def	generate_chat_history
tests/test_date_filter.py	10	def	test_extract_date_range
tests/test_date_filter.py	37	def	test_parse
tests/test_date_filter.py	99	def	test_date_filter_regex
tests/test_date_filter.py	119	def	test_get_date_filter_terms
tests/test_date_filter.py	139	def	test_date_extraction
tests/test_date_filter.py	176	def	test_natual_date_extraction
tests/test_db_lock.py	11	def	test_process_lock
tests/test_db_lock.py	20	def	test_expired_process_lock
tests/test_db_lock.py	32	def	test_in_progress_lock
tests/test_db_lock.py	44	def	test_run_with_completed
tests/test_db_lock.py	56	def	test_nonexistent_lock
tests/test_docx_to_entries.py	4	def	test_single_page_docx_to_jsonl
tests/test_docx_to_entries.py	21	def	test_multi_page_docx_to_jsonl
tests/test_file_filter.py	6	class	Entry
tests/test_file_filter.py	7	def	__init__
tests/test_file_filter.py	13	def	test_can_filter_no_file_filter
tests/test_file_filter.py	25	def	test_can_filter_non_existent_file
tests/test_file_filter.py	37	def	test_can_filter_single_file_include
tests/test_file_filter.py	49	def	test_can_filter_single_file_exclude
tests/test_file_filter.py	61	def	test_can_filter_file_with_regex_match
tests/test_file_filter.py	73	def	test_can_filter_multiple_file_includes
tests/test_file_filter.py	85	def	test_get_single_include_file_filter_terms
tests/test_file_filter.py	97	def	test_get_single_exclude_file_filter_terms
tests/test_file_filter.py	109	def	test_get_single_include_exclude_file_filter_terms
tests/test_file_filter.py	121	def	test_get_multiple_include_exclude_file_filter_terms
tests/test_file_filter.py	135	def	arrange_content
tests/test_grep_files.py	13	def	default_user
tests/test_grep_files.py	24	def	test_grep_files_simple_match
tests/test_grep_files.py	53	def	test_grep_files_no_match
tests/test_grep_files.py	81	def	test_grep_files_with_path_prefix
tests/test_grep_files.py	117	def	test_grep_files_with_context
tests/test_grep_files.py	152	def	test_grep_files_invalid_regex
tests/test_grep_files.py	172	def	test_grep_files_multiple_files
tests/test_grep_files.py	225	def	test_grep_files_financial_entries_regex_patterns
tests/test_helpers.py	17	def	test_get_from_null_dict
tests/test_helpers.py	36	def	test_merge_dicts
tests/test_helpers.py	47	def	test_lru_cache
tests/test_helpers.py	63	def	test_encode_docs_memory_leak
tests/test_helpers.py	91	def	test_reading_webpage
tests/test_helpers.py	107	def	test_reading_webpage_with_olostep
tests/test_image_to_entries.py	4	def	test_png_to_jsonl
tests/test_image_to_entries.py	13	def	test_jpg_to_jsonl
tests/test_markdown_to_entries.py	8	def	test_extract_markdown_with_no_headings
tests/test_markdown_to_entries.py	35	def	test_extract_single_markdown_entry
tests/test_markdown_to_entries.py	55	def	test_extract_multiple_markdown_entries
tests/test_markdown_to_entries.py	81	def	test_extract_entries_with_different_level_headings
tests/test_markdown_to_entries.py	104	def	test_extract_entries_with_non_incremental_heading_levels
tests/test_markdown_to_entries.py	129	def	test_extract_entries_with_text_before_headings
tests/test_markdown_to_entries.py	157	def	test_parse_markdown_file_into_single_entry_if_small
tests/test_markdown_to_entries.py	180	def	test_parse_markdown_entry_with_children_as_single_entry_if_small
tests/test_markdown_to_entries.py	213	def	test_line_number_tracking_in_recursive_split
tests/test_markdown_to_entries.py	268	def	create_file
tests/test_markdown_to_entries.py	276	def	clean
tests/test_memory_settings.py	38	def	test_memory_enabled_no_server_config_no_user_config
tests/test_memory_settings.py	49	def	test_memory_enabled_no_server_config_user_enabled
tests/test_memory_settings.py	61	def	test_memory_enabled_no_server_config_user_disabled
tests/test_memory_settings.py	76	def	test_memory_disabled_server_disabled_no_user_config
tests/test_memory_settings.py	88	def	test_memory_disabled_server_disabled_user_enabled
tests/test_memory_settings.py	101	def	test_memory_disabled_server_disabled_user_disabled
tests/test_memory_settings.py	117	def	test_memory_enabled_default_off_no_user_config
tests/test_memory_settings.py	129	def	test_memory_enabled_default_off_user_enabled
tests/test_memory_settings.py	142	def	test_memory_enabled_default_off_user_disabled
tests/test_memory_settings.py	158	def	test_memory_enabled_default_on_no_user_config
tests/test_memory_settings.py	170	def	test_memory_enabled_default_on_user_enabled
tests/test_memory_settings.py	183	def	test_memory_enabled_default_on_user_disabled
tests/test_memory_settings.py	199	def	test_get_user_config_memory_no_server_config
tests/test_memory_settings.py	215	def	test_get_user_config_memory_server_disabled
tests/test_memory_settings.py	232	def	test_get_user_config_memory_server_enabled_default_off_user_opted_in
tests/test_memory_settings.py	250	def	test_get_user_config_memory_server_enabled_default_on_user_opted_out
tests/test_memory_settings.py	274	def	test_pull_memories_default_agent_sees_all_memories
tests/test_memory_settings.py	306	def	test_pull_memories_custom_agent_sees_only_own_memories
tests/test_memory_settings.py	341	def	test_pull_memories_no_agent_same_as_default_agent
tests/test_memory_settings.py	373	def	test_save_memory_with_custom_agent_scopes_to_agent
tests/test_memory_settings.py	402	def	test_save_memory_with_default_agent_has_no_agent_scope
tests/test_memory_settings.py	424	def	test_memories_isolated_between_users
tests/test_memory_settings.py	453	def	test_custom_agent_cannot_see_other_custom_agent_memories
tests/test_multiple_users.py	13	def	test_search_for_user2_returns_empty
tests/test_multiple_users.py	26	def	test_index_update_with_user2
tests/test_multiple_users.py	44	def	test_index_update_with_user2_inaccessible_user1
tests/test_multiple_users.py	66	def	test_different_user_data_not_accessed
tests/test_multiple_users.py	81	def	get_sample_files_data
tests/test_online_chat_actors.py	39	def	test_extract_question_with_date_filter_from_relative_day
tests/test_online_chat_actors.py	59	def	test_extract_question_with_date_filter_from_relative_month
tests/test_online_chat_actors.py	76	def	test_extract_question_with_date_filter_from_relative_year
tests/test_online_chat_actors.py	96	def	test_extract_multiple_explicit_questions_from_message
tests/test_online_chat_actors.py	111	def	test_extract_multiple_implicit_questions_from_message
tests/test_online_chat_actors.py	129	def	test_generate_search_query_using_question_from_chat_history
tests/test_online_chat_actors.py	148	def	test_generate_search_query_using_answer_from_chat_history
tests/test_online_chat_actors.py	167	def	test_generate_search_query_using_question_and_answer_from_chat_history
tests/test_online_chat_actors.py	186	def	test_chat_with_no_chat_history_or_retrieved_content
tests/test_online_chat_actors.py	207	def	test_answer_from_chat_history_and_no_content
tests/test_online_chat_actors.py	235	def	test_answer_from_chat_history_and_previously_retrieved_content
tests/test_online_chat_actors.py	266	def	test_answer_from_chat_history_and_currently_retrieved_content
tests/test_online_chat_actors.py	294	def	test_refuse_answering_unanswerable_question
tests/test_online_chat_actors.py	331	def	test_answer_requires_current_date_awareness
tests/test_online_chat_actors.py	377	def	test_answer_requires_date_aware_aggregation_across_provided_notes
tests/test_online_chat_actors.py	420	def	test_answer_general_question_not_in_chat_history_or_retrieved_content
tests/test_online_chat_actors.py	450	def	test_ask_for_clarification_if_not_enough_context_in_question
tests/test_online_chat_actors.py	496	def	test_agent_prompt_should_be_used
tests/test_online_chat_actors.py	534	def	test_websearch_with_operators
tests/test_online_chat_actors.py	554	def	test_websearch_khoj_website_for_info_about_khoj
tests/test_online_chat_actors.py	603	def	test_select_data_sources_actor_chooses_to_search_notes
tests/test_online_chat_actors.py	617	def	test_get_correct_tools_with_chat_history
tests/test_online_chat_actors.py	641	def	test_infer_webpage_urls_actor_extracts_correct_links
tests/test_online_chat_actors.py	684	def	test_infer_task_scheduling_request
tests/test_online_chat_actors.py	733	def	test_decision_on_when_to_notify_scheduled_task_results
tests/test_online_chat_actors.py	745	def	populate_chat_history
tests/test_online_chat_director.py	22	def	create_conversation
tests/test_online_chat_director.py	34	def	test_chat_with_no_chat_history_or_retrieved_content
tests/test_online_chat_director.py	50	def	test_chat_with_online_content
tests/test_online_chat_director.py	70	def	test_chat_with_online_webpage_content
tests/test_online_chat_director.py	87	def	test_answer_from_chat_history
tests/test_online_chat_director.py	110	def	test_answer_from_currently_retrieved_content
tests/test_online_chat_director.py	134	def	test_answer_from_chat_history_and_previously_retrieved_content
tests/test_online_chat_director.py	161	def	test_answer_from_chat_history_and_currently_retrieved_content
tests/test_online_chat_director.py	185	def	test_no_answer_in_chat_history_or_retrieved_content
tests/test_online_chat_director.py	218	def	test_answer_using_general_command
tests/test_online_chat_director.py	236	def	test_answer_from_retrieved_content_using_notes_command
tests/test_online_chat_director.py	254	def	test_answer_not_known_using_notes_command
tests/test_online_chat_director.py	272	def	test_summarize_one_file
tests/test_online_chat_director.py	303	def	test_summarize_extra_text
tests/test_online_chat_director.py	334	def	test_summarize_multiple_files
tests/test_online_chat_director.py	361	def	test_summarize_no_files
tests/test_online_chat_director.py	377	def	test_summarize_different_conversation
tests/test_online_chat_director.py	424	def	test_summarize_nonexistant_file
tests/test_online_chat_director.py	441	def	test_summarize_diff_user_file
tests/test_online_chat_director.py	477	def	test_answer_requires_current_date_awareness
tests/test_online_chat_director.py	495	def	test_answer_requires_date_aware_aggregation_across_provided_notes
tests/test_online_chat_director.py	510	def	test_answer_general_question_not_in_chat_history_or_retrieved_content
tests/test_online_chat_director.py	536	def	test_ask_for_clarification_if_not_enough_context_in_question
tests/test_online_chat_director.py	563	def	test_answer_in_chat_history_beyond_lookback_window
tests/test_online_chat_director.py	588	def	test_answer_in_chat_history_by_conversation_id
tests/test_online_chat_director.py	621	def	test_answer_in_chat_history_by_conversation_id_with_agent
tests/test_online_chat_director.py	654	def	test_answer_requires_multiple_independent_searches
tests/test_online_chat_director.py	676	def	test_answer_using_file_filter
tests/test_org_to_entries.py	11	def	test_configure_indexing_heading_only_entries
tests/test_org_to_entries.py	44	def	test_extract_entries_when_child_headings_have_same_prefix
tests/test_org_to_entries.py	73	def	test_entry_split_when_exceeds_max_tokens
tests/test_org_to_entries.py	99	def	test_entry_split_drops_large_words
tests/test_org_to_entries.py	124	def	test_parse_org_file_into_single_entry_if_small
tests/test_org_to_entries.py	155	def	test_parse_org_entry_with_children_as_single_entry_if_small
tests/test_org_to_entries.py	205	def	test_separate_sibling_org_entries_if_all_cannot_fit_in_token_limit
tests/test_org_to_entries.py	267	def	test_entry_with_body_to_entry
tests/test_org_to_entries.py	290	def	test_file_with_entry_after_intro_text_to_entry
tests/test_org_to_entries.py	312	def	test_file_with_no_headings_to_entry
tests/test_org_to_entries.py	332	def	test_extract_entries_with_different_level_headings
tests/test_org_to_entries.py	355	def	test_line_number_tracking_in_recursive_split
tests/test_org_to_entries.py	412	def	create_file
tests/test_org_to_entries.py	420	def	clean
tests/test_orgnode.py	8	def	test_parse_entry_with_no_headings
tests/test_orgnode.py	30	def	test_parse_minimal_entry
tests/test_orgnode.py	54	def	test_parse_complete_entry
tests/test_orgnode.py	89	def	test_render_entry_with_property_drawer_and_empty_body
tests/test_orgnode.py	116	def	test_all_links_to_entry_rendered
tests/test_orgnode.py	144	def	test_parse_multiple_entries
tests/test_orgnode.py	194	def	test_parse_entry_with_empty_title
tests/test_orgnode.py	217	def	test_parse_entry_with_title_and_no_headings
tests/test_orgnode.py	241	def	test_parse_entry_with_multiple_titles_and_no_headings
tests/test_orgnode.py	266	def	test_parse_org_with_intro_text_before_heading
tests/test_orgnode.py	290	def	test_parse_org_with_intro_text_multiple_titles_and_heading
tests/test_orgnode.py	314	def	test_parse_org_with_single_ancestor_heading
tests/test_orgnode.py	336	def	test_parse_org_with_multiple_ancestor_headings
tests/test_orgnode.py	362	def	test_parse_org_with_multiple_ancestor_headings_of_siblings
tests/test_orgnode.py	397	def	create_file
tests/test_pdf_to_entries.py	9	def	test_single_page_pdf_to_jsonl
tests/test_pdf_to_entries.py	25	def	test_multi_page_pdf_to_jsonl
tests/test_pdf_to_entries.py	41	def	test_ocr_page_pdf_to_jsonl
tests/test_pdf_to_entries.py	63	def	create_file
tests/test_plaintext_to_entries.py	7	def	test_plaintext_file
tests/test_plaintext_to_entries.py	33	def	test_parse_html_plaintext_file
tests/test_plaintext_to_entries.py	57	def	test_large_plaintext_file_split_into_multiple_entries
tests/test_plaintext_to_entries.py	94	def	create_file
tests/test_text_search.py	22	def	test_text_search_setup_with_empty_file_creates_no_entries
tests/test_text_search.py	47	def	test_text_indexer_deletes_embedding_before_regenerate
tests/test_text_search.py	71	def	test_text_index_same_if_content_unchanged
tests/test_text_search.py	100	def	test_text_search
tests/test_text_search.py	132	def	test_entry_chunking_by_max_tokens
tests/test_text_search.py	155	def	test_entry_chunking_by_max_tokens_not_full_corpus
tests/test_text_search.py	208	def	test_regenerate_index_with_new_entry
tests/test_text_search.py	245	def	test_update_index_with_duplicate_entries_in_stable_order
tests/test_text_search.py	282	def	test_update_index_with_deleted_entry
tests/test_text_search.py	318	def	test_update_index_with_new_entry
tests/test_text_search.py	352	def	test_update_index_with_deleted_file
tests/test_text_search.py	387	def	test_text_search_setup_github
tests/test_text_search.py	406	def	verify_embeddings
tests/test_word_filter.py	6	class	Entry
tests/test_word_filter.py	7	def	__init__
tests/test_word_filter.py	14	def	test_no_word_filter
tests/test_word_filter.py	31	def	test_word_exclude_filter
tests/test_word_filter.py	44	def	test_word_include_filter
tests/test_word_filter.py	57	def	test_word_include_and_exclude_filter
tests/test_word_filter.py	70	def	test_get_word_filter_terms
tests/test_word_filter.py	82	def	arrange_content
